<?xml version="1.0" encoding="UTF-8"?>
<gpx creator="StravaGPX" version="1.1" xmlns="http://www.topografix.com/GPX/1/1" xmlns:xsi="http://www.w3.org/2001/XMLSchema-instance" xsi:schemaLocation="http://www.topografix.com/GPX/1/1 http://www.topografix.com/GPX/1/1/gpx.xsd">
 <metadata>
  <time>2025-11-16T11:42:09Z</time>
 </metadata>
 <trk>
  <name>10</name>
  <type>running</type>
  <trkseg>
   <trkpt lat="4.0928830" lon="-76.1872690">
    <ele>973.1</ele>
    <time>2025-11-16T11:42:09Z</time>
   </trkpt>
   <trkpt lat="4.0928840" lon="-76.1872800">
    <ele>973.1</ele>
    <time>2025-11-16T11:42:10Z</time>
   </trkpt>
   <trkpt lat="4.0928830" lon="-76.1872970">
    <ele>973.1</ele>
    <time>2025-11-16T11:42:11Z</time>
   </trkpt>
   <trkpt lat="4.0928840" lon="-76.1873140">
    <ele>973.1</ele>
    <time>2025-11-16T11:42:12Z</time>
   </trkpt>
   <trkpt lat="4.0928800" lon="-76.1873460">
    <ele>973.1</ele>
    <time>2025-11-16T11:42:13Z</time>
   </trkpt>
   <trkpt lat="4.0928760" lon="-76.1873560">
    <ele>973.1</ele>
    <time>2025-11-16T11:42:14Z</time>
   </trkpt>
   <trkpt lat="4.0928650" lon="-76.1873730">
    <ele>973.1</ele>
    <time>2025-11-16T11:42:15Z</time>
   </trkpt>
   <trkpt lat="4.0928820" lon="-76.1874050">
    <ele>973.0</ele>
    <time>2025-11-16T11:42:16Z</time>
   </trkpt>
   <trkpt lat="4.0928600" lon="-76.1874290">
    <ele>973.0</ele>
    <time>2025-11-16T11:42:17Z</time>
   </trkpt>
   <trkpt lat="4.0928470" lon="-76.1874590">
    <ele>973.0</ele>
    <time>2025-11-16T11:42:18Z</time>
   </trkpt>
   <trkpt lat="4.0928410" lon="-76.1874690">
    <ele>973.0</ele>
    <time>2025-11-16T11:42:19Z</time>
   </trkpt>
   <trkpt lat="4.0928320" lon="-76.1875020">
    <ele>973.0</ele>
    <time>2025-11-16T11:42:20Z</time>
   </trkpt>
   <trkpt lat="4.0928230" lon="-76.1875110">
    <ele>973.0</ele>
    <time>2025-11-16T11:42:21Z</time>
   </trkpt>
   <trkpt lat="4.0928240" lon="-76.1875470">
    <ele>973.0</ele>
    <time>2025-11-16T11:42:22Z</time>
   </trkpt>
   <trkpt lat="4.0928220" lon="-76.1875600">
    <ele>973.0</ele>
    <time>2025-11-16T11:42:23Z</time>
   </trkpt>
   <trkpt lat="4.0928150" lon="-76.1875890">
    <ele>973.0</ele>
    <time>2025-11-16T11:42:24Z</time>
   </trkpt>
   <trkpt lat="4.0927960" lon="-76.1876150">
    <ele>973.0</ele>
    <time>2025-11-16T11:42:25Z</time>
   </trkpt>
   <trkpt lat="4.0927860" lon="-76.1876480">
    <ele>973.1</ele>
    <time>2025-11-16T11:42:26Z</time>
   </trkpt>
   <trkpt lat="4.0927840" lon="-76.1876820">
    <ele>973.1</ele>
    <time>2025-11-16T11:42:27Z</time>
   </trkpt>
   <trkpt lat="4.0927890" lon="-76.1877140">
    <ele>973.1</ele>
    <time>2025-11-16T11:42:28Z</time>
   </trkpt>
   <trkpt lat="4.0927860" lon="-76.1877420">
    <ele>973.1</ele>
    <time>2025-11-16T11:42:29Z</time>
   </trkpt>
   <trkpt lat="4.0927570" lon="-76.1877860">
    <ele>973.2</ele>
    <time>2025-11-16T11:42:30Z</time>
   </trkpt>
   <trkpt lat="4.0927400" lon="-76.1878220">
    <ele>973.2</ele>
    <time>2025-11-16T11:42:31Z</time>
   </trkpt>
   <trkpt lat="4.0927340" lon="-76.1878360">
    <ele>973.2</ele>
    <time>2025-11-16T11:42:32Z</time>
   </trkpt>
   <trkpt lat="4.0927370" lon="-76.1878740">
    <ele>973.3</ele>
    <time>2025-11-16T11:42:33Z</time>
   </trkpt>
   <trkpt lat="4.0927420" lon="-76.1878870">
    <ele>973.3</ele>
    <time>2025-11-16T11:42:34Z</time>
   </trkpt>
   <trkpt lat="4.0927270" lon="-76.1879140">
    <ele>973.3</ele>
    <time>2025-11-16T11:42:35Z</time>
   </trkpt>
   <trkpt lat="4.0927260" lon="-76.1879510">
    <ele>973.3</ele>
    <time>2025-11-16T11:42:36Z</time>
   </trkpt>
   <trkpt lat="4.0927240" lon="-76.1879610">
    <ele>973.3</ele>
    <time>2025-11-16T11:42:37Z</time>
   </trkpt>
   <trkpt lat="4.0927230" lon="-76.1880040">
    <ele>973.2</ele>
    <time>2025-11-16T11:42:38Z</time>
   </trkpt>
   <trkpt lat="4.0927160" lon="-76.1880220">
    <ele>973.2</ele>
    <time>2025-11-16T11:42:39Z</time>
   </trkpt>
   <trkpt lat="4.0926930" lon="-76.1880580">
    <ele>973.2</ele>
    <time>2025-11-16T11:42:40Z</time>
   </trkpt>
   <trkpt lat="4.0926790" lon="-76.1880700">
    <ele>973.2</ele>
    <time>2025-11-16T11:42:41Z</time>
   </trkpt>
   <trkpt lat="4.0926580" lon="-76.1881060">
    <ele>973.2</ele>
    <time>2025-11-16T11:42:42Z</time>
   </trkpt>
   <trkpt lat="4.0926490" lon="-76.1881170">
    <ele>973.2</ele>
    <time>2025-11-16T11:42:43Z</time>
   </trkpt>
   <trkpt lat="4.0926490" lon="-76.1881600">
    <ele>973.2</ele>
    <time>2025-11-16T11:42:44Z</time>
   </trkpt>
   <trkpt lat="4.0926430" lon="-76.1881870">
    <ele>973.1</ele>
    <time>2025-11-16T11:42:45Z</time>
   </trkpt>
   <trkpt lat="4.0926150" lon="-76.1882040">
    <ele>973.1</ele>
    <time>2025-11-16T11:42:46Z</time>
   </trkpt>
   <trkpt lat="4.0925890" lon="-76.1882260">
    <ele>973.1</ele>
    <time>2025-11-16T11:42:47Z</time>
   </trkpt>
   <trkpt lat="4.0925700" lon="-76.1882550">
    <ele>973.1</ele>
    <time>2025-11-16T11:42:48Z</time>
   </trkpt>
   <trkpt lat="4.0925470" lon="-76.1882850">
    <ele>973.1</ele>
    <time>2025-11-16T11:42:49Z</time>
   </trkpt>
   <trkpt lat="4.0925070" lon="-76.1883050">
    <ele>973.1</ele>
    <time>2025-11-16T11:42:50Z</time>
   </trkpt>
   <trkpt lat="4.0924760" lon="-76.1883260">
    <ele>973.0</ele>
    <time>2025-11-16T11:42:51Z</time>
   </trkpt>
   <trkpt lat="4.0924610" lon="-76.1883770">
    <ele>973.0</ele>
    <time>2025-11-16T11:42:52Z</time>
   </trkpt>
   <trkpt lat="4.0924550" lon="-76.1884060">
    <ele>973.0</ele>
    <time>2025-11-16T11:42:53Z</time>
   </trkpt>
   <trkpt lat="4.0924290" lon="-76.1884690">
    <ele>973.0</ele>
    <time>2025-11-16T11:42:54Z</time>
   </trkpt>
   <trkpt lat="4.0924320" lon="-76.1885100">
    <ele>973.0</ele>
    <time>2025-11-16T11:42:55Z</time>
   </trkpt>
   <trkpt lat="4.0924180" lon="-76.1885590">
    <ele>972.9</ele>
    <time>2025-11-16T11:42:56Z</time>
   </trkpt>
   <trkpt lat="4.0923790" lon="-76.1886020">
    <ele>972.9</ele>
    <time>2025-11-16T11:42:57Z</time>
   </trkpt>
   <trkpt lat="4.0923590" lon="-76.1886250">
    <ele>972.9</ele>
    <time>2025-11-16T11:42:58Z</time>
   </trkpt>
   <trkpt lat="4.0923310" lon="-76.1886520">
    <ele>972.9</ele>
    <time>2025-11-16T11:42:59Z</time>
   </trkpt>
   <trkpt lat="4.0923200" lon="-76.1886920">
    <ele>972.9</ele>
    <time>2025-11-16T11:43:00Z</time>
   </trkpt>
   <trkpt lat="4.0922930" lon="-76.1887280">
    <ele>972.9</ele>
    <time>2025-11-16T11:43:01Z</time>
   </trkpt>
   <trkpt lat="4.0922500" lon="-76.1887460">
    <ele>972.9</ele>
    <time>2025-11-16T11:43:02Z</time>
   </trkpt>
   <trkpt lat="4.0922420" lon="-76.1887810">
    <ele>972.9</ele>
    <time>2025-11-16T11:43:03Z</time>
   </trkpt>
   <trkpt lat="4.0922200" lon="-76.1888150">
    <ele>972.9</ele>
    <time>2025-11-16T11:43:04Z</time>
   </trkpt>
   <trkpt lat="4.0922050" lon="-76.1888540">
    <ele>972.9</ele>
    <time>2025-11-16T11:43:05Z</time>
   </trkpt>
   <trkpt lat="4.0921710" lon="-76.1888830">
    <ele>972.8</ele>
    <time>2025-11-16T11:43:06Z</time>
   </trkpt>
   <trkpt lat="4.0921280" lon="-76.1888960">
    <ele>972.8</ele>
    <time>2025-11-16T11:43:07Z</time>
   </trkpt>
   <trkpt lat="4.0921120" lon="-76.1889240">
    <ele>972.8</ele>
    <time>2025-11-16T11:43:08Z</time>
   </trkpt>
   <trkpt lat="4.0920860" lon="-76.1889620">
    <ele>972.8</ele>
    <time>2025-11-16T11:43:09Z</time>
   </trkpt>
   <trkpt lat="4.0920560" lon="-76.1889790">
    <ele>972.8</ele>
    <time>2025-11-16T11:43:10Z</time>
   </trkpt>
   <trkpt lat="4.0920300" lon="-76.1890140">
    <ele>972.8</ele>
    <time>2025-11-16T11:43:11Z</time>
   </trkpt>
   <trkpt lat="4.0920030" lon="-76.1890560">
    <ele>972.8</ele>
    <time>2025-11-16T11:43:12Z</time>
   </trkpt>
   <trkpt lat="4.0919770" lon="-76.1890780">
    <ele>972.7</ele>
    <time>2025-11-16T11:43:13Z</time>
   </trkpt>
   <trkpt lat="4.0919530" lon="-76.1891100">
    <ele>972.7</ele>
    <time>2025-11-16T11:43:14Z</time>
   </trkpt>
   <trkpt lat="4.0919490" lon="-76.1891410">
    <ele>972.7</ele>
    <time>2025-11-16T11:43:15Z</time>
   </trkpt>
   <trkpt lat="4.0919260" lon="-76.1891630">
    <ele>972.7</ele>
    <time>2025-11-16T11:43:16Z</time>
   </trkpt>
   <trkpt lat="4.0918790" lon="-76.1891990">
    <ele>972.7</ele>
    <time>2025-11-16T11:43:17Z</time>
   </trkpt>
   <trkpt lat="4.0918620" lon="-76.1892380">
    <ele>972.7</ele>
    <time>2025-11-16T11:43:18Z</time>
   </trkpt>
   <trkpt lat="4.0918640" lon="-76.1892710">
    <ele>972.7</ele>
    <time>2025-11-16T11:43:19Z</time>
   </trkpt>
   <trkpt lat="4.0917850" lon="-76.1892960">
    <ele>972.7</ele>
    <time>2025-11-16T11:43:20Z</time>
   </trkpt>
   <trkpt lat="4.0917560" lon="-76.1893310">
    <ele>972.7</ele>
    <time>2025-11-16T11:43:21Z</time>
   </trkpt>
   <trkpt lat="4.0917240" lon="-76.1893550">
    <ele>972.7</ele>
    <time>2025-11-16T11:43:22Z</time>
   </trkpt>
   <trkpt lat="4.0917010" lon="-76.1893830">
    <ele>972.7</ele>
    <time>2025-11-16T11:43:23Z</time>
   </trkpt>
   <trkpt lat="4.0916900" lon="-76.1893910">
    <ele>972.7</ele>
    <time>2025-11-16T11:43:24Z</time>
   </trkpt>
   <trkpt lat="4.0916690" lon="-76.1894150">
    <ele>972.7</ele>
    <time>2025-11-16T11:43:25Z</time>
   </trkpt>
   <trkpt lat="4.0916410" lon="-76.1894320">
    <ele>972.7</ele>
    <time>2025-11-16T11:43:26Z</time>
   </trkpt>
   <trkpt lat="4.0916260" lon="-76.1894700">
    <ele>972.7</ele>
    <time>2025-11-16T11:43:27Z</time>
   </trkpt>
   <trkpt lat="4.0915950" lon="-76.1895010">
    <ele>972.8</ele>
    <time>2025-11-16T11:43:28Z</time>
   </trkpt>
   <trkpt lat="4.0915690" lon="-76.1895260">
    <ele>972.8</ele>
    <time>2025-11-16T11:43:29Z</time>
   </trkpt>
   <trkpt lat="4.0915460" lon="-76.1895530">
    <ele>972.8</ele>
    <time>2025-11-16T11:43:30Z</time>
   </trkpt>
   <trkpt lat="4.0915380" lon="-76.1895840">
    <ele>972.8</ele>
    <time>2025-11-16T11:43:31Z</time>
   </trkpt>
   <trkpt lat="4.0915070" lon="-76.1896070">
    <ele>972.8</ele>
    <time>2025-11-16T11:43:32Z</time>
   </trkpt>
   <trkpt lat="4.0914830" lon="-76.1896250">
    <ele>972.8</ele>
    <time>2025-11-16T11:43:33Z</time>
   </trkpt>
   <trkpt lat="4.0914650" lon="-76.1896500">
    <ele>972.8</ele>
    <time>2025-11-16T11:43:34Z</time>
   </trkpt>
   <trkpt lat="4.0914440" lon="-76.1896830">
    <ele>972.8</ele>
    <time>2025-11-16T11:43:35Z</time>
   </trkpt>
   <trkpt lat="4.0914120" lon="-76.1897080">
    <ele>972.8</ele>
    <time>2025-11-16T11:43:36Z</time>
   </trkpt>
   <trkpt lat="4.0913860" lon="-76.1897260">
    <ele>972.8</ele>
    <time>2025-11-16T11:43:37Z</time>
   </trkpt>
   <trkpt lat="4.0913550" lon="-76.1897540">
    <ele>972.8</ele>
    <time>2025-11-16T11:43:38Z</time>
   </trkpt>
   <trkpt lat="4.0913270" lon="-76.1897790">
    <ele>972.9</ele>
    <time>2025-11-16T11:43:39Z</time>
   </trkpt>
   <trkpt lat="4.0913090" lon="-76.1898010">
    <ele>972.9</ele>
    <time>2025-11-16T11:43:40Z</time>
   </trkpt>
   <trkpt lat="4.0912930" lon="-76.1898270">
    <ele>972.9</ele>
    <time>2025-11-16T11:43:41Z</time>
   </trkpt>
   <trkpt lat="4.0912630" lon="-76.1898550">
    <ele>972.9</ele>
    <time>2025-11-16T11:43:42Z</time>
   </trkpt>
   <trkpt lat="4.0912330" lon="-76.1898800">
    <ele>972.9</ele>
    <time>2025-11-16T11:43:43Z</time>
   </trkpt>
   <trkpt lat="4.0912040" lon="-76.1899040">
    <ele>973.0</ele>
    <time>2025-11-16T11:43:44Z</time>
   </trkpt>
   <trkpt lat="4.0911780" lon="-76.1899480">
    <ele>973.0</ele>
    <time>2025-11-16T11:43:45Z</time>
   </trkpt>
   <trkpt lat="4.0911450" lon="-76.1899640">
    <ele>973.0</ele>
    <time>2025-11-16T11:43:46Z</time>
   </trkpt>
   <trkpt lat="4.0911240" lon="-76.1899890">
    <ele>973.1</ele>
    <time>2025-11-16T11:43:47Z</time>
   </trkpt>
   <trkpt lat="4.0911020" lon="-76.1900110">
    <ele>973.1</ele>
    <time>2025-11-16T11:43:48Z</time>
   </trkpt>
   <trkpt lat="4.0910680" lon="-76.1900400">
    <ele>973.1</ele>
    <time>2025-11-16T11:43:49Z</time>
   </trkpt>
   <trkpt lat="4.0910540" lon="-76.1900540">
    <ele>973.1</ele>
    <time>2025-11-16T11:43:50Z</time>
   </trkpt>
   <trkpt lat="4.0910270" lon="-76.1900790">
    <ele>973.1</ele>
    <time>2025-11-16T11:43:51Z</time>
   </trkpt>
   <trkpt lat="4.0910140" lon="-76.1901060">
    <ele>973.2</ele>
    <time>2025-11-16T11:43:52Z</time>
   </trkpt>
   <trkpt lat="4.0909910" lon="-76.1901290">
    <ele>973.2</ele>
    <time>2025-11-16T11:43:53Z</time>
   </trkpt>
   <trkpt lat="4.0909630" lon="-76.1901640">
    <ele>973.2</ele>
    <time>2025-11-16T11:43:54Z</time>
   </trkpt>
   <trkpt lat="4.0909450" lon="-76.1901930">
    <ele>973.2</ele>
    <time>2025-11-16T11:43:55Z</time>
   </trkpt>
   <trkpt lat="4.0909270" lon="-76.1902150">
    <ele>973.2</ele>
    <time>2025-11-16T11:43:56Z</time>
   </trkpt>
   <trkpt lat="4.0908910" lon="-76.1902440">
    <ele>973.3</ele>
    <time>2025-11-16T11:43:57Z</time>
   </trkpt>
   <trkpt lat="4.0908630" lon="-76.1902640">
    <ele>973.3</ele>
    <time>2025-11-16T11:43:58Z</time>
   </trkpt>
   <trkpt lat="4.0908420" lon="-76.1903000">
    <ele>973.3</ele>
    <time>2025-11-16T11:43:59Z</time>
   </trkpt>
   <trkpt lat="4.0908320" lon="-76.1903120">
    <ele>973.3</ele>
    <time>2025-11-16T11:44:00Z</time>
   </trkpt>
   <trkpt lat="4.0908040" lon="-76.1903290">
    <ele>973.3</ele>
    <time>2025-11-16T11:44:01Z</time>
   </trkpt>
   <trkpt lat="4.0907760" lon="-76.1903620">
    <ele>973.4</ele>
    <time>2025-11-16T11:44:02Z</time>
   </trkpt>
   <trkpt lat="4.0907590" lon="-76.1903920">
    <ele>973.4</ele>
    <time>2025-11-16T11:44:03Z</time>
   </trkpt>
   <trkpt lat="4.0907400" lon="-76.1904210">
    <ele>973.4</ele>
    <time>2025-11-16T11:44:04Z</time>
   </trkpt>
   <trkpt lat="4.0907080" lon="-76.1904410">
    <ele>973.4</ele>
    <time>2025-11-16T11:44:05Z</time>
   </trkpt>
   <trkpt lat="4.0906800" lon="-76.1904680">
    <ele>973.5</ele>
    <time>2025-11-16T11:44:06Z</time>
   </trkpt>
   <trkpt lat="4.0906590" lon="-76.1905010">
    <ele>973.5</ele>
    <time>2025-11-16T11:44:07Z</time>
   </trkpt>
   <trkpt lat="4.0906310" lon="-76.1905270">
    <ele>973.5</ele>
    <time>2025-11-16T11:44:08Z</time>
   </trkpt>
   <trkpt lat="4.0906110" lon="-76.1905510">
    <ele>973.5</ele>
    <time>2025-11-16T11:44:09Z</time>
   </trkpt>
   <trkpt lat="4.0905880" lon="-76.1905670">
    <ele>973.6</ele>
    <time>2025-11-16T11:44:10Z</time>
   </trkpt>
   <trkpt lat="4.0905660" lon="-76.1906050">
    <ele>973.6</ele>
    <time>2025-11-16T11:44:11Z</time>
   </trkpt>
   <trkpt lat="4.0905460" lon="-76.1906310">
    <ele>973.6</ele>
    <time>2025-11-16T11:44:12Z</time>
   </trkpt>
   <trkpt lat="4.0905220" lon="-76.1906540">
    <ele>973.6</ele>
    <time>2025-11-16T11:44:13Z</time>
   </trkpt>
   <trkpt lat="4.0905070" lon="-76.1906850">
    <ele>973.7</ele>
    <time>2025-11-16T11:44:14Z</time>
   </trkpt>
   <trkpt lat="4.0904800" lon="-76.1907030">
    <ele>973.7</ele>
    <time>2025-11-16T11:44:15Z</time>
   </trkpt>
   <trkpt lat="4.0904610" lon="-76.1907360">
    <ele>973.7</ele>
    <time>2025-11-16T11:44:16Z</time>
   </trkpt>
   <trkpt lat="4.0904360" lon="-76.1907670">
    <ele>973.7</ele>
    <time>2025-11-16T11:44:17Z</time>
   </trkpt>
   <trkpt lat="4.0904150" lon="-76.1907890">
    <ele>973.8</ele>
    <time>2025-11-16T11:44:18Z</time>
   </trkpt>
   <trkpt lat="4.0903900" lon="-76.1908060">
    <ele>973.8</ele>
    <time>2025-11-16T11:44:19Z</time>
   </trkpt>
   <trkpt lat="4.0903780" lon="-76.1908360">
    <ele>973.8</ele>
    <time>2025-11-16T11:44:20Z</time>
   </trkpt>
   <trkpt lat="4.0903610" lon="-76.1908600">
    <ele>973.9</ele>
    <time>2025-11-16T11:44:21Z</time>
   </trkpt>
   <trkpt lat="4.0903370" lon="-76.1908890">
    <ele>973.9</ele>
    <time>2025-11-16T11:44:22Z</time>
   </trkpt>
   <trkpt lat="4.0903040" lon="-76.1909110">
    <ele>973.9</ele>
    <time>2025-11-16T11:44:23Z</time>
   </trkpt>
   <trkpt lat="4.0902870" lon="-76.1909420">
    <ele>974.0</ele>
    <time>2025-11-16T11:44:24Z</time>
   </trkpt>
   <trkpt lat="4.0902800" lon="-76.1909760">
    <ele>974.0</ele>
    <time>2025-11-16T11:44:25Z</time>
   </trkpt>
   <trkpt lat="4.0902550" lon="-76.1909980">
    <ele>974.0</ele>
    <time>2025-11-16T11:44:26Z</time>
   </trkpt>
   <trkpt lat="4.0902280" lon="-76.1910230">
    <ele>974.1</ele>
    <time>2025-11-16T11:44:27Z</time>
   </trkpt>
   <trkpt lat="4.0902070" lon="-76.1910530">
    <ele>974.1</ele>
    <time>2025-11-16T11:44:28Z</time>
   </trkpt>
   <trkpt lat="4.0901910" lon="-76.1910820">
    <ele>974.1</ele>
    <time>2025-11-16T11:44:29Z</time>
   </trkpt>
   <trkpt lat="4.0901610" lon="-76.1911000">
    <ele>974.2</ele>
    <time>2025-11-16T11:44:30Z</time>
   </trkpt>
   <trkpt lat="4.0901450" lon="-76.1911340">
    <ele>974.2</ele>
    <time>2025-11-16T11:44:31Z</time>
   </trkpt>
   <trkpt lat="4.0901340" lon="-76.1911630">
    <ele>974.3</ele>
    <time>2025-11-16T11:44:32Z</time>
   </trkpt>
   <trkpt lat="4.0901140" lon="-76.1911860">
    <ele>974.3</ele>
    <time>2025-11-16T11:44:33Z</time>
   </trkpt>
   <trkpt lat="4.0900930" lon="-76.1912100">
    <ele>974.3</ele>
    <time>2025-11-16T11:44:34Z</time>
   </trkpt>
   <trkpt lat="4.0900640" lon="-76.1912380">
    <ele>974.4</ele>
    <time>2025-11-16T11:44:35Z</time>
   </trkpt>
   <trkpt lat="4.0900490" lon="-76.1912510">
    <ele>974.4</ele>
    <time>2025-11-16T11:44:36Z</time>
   </trkpt>
   <trkpt lat="4.0900290" lon="-76.1912800">
    <ele>974.4</ele>
    <time>2025-11-16T11:44:37Z</time>
   </trkpt>
   <trkpt lat="4.0900120" lon="-76.1913080">
    <ele>974.5</ele>
    <time>2025-11-16T11:44:38Z</time>
   </trkpt>
   <trkpt lat="4.0899810" lon="-76.1913340">
    <ele>974.5</ele>
    <time>2025-11-16T11:44:39Z</time>
   </trkpt>
   <trkpt lat="4.0899530" lon="-76.1913660">
    <ele>974.6</ele>
    <time>2025-11-16T11:44:40Z</time>
   </trkpt>
   <trkpt lat="4.0899410" lon="-76.1913800">
    <ele>974.6</ele>
    <time>2025-11-16T11:44:41Z</time>
   </trkpt>
   <trkpt lat="4.0899120" lon="-76.1913960">
    <ele>974.6</ele>
    <time>2025-11-16T11:44:42Z</time>
   </trkpt>
   <trkpt lat="4.0898960" lon="-76.1914210">
    <ele>974.7</ele>
    <time>2025-11-16T11:44:43Z</time>
   </trkpt>
   <trkpt lat="4.0898810" lon="-76.1914460">
    <ele>974.7</ele>
    <time>2025-11-16T11:44:44Z</time>
   </trkpt>
   <trkpt lat="4.0898490" lon="-76.1914650">
    <ele>974.7</ele>
    <time>2025-11-16T11:44:45Z</time>
   </trkpt>
   <trkpt lat="4.0898290" lon="-76.1914910">
    <ele>974.7</ele>
    <time>2025-11-16T11:44:46Z</time>
   </trkpt>
   <trkpt lat="4.0898150" lon="-76.1915310">
    <ele>974.8</ele>
    <time>2025-11-16T11:44:47Z</time>
   </trkpt>
   <trkpt lat="4.0897850" lon="-76.1915540">
    <ele>974.8</ele>
    <time>2025-11-16T11:44:48Z</time>
   </trkpt>
   <trkpt lat="4.0897650" lon="-76.1915820">
    <ele>974.8</ele>
    <time>2025-11-16T11:44:49Z</time>
   </trkpt>
   <trkpt lat="4.0897410" lon="-76.1916110">
    <ele>974.8</ele>
    <time>2025-11-16T11:44:50Z</time>
   </trkpt>
   <trkpt lat="4.0897020" lon="-76.1916220">
    <ele>974.9</ele>
    <time>2025-11-16T11:44:51Z</time>
   </trkpt>
   <trkpt lat="4.0896760" lon="-76.1916440">
    <ele>974.9</ele>
    <time>2025-11-16T11:44:52Z</time>
   </trkpt>
   <trkpt lat="4.0896500" lon="-76.1916670">
    <ele>974.9</ele>
    <time>2025-11-16T11:44:53Z</time>
   </trkpt>
   <trkpt lat="4.0896290" lon="-76.1916870">
    <ele>974.9</ele>
    <time>2025-11-16T11:44:54Z</time>
   </trkpt>
   <trkpt lat="4.0896080" lon="-76.1917090">
    <ele>974.9</ele>
    <time>2025-11-16T11:44:55Z</time>
   </trkpt>
   <trkpt lat="4.0895910" lon="-76.1917340">
    <ele>974.9</ele>
    <time>2025-11-16T11:44:56Z</time>
   </trkpt>
   <trkpt lat="4.0895690" lon="-76.1917570">
    <ele>974.9</ele>
    <time>2025-11-16T11:44:57Z</time>
   </trkpt>
   <trkpt lat="4.0895500" lon="-76.1917880">
    <ele>975.0</ele>
    <time>2025-11-16T11:44:58Z</time>
   </trkpt>
   <trkpt lat="4.0895270" lon="-76.1918200">
    <ele>975.0</ele>
    <time>2025-11-16T11:44:59Z</time>
   </trkpt>
   <trkpt lat="4.0895000" lon="-76.1918520">
    <ele>975.0</ele>
    <time>2025-11-16T11:45:00Z</time>
   </trkpt>
   <trkpt lat="4.0894890" lon="-76.1918640">
    <ele>975.0</ele>
    <time>2025-11-16T11:45:01Z</time>
   </trkpt>
   <trkpt lat="4.0894710" lon="-76.1918870">
    <ele>975.0</ele>
    <time>2025-11-16T11:45:02Z</time>
   </trkpt>
   <trkpt lat="4.0894550" lon="-76.1919160">
    <ele>975.0</ele>
    <time>2025-11-16T11:45:03Z</time>
   </trkpt>
   <trkpt lat="4.0894310" lon="-76.1919440">
    <ele>975.0</ele>
    <time>2025-11-16T11:45:04Z</time>
   </trkpt>
   <trkpt lat="4.0894000" lon="-76.1919600">
    <ele>975.0</ele>
    <time>2025-11-16T11:45:05Z</time>
   </trkpt>
   <trkpt lat="4.0893830" lon="-76.1919910">
    <ele>975.0</ele>
    <time>2025-11-16T11:45:06Z</time>
   </trkpt>
   <trkpt lat="4.0893460" lon="-76.1920120">
    <ele>975.0</ele>
    <time>2025-11-16T11:45:07Z</time>
   </trkpt>
   <trkpt lat="4.0893200" lon="-76.1920300">
    <ele>975.0</ele>
    <time>2025-11-16T11:45:08Z</time>
   </trkpt>
   <trkpt lat="4.0892990" lon="-76.1920530">
    <ele>975.1</ele>
    <time>2025-11-16T11:45:09Z</time>
   </trkpt>
   <trkpt lat="4.0892720" lon="-76.1920810">
    <ele>975.1</ele>
    <time>2025-11-16T11:45:10Z</time>
   </trkpt>
   <trkpt lat="4.0892410" lon="-76.1921000">
    <ele>975.1</ele>
    <time>2025-11-16T11:45:11Z</time>
   </trkpt>
   <trkpt lat="4.0892210" lon="-76.1921240">
    <ele>975.1</ele>
    <time>2025-11-16T11:45:12Z</time>
   </trkpt>
   <trkpt lat="4.0892000" lon="-76.1921550">
    <ele>975.1</ele>
    <time>2025-11-16T11:45:13Z</time>
   </trkpt>
   <trkpt lat="4.0891720" lon="-76.1921680">
    <ele>975.1</ele>
    <time>2025-11-16T11:45:14Z</time>
   </trkpt>
   <trkpt lat="4.0891500" lon="-76.1921860">
    <ele>975.1</ele>
    <time>2025-11-16T11:45:15Z</time>
   </trkpt>
   <trkpt lat="4.0891270" lon="-76.1922190">
    <ele>975.1</ele>
    <time>2025-11-16T11:45:16Z</time>
   </trkpt>
   <trkpt lat="4.0891130" lon="-76.1922450">
    <ele>975.1</ele>
    <time>2025-11-16T11:45:17Z</time>
   </trkpt>
   <trkpt lat="4.0891110" lon="-76.1922820">
    <ele>975.1</ele>
    <time>2025-11-16T11:45:18Z</time>
   </trkpt>
   <trkpt lat="4.0890910" lon="-76.1923080">
    <ele>975.1</ele>
    <time>2025-11-16T11:45:19Z</time>
   </trkpt>
   <trkpt lat="4.0890710" lon="-76.1923370">
    <ele>975.1</ele>
    <time>2025-11-16T11:45:20Z</time>
   </trkpt>
   <trkpt lat="4.0890370" lon="-76.1923490">
    <ele>975.2</ele>
    <time>2025-11-16T11:45:21Z</time>
   </trkpt>
   <trkpt lat="4.0890100" lon="-76.1923630">
    <ele>975.2</ele>
    <time>2025-11-16T11:45:22Z</time>
   </trkpt>
   <trkpt lat="4.0889850" lon="-76.1923950">
    <ele>975.2</ele>
    <time>2025-11-16T11:45:23Z</time>
   </trkpt>
   <trkpt lat="4.0889600" lon="-76.1924150">
    <ele>975.2</ele>
    <time>2025-11-16T11:45:24Z</time>
   </trkpt>
   <trkpt lat="4.0889440" lon="-76.1924420">
    <ele>975.2</ele>
    <time>2025-11-16T11:45:25Z</time>
   </trkpt>
   <trkpt lat="4.0889120" lon="-76.1924550">
    <ele>975.2</ele>
    <time>2025-11-16T11:45:26Z</time>
   </trkpt>
   <trkpt lat="4.0888860" lon="-76.1924750">
    <ele>975.2</ele>
    <time>2025-11-16T11:45:27Z</time>
   </trkpt>
   <trkpt lat="4.0888660" lon="-76.1925080">
    <ele>975.3</ele>
    <time>2025-11-16T11:45:28Z</time>
   </trkpt>
   <trkpt lat="4.0888430" lon="-76.1925320">
    <ele>975.3</ele>
    <time>2025-11-16T11:45:29Z</time>
   </trkpt>
   <trkpt lat="4.0888340" lon="-76.1925630">
    <ele>975.3</ele>
    <time>2025-11-16T11:45:30Z</time>
   </trkpt>
   <trkpt lat="4.0888030" lon="-76.1925830">
    <ele>975.3</ele>
    <time>2025-11-16T11:45:31Z</time>
   </trkpt>
   <trkpt lat="4.0887700" lon="-76.1925960">
    <ele>975.3</ele>
    <time>2025-11-16T11:45:32Z</time>
   </trkpt>
   <trkpt lat="4.0887410" lon="-76.1926210">
    <ele>975.4</ele>
    <time>2025-11-16T11:45:33Z</time>
   </trkpt>
   <trkpt lat="4.0886930" lon="-76.1926390">
    <ele>975.4</ele>
    <time>2025-11-16T11:45:34Z</time>
   </trkpt>
   <trkpt lat="4.0886530" lon="-76.1926570">
    <ele>975.4</ele>
    <time>2025-11-16T11:45:35Z</time>
   </trkpt>
   <trkpt lat="4.0886250" lon="-76.1926720">
    <ele>975.5</ele>
    <time>2025-11-16T11:45:36Z</time>
   </trkpt>
   <trkpt lat="4.0885910" lon="-76.1926880">
    <ele>975.5</ele>
    <time>2025-11-16T11:45:37Z</time>
   </trkpt>
   <trkpt lat="4.0885750" lon="-76.1927150">
    <ele>975.5</ele>
    <time>2025-11-16T11:45:38Z</time>
   </trkpt>
   <trkpt lat="4.0885560" lon="-76.1927400">
    <ele>975.6</ele>
    <time>2025-11-16T11:45:39Z</time>
   </trkpt>
   <trkpt lat="4.0885320" lon="-76.1927610">
    <ele>975.6</ele>
    <time>2025-11-16T11:45:40Z</time>
   </trkpt>
   <trkpt lat="4.0885120" lon="-76.1927840">
    <ele>975.6</ele>
    <time>2025-11-16T11:45:41Z</time>
   </trkpt>
   <trkpt lat="4.0885020" lon="-76.1927920">
    <ele>975.6</ele>
    <time>2025-11-16T11:45:42Z</time>
   </trkpt>
   <trkpt lat="4.0884720" lon="-76.1928080">
    <ele>975.7</ele>
    <time>2025-11-16T11:45:43Z</time>
   </trkpt>
   <trkpt lat="4.0884580" lon="-76.1928130">
    <ele>975.7</ele>
    <time>2025-11-16T11:45:44Z</time>
   </trkpt>
   <trkpt lat="4.0884370" lon="-76.1928320">
    <ele>975.7</ele>
    <time>2025-11-16T11:45:45Z</time>
   </trkpt>
   <trkpt lat="4.0884290" lon="-76.1928410">
    <ele>975.7</ele>
    <time>2025-11-16T11:45:46Z</time>
   </trkpt>
   <trkpt lat="4.0883940" lon="-76.1928580">
    <ele>975.8</ele>
    <time>2025-11-16T11:45:47Z</time>
   </trkpt>
   <trkpt lat="4.0883820" lon="-76.1928620">
    <ele>975.8</ele>
    <time>2025-11-16T11:45:48Z</time>
   </trkpt>
   <trkpt lat="4.0883580" lon="-76.1928780">
    <ele>975.8</ele>
    <time>2025-11-16T11:45:49Z</time>
   </trkpt>
   <trkpt lat="4.0883220" lon="-76.1928890">
    <ele>975.9</ele>
    <time>2025-11-16T11:45:50Z</time>
   </trkpt>
   <trkpt lat="4.0883100" lon="-76.1928910">
    <ele>975.9</ele>
    <time>2025-11-16T11:45:51Z</time>
   </trkpt>
   <trkpt lat="4.0882760" lon="-76.1929080">
    <ele>976.0</ele>
    <time>2025-11-16T11:45:52Z</time>
   </trkpt>
   <trkpt lat="4.0882520" lon="-76.1929240">
    <ele>976.0</ele>
    <time>2025-11-16T11:45:53Z</time>
   </trkpt>
   <trkpt lat="4.0882230" lon="-76.1929370">
    <ele>976.1</ele>
    <time>2025-11-16T11:45:54Z</time>
   </trkpt>
   <trkpt lat="4.0881900" lon="-76.1929510">
    <ele>976.1</ele>
    <time>2025-11-16T11:45:55Z</time>
   </trkpt>
   <trkpt lat="4.0881640" lon="-76.1929690">
    <ele>976.2</ele>
    <time>2025-11-16T11:45:56Z</time>
   </trkpt>
   <trkpt lat="4.0881340" lon="-76.1929730">
    <ele>976.2</ele>
    <time>2025-11-16T11:45:57Z</time>
   </trkpt>
   <trkpt lat="4.0881060" lon="-76.1929960">
    <ele>976.3</ele>
    <time>2025-11-16T11:45:58Z</time>
   </trkpt>
   <trkpt lat="4.0880840" lon="-76.1930260">
    <ele>976.4</ele>
    <time>2025-11-16T11:45:59Z</time>
   </trkpt>
   <trkpt lat="4.0880630" lon="-76.1930460">
    <ele>976.4</ele>
    <time>2025-11-16T11:46:00Z</time>
   </trkpt>
   <trkpt lat="4.0880290" lon="-76.1930680">
    <ele>976.5</ele>
    <time>2025-11-16T11:46:01Z</time>
   </trkpt>
   <trkpt lat="4.0880040" lon="-76.1930860">
    <ele>976.5</ele>
    <time>2025-11-16T11:46:02Z</time>
   </trkpt>
   <trkpt lat="4.0879640" lon="-76.1931050">
    <ele>976.6</ele>
    <time>2025-11-16T11:46:03Z</time>
   </trkpt>
   <trkpt lat="4.0879500" lon="-76.1931190">
    <ele>976.6</ele>
    <time>2025-11-16T11:46:04Z</time>
   </trkpt>
   <trkpt lat="4.0879230" lon="-76.1931420">
    <ele>976.7</ele>
    <time>2025-11-16T11:46:05Z</time>
   </trkpt>
   <trkpt lat="4.0878960" lon="-76.1931550">
    <ele>976.7</ele>
    <time>2025-11-16T11:46:06Z</time>
   </trkpt>
   <trkpt lat="4.0878670" lon="-76.1931770">
    <ele>976.8</ele>
    <time>2025-11-16T11:46:07Z</time>
   </trkpt>
   <trkpt lat="4.0878370" lon="-76.1931980">
    <ele>976.9</ele>
    <time>2025-11-16T11:46:08Z</time>
   </trkpt>
   <trkpt lat="4.0878070" lon="-76.1932240">
    <ele>976.9</ele>
    <time>2025-11-16T11:46:09Z</time>
   </trkpt>
   <trkpt lat="4.0877780" lon="-76.1932350">
    <ele>977.0</ele>
    <time>2025-11-16T11:46:10Z</time>
   </trkpt>
   <trkpt lat="4.0877450" lon="-76.1932550">
    <ele>977.0</ele>
    <time>2025-11-16T11:46:11Z</time>
   </trkpt>
   <trkpt lat="4.0877130" lon="-76.1932550">
    <ele>977.0</ele>
    <time>2025-11-16T11:46:12Z</time>
   </trkpt>
   <trkpt lat="4.0876790" lon="-76.1932700">
    <ele>977.1</ele>
    <time>2025-11-16T11:46:13Z</time>
   </trkpt>
   <trkpt lat="4.0876140" lon="-76.1933080">
    <ele>977.2</ele>
    <time>2025-11-16T11:46:14Z</time>
   </trkpt>
   <trkpt lat="4.0875850" lon="-76.1933370">
    <ele>977.2</ele>
    <time>2025-11-16T11:46:15Z</time>
   </trkpt>
   <trkpt lat="4.0875620" lon="-76.1933600">
    <ele>977.3</ele>
    <time>2025-11-16T11:46:16Z</time>
   </trkpt>
   <trkpt lat="4.0875430" lon="-76.1933640">
    <ele>977.3</ele>
    <time>2025-11-16T11:46:17Z</time>
   </trkpt>
   <trkpt lat="4.0874920" lon="-76.1933630">
    <ele>977.3</ele>
    <time>2025-11-16T11:46:18Z</time>
   </trkpt>
   <trkpt lat="4.0874630" lon="-76.1933880">
    <ele>977.4</ele>
    <time>2025-11-16T11:46:19Z</time>
   </trkpt>
   <trkpt lat="4.0874520" lon="-76.1933950">
    <ele>977.4</ele>
    <time>2025-11-16T11:46:20Z</time>
   </trkpt>
   <trkpt lat="4.0874250" lon="-76.1934020">
    <ele>977.4</ele>
    <time>2025-11-16T11:46:21Z</time>
   </trkpt>
   <trkpt lat="4.0874040" lon="-76.1934260">
    <ele>977.4</ele>
    <time>2025-11-16T11:46:22Z</time>
   </trkpt>
   <trkpt lat="4.0873930" lon="-76.1934550">
    <ele>977.5</ele>
    <time>2025-11-16T11:46:23Z</time>
   </trkpt>
   <trkpt lat="4.0873650" lon="-76.1934650">
    <ele>977.5</ele>
    <time>2025-11-16T11:46:24Z</time>
   </trkpt>
   <trkpt lat="4.0873400" lon="-76.1934860">
    <ele>977.5</ele>
    <time>2025-11-16T11:46:25Z</time>
   </trkpt>
   <trkpt lat="4.0872980" lon="-76.1935000">
    <ele>977.5</ele>
    <time>2025-11-16T11:46:26Z</time>
   </trkpt>
   <trkpt lat="4.0872800" lon="-76.1935020">
    <ele>977.5</ele>
    <time>2025-11-16T11:46:27Z</time>
   </trkpt>
   <trkpt lat="4.0872510" lon="-76.1935090">
    <ele>977.6</ele>
    <time>2025-11-16T11:46:28Z</time>
   </trkpt>
   <trkpt lat="4.0872310" lon="-76.1935410">
    <ele>977.6</ele>
    <time>2025-11-16T11:46:29Z</time>
   </trkpt>
   <trkpt lat="4.0871880" lon="-76.1935510">
    <ele>977.6</ele>
    <time>2025-11-16T11:46:30Z</time>
   </trkpt>
   <trkpt lat="4.0871710" lon="-76.1935550">
    <ele>977.6</ele>
    <time>2025-11-16T11:46:31Z</time>
   </trkpt>
   <trkpt lat="4.0871390" lon="-76.1935620">
    <ele>977.7</ele>
    <time>2025-11-16T11:46:32Z</time>
   </trkpt>
   <trkpt lat="4.0871130" lon="-76.1935720">
    <ele>977.7</ele>
    <time>2025-11-16T11:46:33Z</time>
   </trkpt>
   <trkpt lat="4.0870820" lon="-76.1935940">
    <ele>977.7</ele>
    <time>2025-11-16T11:46:34Z</time>
   </trkpt>
   <trkpt lat="4.0870720" lon="-76.1936010">
    <ele>977.7</ele>
    <time>2025-11-16T11:46:35Z</time>
   </trkpt>
   <trkpt lat="4.0870490" lon="-76.1936190">
    <ele>977.7</ele>
    <time>2025-11-16T11:46:36Z</time>
   </trkpt>
   <trkpt lat="4.0870230" lon="-76.1936390">
    <ele>977.7</ele>
    <time>2025-11-16T11:46:37Z</time>
   </trkpt>
   <trkpt lat="4.0869910" lon="-76.1936530">
    <ele>977.8</ele>
    <time>2025-11-16T11:46:38Z</time>
   </trkpt>
   <trkpt lat="4.0869630" lon="-76.1936680">
    <ele>977.8</ele>
    <time>2025-11-16T11:46:39Z</time>
   </trkpt>
   <trkpt lat="4.0869390" lon="-76.1936830">
    <ele>977.8</ele>
    <time>2025-11-16T11:46:40Z</time>
   </trkpt>
   <trkpt lat="4.0869110" lon="-76.1936990">
    <ele>977.9</ele>
    <time>2025-11-16T11:46:41Z</time>
   </trkpt>
   <trkpt lat="4.0868840" lon="-76.1937140">
    <ele>977.9</ele>
    <time>2025-11-16T11:46:42Z</time>
   </trkpt>
   <trkpt lat="4.0868580" lon="-76.1937260">
    <ele>977.9</ele>
    <time>2025-11-16T11:46:43Z</time>
   </trkpt>
   <trkpt lat="4.0868190" lon="-76.1937410">
    <ele>978.0</ele>
    <time>2025-11-16T11:46:44Z</time>
   </trkpt>
   <trkpt lat="4.0868030" lon="-76.1937510">
    <ele>978.0</ele>
    <time>2025-11-16T11:46:45Z</time>
   </trkpt>
   <trkpt lat="4.0867710" lon="-76.1937710">
    <ele>978.0</ele>
    <time>2025-11-16T11:46:46Z</time>
   </trkpt>
   <trkpt lat="4.0867590" lon="-76.1937740">
    <ele>978.0</ele>
    <time>2025-11-16T11:46:47Z</time>
   </trkpt>
   <trkpt lat="4.0867300" lon="-76.1937850">
    <ele>978.1</ele>
    <time>2025-11-16T11:46:48Z</time>
   </trkpt>
   <trkpt lat="4.0867030" lon="-76.1938020">
    <ele>978.1</ele>
    <time>2025-11-16T11:46:49Z</time>
   </trkpt>
   <trkpt lat="4.0866740" lon="-76.1938150">
    <ele>978.1</ele>
    <time>2025-11-16T11:46:50Z</time>
   </trkpt>
   <trkpt lat="4.0866430" lon="-76.1938260">
    <ele>978.2</ele>
    <time>2025-11-16T11:46:51Z</time>
   </trkpt>
   <trkpt lat="4.0866310" lon="-76.1938340">
    <ele>978.2</ele>
    <time>2025-11-16T11:46:52Z</time>
   </trkpt>
   <trkpt lat="4.0866040" lon="-76.1938520">
    <ele>978.2</ele>
    <time>2025-11-16T11:46:53Z</time>
   </trkpt>
   <trkpt lat="4.0865690" lon="-76.1938780">
    <ele>978.3</ele>
    <time>2025-11-16T11:46:54Z</time>
   </trkpt>
   <trkpt lat="4.0865350" lon="-76.1938990">
    <ele>978.3</ele>
    <time>2025-11-16T11:46:55Z</time>
   </trkpt>
   <trkpt lat="4.0865220" lon="-76.1939060">
    <ele>978.3</ele>
    <time>2025-11-16T11:46:56Z</time>
   </trkpt>
   <trkpt lat="4.0864860" lon="-76.1939270">
    <ele>978.4</ele>
    <time>2025-11-16T11:46:57Z</time>
   </trkpt>
   <trkpt lat="4.0864710" lon="-76.1939360">
    <ele>978.4</ele>
    <time>2025-11-16T11:46:58Z</time>
   </trkpt>
   <trkpt lat="4.0864390" lon="-76.1939560">
    <ele>978.4</ele>
    <time>2025-11-16T11:47:00Z</time>
   </trkpt>
   <trkpt lat="4.0864280" lon="-76.1939620">
    <ele>978.4</ele>
    <time>2025-11-16T11:47:01Z</time>
   </trkpt>
   <trkpt lat="4.0864020" lon="-76.1939740">
    <ele>978.5</ele>
    <time>2025-11-16T11:47:02Z</time>
   </trkpt>
   <trkpt lat="4.0863670" lon="-76.1939890">
    <ele>978.5</ele>
    <time>2025-11-16T11:47:03Z</time>
   </trkpt>
   <trkpt lat="4.0863520" lon="-76.1940000">
    <ele>978.5</ele>
    <time>2025-11-16T11:47:04Z</time>
   </trkpt>
   <trkpt lat="4.0863250" lon="-76.1940120">
    <ele>978.6</ele>
    <time>2025-11-16T11:47:05Z</time>
   </trkpt>
   <trkpt lat="4.0862970" lon="-76.1940260">
    <ele>978.6</ele>
    <time>2025-11-16T11:47:06Z</time>
   </trkpt>
   <trkpt lat="4.0862610" lon="-76.1940460">
    <ele>978.7</ele>
    <time>2025-11-16T11:47:07Z</time>
   </trkpt>
   <trkpt lat="4.0862360" lon="-76.1940650">
    <ele>978.7</ele>
    <time>2025-11-16T11:47:08Z</time>
   </trkpt>
   <trkpt lat="4.0862140" lon="-76.1940820">
    <ele>978.7</ele>
    <time>2025-11-16T11:47:09Z</time>
   </trkpt>
   <trkpt lat="4.0861800" lon="-76.1940980">
    <ele>978.8</ele>
    <time>2025-11-16T11:47:10Z</time>
   </trkpt>
   <trkpt lat="4.0861680" lon="-76.1941020">
    <ele>978.8</ele>
    <time>2025-11-16T11:47:11Z</time>
   </trkpt>
   <trkpt lat="4.0861340" lon="-76.1941210">
    <ele>978.9</ele>
    <time>2025-11-16T11:47:12Z</time>
   </trkpt>
   <trkpt lat="4.0861230" lon="-76.1941300">
    <ele>978.9</ele>
    <time>2025-11-16T11:47:13Z</time>
   </trkpt>
   <trkpt lat="4.0860900" lon="-76.1941430">
    <ele>978.9</ele>
    <time>2025-11-16T11:47:14Z</time>
   </trkpt>
   <trkpt lat="4.0860770" lon="-76.1941470">
    <ele>979.0</ele>
    <time>2025-11-16T11:47:15Z</time>
   </trkpt>
   <trkpt lat="4.0860530" lon="-76.1941610">
    <ele>979.0</ele>
    <time>2025-11-16T11:47:16Z</time>
   </trkpt>
   <trkpt lat="4.0860140" lon="-76.1941710">
    <ele>979.1</ele>
    <time>2025-11-16T11:47:17Z</time>
   </trkpt>
   <trkpt lat="4.0859980" lon="-76.1941800">
    <ele>979.1</ele>
    <time>2025-11-16T11:47:18Z</time>
   </trkpt>
   <trkpt lat="4.0859680" lon="-76.1941940">
    <ele>979.1</ele>
    <time>2025-11-16T11:47:19Z</time>
   </trkpt>
   <trkpt lat="4.0859400" lon="-76.1942180">
    <ele>979.2</ele>
    <time>2025-11-16T11:47:20Z</time>
   </trkpt>
   <trkpt lat="4.0859130" lon="-76.1942260">
    <ele>979.2</ele>
    <time>2025-11-16T11:47:21Z</time>
   </trkpt>
   <trkpt lat="4.0858880" lon="-76.1942380">
    <ele>979.3</ele>
    <time>2025-11-16T11:47:22Z</time>
   </trkpt>
   <trkpt lat="4.0858570" lon="-76.1942580">
    <ele>979.3</ele>
    <time>2025-11-16T11:47:23Z</time>
   </trkpt>
   <trkpt lat="4.0858450" lon="-76.1942670">
    <ele>979.3</ele>
    <time>2025-11-16T11:47:24Z</time>
   </trkpt>
   <trkpt lat="4.0858200" lon="-76.1942860">
    <ele>979.4</ele>
    <time>2025-11-16T11:47:25Z</time>
   </trkpt>
   <trkpt lat="4.0858110" lon="-76.1943010">
    <ele>979.4</ele>
    <time>2025-11-16T11:47:26Z</time>
   </trkpt>
   <trkpt lat="4.0858000" lon="-76.1943140">
    <ele>979.4</ele>
    <time>2025-11-16T11:47:27Z</time>
   </trkpt>
   <trkpt lat="4.0857720" lon="-76.1943240">
    <ele>979.4</ele>
    <time>2025-11-16T11:47:28Z</time>
   </trkpt>
   <trkpt lat="4.0857610" lon="-76.1943250">
    <ele>979.4</ele>
    <time>2025-11-16T11:47:29Z</time>
   </trkpt>
   <trkpt lat="4.0857310" lon="-76.1943380">
    <ele>979.5</ele>
    <time>2025-11-16T11:47:30Z</time>
   </trkpt>
   <trkpt lat="4.0857190" lon="-76.1943420">
    <ele>979.6</ele>
    <time>2025-11-16T11:47:31Z</time>
   </trkpt>
   <trkpt lat="4.0856900" lon="-76.1943530">
    <ele>979.7</ele>
    <time>2025-11-16T11:47:32Z</time>
   </trkpt>
   <trkpt lat="4.0856590" lon="-76.1943660">
    <ele>979.8</ele>
    <time>2025-11-16T11:47:33Z</time>
   </trkpt>
   <trkpt lat="4.0856260" lon="-76.1943910">
    <ele>980.0</ele>
    <time>2025-11-16T11:47:34Z</time>
   </trkpt>
   <trkpt lat="4.0856120" lon="-76.1943980">
    <ele>980.1</ele>
    <time>2025-11-16T11:47:35Z</time>
   </trkpt>
   <trkpt lat="4.0855930" lon="-76.1944190">
    <ele>980.2</ele>
    <time>2025-11-16T11:47:36Z</time>
   </trkpt>
   <trkpt lat="4.0855740" lon="-76.1944510">
    <ele>980.3</ele>
    <time>2025-11-16T11:47:37Z</time>
   </trkpt>
   <trkpt lat="4.0855710" lon="-76.1944650">
    <ele>980.3</ele>
    <time>2025-11-16T11:47:38Z</time>
   </trkpt>
   <trkpt lat="4.0855580" lon="-76.1944930">
    <ele>980.3</ele>
    <time>2025-11-16T11:47:39Z</time>
   </trkpt>
   <trkpt lat="4.0855490" lon="-76.1945280">
    <ele>980.3</ele>
    <time>2025-11-16T11:47:40Z</time>
   </trkpt>
   <trkpt lat="4.0855510" lon="-76.1945560">
    <ele>980.3</ele>
    <time>2025-11-16T11:47:41Z</time>
   </trkpt>
   <trkpt lat="4.0855550" lon="-76.1945850">
    <ele>980.3</ele>
    <time>2025-11-16T11:47:42Z</time>
   </trkpt>
   <trkpt lat="4.0855590" lon="-76.1946130">
    <ele>980.3</ele>
    <time>2025-11-16T11:47:43Z</time>
   </trkpt>
   <trkpt lat="4.0855710" lon="-76.1946390">
    <ele>980.3</ele>
    <time>2025-11-16T11:47:44Z</time>
   </trkpt>
   <trkpt lat="4.0855730" lon="-76.1946720">
    <ele>980.3</ele>
    <time>2025-11-16T11:47:45Z</time>
   </trkpt>
   <trkpt lat="4.0855870" lon="-76.1947030">
    <ele>980.4</ele>
    <time>2025-11-16T11:47:46Z</time>
   </trkpt>
   <trkpt lat="4.0855990" lon="-76.1947380">
    <ele>980.4</ele>
    <time>2025-11-16T11:47:47Z</time>
   </trkpt>
   <trkpt lat="4.0855990" lon="-76.1947480">
    <ele>980.4</ele>
    <time>2025-11-16T11:47:48Z</time>
   </trkpt>
   <trkpt lat="4.0856090" lon="-76.1947770">
    <ele>980.4</ele>
    <time>2025-11-16T11:47:49Z</time>
   </trkpt>
   <trkpt lat="4.0856220" lon="-76.1948020">
    <ele>980.4</ele>
    <time>2025-11-16T11:47:50Z</time>
   </trkpt>
   <trkpt lat="4.0856300" lon="-76.1948290">
    <ele>980.5</ele>
    <time>2025-11-16T11:47:51Z</time>
   </trkpt>
   <trkpt lat="4.0856500" lon="-76.1948700">
    <ele>980.5</ele>
    <time>2025-11-16T11:47:52Z</time>
   </trkpt>
   <trkpt lat="4.0856590" lon="-76.1948880">
    <ele>980.5</ele>
    <time>2025-11-16T11:47:53Z</time>
   </trkpt>
   <trkpt lat="4.0856710" lon="-76.1949210">
    <ele>980.5</ele>
    <time>2025-11-16T11:47:54Z</time>
   </trkpt>
   <trkpt lat="4.0856890" lon="-76.1949690">
    <ele>980.6</ele>
    <time>2025-11-16T11:47:55Z</time>
   </trkpt>
   <trkpt lat="4.0856980" lon="-76.1949970">
    <ele>980.6</ele>
    <time>2025-11-16T11:47:56Z</time>
   </trkpt>
   <trkpt lat="4.0857070" lon="-76.1950240">
    <ele>980.6</ele>
    <time>2025-11-16T11:47:57Z</time>
   </trkpt>
   <trkpt lat="4.0857260" lon="-76.1950540">
    <ele>980.7</ele>
    <time>2025-11-16T11:47:58Z</time>
   </trkpt>
   <trkpt lat="4.0857360" lon="-76.1950850">
    <ele>980.7</ele>
    <time>2025-11-16T11:47:59Z</time>
   </trkpt>
   <trkpt lat="4.0857470" lon="-76.1951140">
    <ele>980.6</ele>
    <time>2025-11-16T11:48:00Z</time>
   </trkpt>
   <trkpt lat="4.0857570" lon="-76.1951400">
    <ele>980.6</ele>
    <time>2025-11-16T11:48:01Z</time>
   </trkpt>
   <trkpt lat="4.0857560" lon="-76.1951740">
    <ele>980.6</ele>
    <time>2025-11-16T11:48:02Z</time>
   </trkpt>
   <trkpt lat="4.0857660" lon="-76.1952060">
    <ele>980.6</ele>
    <time>2025-11-16T11:48:03Z</time>
   </trkpt>
   <trkpt lat="4.0857780" lon="-76.1952350">
    <ele>980.6</ele>
    <time>2025-11-16T11:48:04Z</time>
   </trkpt>
   <trkpt lat="4.0857810" lon="-76.1952670">
    <ele>980.5</ele>
    <time>2025-11-16T11:48:05Z</time>
   </trkpt>
   <trkpt lat="4.0857830" lon="-76.1953000">
    <ele>980.5</ele>
    <time>2025-11-16T11:48:06Z</time>
   </trkpt>
   <trkpt lat="4.0857930" lon="-76.1953280">
    <ele>980.4</ele>
    <time>2025-11-16T11:48:07Z</time>
   </trkpt>
   <trkpt lat="4.0857990" lon="-76.1953620">
    <ele>980.3</ele>
    <time>2025-11-16T11:48:08Z</time>
   </trkpt>
   <trkpt lat="4.0858140" lon="-76.1953930">
    <ele>980.2</ele>
    <time>2025-11-16T11:48:09Z</time>
   </trkpt>
   <trkpt lat="4.0858310" lon="-76.1954290">
    <ele>980.0</ele>
    <time>2025-11-16T11:48:10Z</time>
   </trkpt>
   <trkpt lat="4.0858330" lon="-76.1954440">
    <ele>980.0</ele>
    <time>2025-11-16T11:48:11Z</time>
   </trkpt>
   <trkpt lat="4.0858410" lon="-76.1954730">
    <ele>979.9</ele>
    <time>2025-11-16T11:48:12Z</time>
   </trkpt>
   <trkpt lat="4.0858420" lon="-76.1955110">
    <ele>979.7</ele>
    <time>2025-11-16T11:48:13Z</time>
   </trkpt>
   <trkpt lat="4.0858480" lon="-76.1955380">
    <ele>979.6</ele>
    <time>2025-11-16T11:48:14Z</time>
   </trkpt>
   <trkpt lat="4.0858530" lon="-76.1955730">
    <ele>979.5</ele>
    <time>2025-11-16T11:48:15Z</time>
   </trkpt>
   <trkpt lat="4.0858580" lon="-76.1956050">
    <ele>979.5</ele>
    <time>2025-11-16T11:48:16Z</time>
   </trkpt>
   <trkpt lat="4.0858670" lon="-76.1956460">
    <ele>979.5</ele>
    <time>2025-11-16T11:48:17Z</time>
   </trkpt>
   <trkpt lat="4.0858670" lon="-76.1956620">
    <ele>979.5</ele>
    <time>2025-11-16T11:48:18Z</time>
   </trkpt>
   <trkpt lat="4.0858820" lon="-76.1956960">
    <ele>979.5</ele>
    <time>2025-11-16T11:48:19Z</time>
   </trkpt>
   <trkpt lat="4.0858850" lon="-76.1957250">
    <ele>979.5</ele>
    <time>2025-11-16T11:48:20Z</time>
   </trkpt>
   <trkpt lat="4.0858850" lon="-76.1957540">
    <ele>979.5</ele>
    <time>2025-11-16T11:48:21Z</time>
   </trkpt>
   <trkpt lat="4.0858890" lon="-76.1957870">
    <ele>979.5</ele>
    <time>2025-11-16T11:48:22Z</time>
   </trkpt>
   <trkpt lat="4.0858970" lon="-76.1958160">
    <ele>979.5</ele>
    <time>2025-11-16T11:48:23Z</time>
   </trkpt>
   <trkpt lat="4.0859030" lon="-76.1958450">
    <ele>979.5</ele>
    <time>2025-11-16T11:48:24Z</time>
   </trkpt>
   <trkpt lat="4.0858990" lon="-76.1958770">
    <ele>979.5</ele>
    <time>2025-11-16T11:48:25Z</time>
   </trkpt>
   <trkpt lat="4.0859050" lon="-76.1959050">
    <ele>979.5</ele>
    <time>2025-11-16T11:48:26Z</time>
   </trkpt>
   <trkpt lat="4.0859130" lon="-76.1959370">
    <ele>979.5</ele>
    <time>2025-11-16T11:48:27Z</time>
   </trkpt>
   <trkpt lat="4.0859120" lon="-76.1959680">
    <ele>979.5</ele>
    <time>2025-11-16T11:48:28Z</time>
   </trkpt>
   <trkpt lat="4.0859210" lon="-76.1960050">
    <ele>979.5</ele>
    <time>2025-11-16T11:48:29Z</time>
   </trkpt>
   <trkpt lat="4.0859310" lon="-76.1960400">
    <ele>979.5</ele>
    <time>2025-11-16T11:48:30Z</time>
   </trkpt>
   <trkpt lat="4.0859380" lon="-76.1960700">
    <ele>979.5</ele>
    <time>2025-11-16T11:48:31Z</time>
   </trkpt>
   <trkpt lat="4.0859400" lon="-76.1961120">
    <ele>979.6</ele>
    <time>2025-11-16T11:48:32Z</time>
   </trkpt>
   <trkpt lat="4.0859440" lon="-76.1961270">
    <ele>979.6</ele>
    <time>2025-11-16T11:48:33Z</time>
   </trkpt>
   <trkpt lat="4.0859560" lon="-76.1961670">
    <ele>979.6</ele>
    <time>2025-11-16T11:48:34Z</time>
   </trkpt>
   <trkpt lat="4.0859620" lon="-76.1961820">
    <ele>979.6</ele>
    <time>2025-11-16T11:48:35Z</time>
   </trkpt>
   <trkpt lat="4.0859770" lon="-76.1962150">
    <ele>979.7</ele>
    <time>2025-11-16T11:48:36Z</time>
   </trkpt>
   <trkpt lat="4.0859850" lon="-76.1962450">
    <ele>979.7</ele>
    <time>2025-11-16T11:48:37Z</time>
   </trkpt>
   <trkpt lat="4.0859850" lon="-76.1962560">
    <ele>979.7</ele>
    <time>2025-11-16T11:48:38Z</time>
   </trkpt>
   <trkpt lat="4.0859850" lon="-76.1962950">
    <ele>979.8</ele>
    <time>2025-11-16T11:48:39Z</time>
   </trkpt>
   <trkpt lat="4.0859840" lon="-76.1963090">
    <ele>979.8</ele>
    <time>2025-11-16T11:48:40Z</time>
   </trkpt>
   <trkpt lat="4.0859890" lon="-76.1963370">
    <ele>979.8</ele>
    <time>2025-11-16T11:48:41Z</time>
   </trkpt>
   <trkpt lat="4.0859860" lon="-76.1963730">
    <ele>979.8</ele>
    <time>2025-11-16T11:48:42Z</time>
   </trkpt>
   <trkpt lat="4.0859880" lon="-76.1963880">
    <ele>979.9</ele>
    <time>2025-11-16T11:48:43Z</time>
   </trkpt>
   <trkpt lat="4.0859940" lon="-76.1964150">
    <ele>979.9</ele>
    <time>2025-11-16T11:48:44Z</time>
   </trkpt>
   <trkpt lat="4.0860050" lon="-76.1964430">
    <ele>980.0</ele>
    <time>2025-11-16T11:48:45Z</time>
   </trkpt>
   <trkpt lat="4.0860070" lon="-76.1964720">
    <ele>980.0</ele>
    <time>2025-11-16T11:48:46Z</time>
   </trkpt>
   <trkpt lat="4.0860160" lon="-76.1965090">
    <ele>980.1</ele>
    <time>2025-11-16T11:48:47Z</time>
   </trkpt>
   <trkpt lat="4.0860180" lon="-76.1965510">
    <ele>980.1</ele>
    <time>2025-11-16T11:48:48Z</time>
   </trkpt>
   <trkpt lat="4.0860190" lon="-76.1965670">
    <ele>980.2</ele>
    <time>2025-11-16T11:48:49Z</time>
   </trkpt>
   <trkpt lat="4.0860240" lon="-76.1965990">
    <ele>980.2</ele>
    <time>2025-11-16T11:48:50Z</time>
   </trkpt>
   <trkpt lat="4.0860320" lon="-76.1966390">
    <ele>980.3</ele>
    <time>2025-11-16T11:48:51Z</time>
   </trkpt>
   <trkpt lat="4.0860340" lon="-76.1966550">
    <ele>980.3</ele>
    <time>2025-11-16T11:48:52Z</time>
   </trkpt>
   <trkpt lat="4.0860410" lon="-76.1966980">
    <ele>980.4</ele>
    <time>2025-11-16T11:48:53Z</time>
   </trkpt>
   <trkpt lat="4.0860450" lon="-76.1967150">
    <ele>980.4</ele>
    <time>2025-11-16T11:48:54Z</time>
   </trkpt>
   <trkpt lat="4.0860430" lon="-76.1967500">
    <ele>980.5</ele>
    <time>2025-11-16T11:48:55Z</time>
   </trkpt>
   <trkpt lat="4.0860460" lon="-76.1967780">
    <ele>980.5</ele>
    <time>2025-11-16T11:48:56Z</time>
   </trkpt>
   <trkpt lat="4.0860550" lon="-76.1968140">
    <ele>980.5</ele>
    <time>2025-11-16T11:48:57Z</time>
   </trkpt>
   <trkpt lat="4.0860570" lon="-76.1968410">
    <ele>980.5</ele>
    <time>2025-11-16T11:48:58Z</time>
   </trkpt>
   <trkpt lat="4.0860650" lon="-76.1968690">
    <ele>980.5</ele>
    <time>2025-11-16T11:48:59Z</time>
   </trkpt>
   <trkpt lat="4.0860740" lon="-76.1969020">
    <ele>980.5</ele>
    <time>2025-11-16T11:49:00Z</time>
   </trkpt>
   <trkpt lat="4.0860790" lon="-76.1969330">
    <ele>980.5</ele>
    <time>2025-11-16T11:49:01Z</time>
   </trkpt>
   <trkpt lat="4.0860830" lon="-76.1969670">
    <ele>980.5</ele>
    <time>2025-11-16T11:49:02Z</time>
   </trkpt>
   <trkpt lat="4.0860860" lon="-76.1970020">
    <ele>980.5</ele>
    <time>2025-11-16T11:49:03Z</time>
   </trkpt>
   <trkpt lat="4.0861000" lon="-76.1970340">
    <ele>980.4</ele>
    <time>2025-11-16T11:49:04Z</time>
   </trkpt>
   <trkpt lat="4.0861100" lon="-76.1970750">
    <ele>980.4</ele>
    <time>2025-11-16T11:49:06Z</time>
   </trkpt>
   <trkpt lat="4.0861120" lon="-76.1970900">
    <ele>980.4</ele>
    <time>2025-11-16T11:49:07Z</time>
   </trkpt>
   <trkpt lat="4.0861210" lon="-76.1971230">
    <ele>980.3</ele>
    <time>2025-11-16T11:49:08Z</time>
   </trkpt>
   <trkpt lat="4.0861250" lon="-76.1971640">
    <ele>980.3</ele>
    <time>2025-11-16T11:49:09Z</time>
   </trkpt>
   <trkpt lat="4.0861270" lon="-76.1971800">
    <ele>980.3</ele>
    <time>2025-11-16T11:49:10Z</time>
   </trkpt>
   <trkpt lat="4.0861290" lon="-76.1972140">
    <ele>980.2</ele>
    <time>2025-11-16T11:49:11Z</time>
   </trkpt>
   <trkpt lat="4.0861440" lon="-76.1972480">
    <ele>980.2</ele>
    <time>2025-11-16T11:49:12Z</time>
   </trkpt>
   <trkpt lat="4.0861480" lon="-76.1972780">
    <ele>980.2</ele>
    <time>2025-11-16T11:49:13Z</time>
   </trkpt>
   <trkpt lat="4.0861560" lon="-76.1973130">
    <ele>980.1</ele>
    <time>2025-11-16T11:49:14Z</time>
   </trkpt>
   <trkpt lat="4.0861620" lon="-76.1973540">
    <ele>980.1</ele>
    <time>2025-11-16T11:49:15Z</time>
   </trkpt>
   <trkpt lat="4.0861640" lon="-76.1973690">
    <ele>980.1</ele>
    <time>2025-11-16T11:49:16Z</time>
   </trkpt>
   <trkpt lat="4.0861660" lon="-76.1974010">
    <ele>980.0</ele>
    <time>2025-11-16T11:49:17Z</time>
   </trkpt>
   <trkpt lat="4.0861730" lon="-76.1974330">
    <ele>980.0</ele>
    <time>2025-11-16T11:49:18Z</time>
   </trkpt>
   <trkpt lat="4.0861790" lon="-76.1974610">
    <ele>980.0</ele>
    <time>2025-11-16T11:49:19Z</time>
   </trkpt>
   <trkpt lat="4.0861870" lon="-76.1974950">
    <ele>979.9</ele>
    <time>2025-11-16T11:49:20Z</time>
   </trkpt>
   <trkpt lat="4.0861910" lon="-76.1975320">
    <ele>979.9</ele>
    <time>2025-11-16T11:49:21Z</time>
   </trkpt>
   <trkpt lat="4.0861990" lon="-76.1975620">
    <ele>979.9</ele>
    <time>2025-11-16T11:49:22Z</time>
   </trkpt>
   <trkpt lat="4.0862100" lon="-76.1975930">
    <ele>979.8</ele>
    <time>2025-11-16T11:49:23Z</time>
   </trkpt>
   <trkpt lat="4.0862190" lon="-76.1976240">
    <ele>979.8</ele>
    <time>2025-11-16T11:49:24Z</time>
   </trkpt>
   <trkpt lat="4.0862230" lon="-76.1976530">
    <ele>979.8</ele>
    <time>2025-11-16T11:49:25Z</time>
   </trkpt>
   <trkpt lat="4.0862260" lon="-76.1976900">
    <ele>979.8</ele>
    <time>2025-11-16T11:49:26Z</time>
   </trkpt>
   <trkpt lat="4.0862260" lon="-76.1977220">
    <ele>979.7</ele>
    <time>2025-11-16T11:49:27Z</time>
   </trkpt>
   <trkpt lat="4.0862370" lon="-76.1977480">
    <ele>979.7</ele>
    <time>2025-11-16T11:49:28Z</time>
   </trkpt>
   <trkpt lat="4.0862510" lon="-76.1977840">
    <ele>979.7</ele>
    <time>2025-11-16T11:49:29Z</time>
   </trkpt>
   <trkpt lat="4.0862570" lon="-76.1978140">
    <ele>979.7</ele>
    <time>2025-11-16T11:49:30Z</time>
   </trkpt>
   <trkpt lat="4.0862620" lon="-76.1978430">
    <ele>979.7</ele>
    <time>2025-11-16T11:49:31Z</time>
   </trkpt>
   <trkpt lat="4.0862650" lon="-76.1978750">
    <ele>979.7</ele>
    <time>2025-11-16T11:49:32Z</time>
   </trkpt>
   <trkpt lat="4.0862670" lon="-76.1979040">
    <ele>979.7</ele>
    <time>2025-11-16T11:49:33Z</time>
   </trkpt>
   <trkpt lat="4.0862750" lon="-76.1979340">
    <ele>979.7</ele>
    <time>2025-11-16T11:49:34Z</time>
   </trkpt>
   <trkpt lat="4.0862830" lon="-76.1979760">
    <ele>979.7</ele>
    <time>2025-11-16T11:49:35Z</time>
   </trkpt>
   <trkpt lat="4.0862980" lon="-76.1980050">
    <ele>979.7</ele>
    <time>2025-11-16T11:49:36Z</time>
   </trkpt>
   <trkpt lat="4.0862960" lon="-76.1980440">
    <ele>979.7</ele>
    <time>2025-11-16T11:49:37Z</time>
   </trkpt>
   <trkpt lat="4.0863050" lon="-76.1980750">
    <ele>979.7</ele>
    <time>2025-11-16T11:49:38Z</time>
   </trkpt>
   <trkpt lat="4.0863120" lon="-76.1980870">
    <ele>979.7</ele>
    <time>2025-11-16T11:49:39Z</time>
   </trkpt>
   <trkpt lat="4.0863200" lon="-76.1981220">
    <ele>979.7</ele>
    <time>2025-11-16T11:49:40Z</time>
   </trkpt>
   <trkpt lat="4.0863240" lon="-76.1981540">
    <ele>979.7</ele>
    <time>2025-11-16T11:49:41Z</time>
   </trkpt>
   <trkpt lat="4.0863340" lon="-76.1981920">
    <ele>979.7</ele>
    <time>2025-11-16T11:49:42Z</time>
   </trkpt>
   <trkpt lat="4.0863380" lon="-76.1982200">
    <ele>979.7</ele>
    <time>2025-11-16T11:49:43Z</time>
   </trkpt>
   <trkpt lat="4.0863370" lon="-76.1982540">
    <ele>979.7</ele>
    <time>2025-11-16T11:49:44Z</time>
   </trkpt>
   <trkpt lat="4.0863410" lon="-76.1982900">
    <ele>979.7</ele>
    <time>2025-11-16T11:49:45Z</time>
   </trkpt>
   <trkpt lat="4.0863380" lon="-76.1983010">
    <ele>979.7</ele>
    <time>2025-11-16T11:49:46Z</time>
   </trkpt>
   <trkpt lat="4.0863370" lon="-76.1983410">
    <ele>979.6</ele>
    <time>2025-11-16T11:49:47Z</time>
   </trkpt>
   <trkpt lat="4.0863360" lon="-76.1983570">
    <ele>979.6</ele>
    <time>2025-11-16T11:49:48Z</time>
   </trkpt>
   <trkpt lat="4.0863680" lon="-76.1984140">
    <ele>979.6</ele>
    <time>2025-11-16T11:49:49Z</time>
   </trkpt>
   <trkpt lat="4.0863680" lon="-76.1984500">
    <ele>979.6</ele>
    <time>2025-11-16T11:49:50Z</time>
   </trkpt>
   <trkpt lat="4.0863680" lon="-76.1984970">
    <ele>979.6</ele>
    <time>2025-11-16T11:49:51Z</time>
   </trkpt>
   <trkpt lat="4.0863640" lon="-76.1985170">
    <ele>979.6</ele>
    <time>2025-11-16T11:49:52Z</time>
   </trkpt>
   <trkpt lat="4.0863660" lon="-76.1985450">
    <ele>979.5</ele>
    <time>2025-11-16T11:49:53Z</time>
   </trkpt>
   <trkpt lat="4.0863780" lon="-76.1985750">
    <ele>979.5</ele>
    <time>2025-11-16T11:49:54Z</time>
   </trkpt>
   <trkpt lat="4.0863780" lon="-76.1986110">
    <ele>979.5</ele>
    <time>2025-11-16T11:49:55Z</time>
   </trkpt>
   <trkpt lat="4.0863830" lon="-76.1986420">
    <ele>979.5</ele>
    <time>2025-11-16T11:49:56Z</time>
   </trkpt>
   <trkpt lat="4.0863860" lon="-76.1986810">
    <ele>979.4</ele>
    <time>2025-11-16T11:49:57Z</time>
   </trkpt>
   <trkpt lat="4.0864130" lon="-76.1987240">
    <ele>979.4</ele>
    <time>2025-11-16T11:49:58Z</time>
   </trkpt>
   <trkpt lat="4.0864290" lon="-76.1987430">
    <ele>979.4</ele>
    <time>2025-11-16T11:49:59Z</time>
   </trkpt>
   <trkpt lat="4.0864240" lon="-76.1987700">
    <ele>979.4</ele>
    <time>2025-11-16T11:50:00Z</time>
   </trkpt>
   <trkpt lat="4.0864200" lon="-76.1987970">
    <ele>979.4</ele>
    <time>2025-11-16T11:50:01Z</time>
   </trkpt>
   <trkpt lat="4.0864140" lon="-76.1988260">
    <ele>979.3</ele>
    <time>2025-11-16T11:50:02Z</time>
   </trkpt>
   <trkpt lat="4.0864180" lon="-76.1988670">
    <ele>979.3</ele>
    <time>2025-11-16T11:50:03Z</time>
   </trkpt>
   <trkpt lat="4.0864230" lon="-76.1988830">
    <ele>979.3</ele>
    <time>2025-11-16T11:50:04Z</time>
   </trkpt>
   <trkpt lat="4.0864340" lon="-76.1989160">
    <ele>979.3</ele>
    <time>2025-11-16T11:50:05Z</time>
   </trkpt>
   <trkpt lat="4.0864470" lon="-76.1989560">
    <ele>979.3</ele>
    <time>2025-11-16T11:50:06Z</time>
   </trkpt>
   <trkpt lat="4.0864580" lon="-76.1989920">
    <ele>979.3</ele>
    <time>2025-11-16T11:50:07Z</time>
   </trkpt>
   <trkpt lat="4.0864590" lon="-76.1990240">
    <ele>979.2</ele>
    <time>2025-11-16T11:50:08Z</time>
   </trkpt>
   <trkpt lat="4.0864600" lon="-76.1990390">
    <ele>979.2</ele>
    <time>2025-11-16T11:50:09Z</time>
   </trkpt>
   <trkpt lat="4.0864660" lon="-76.1990770">
    <ele>979.2</ele>
    <time>2025-11-16T11:50:10Z</time>
   </trkpt>
   <trkpt lat="4.0864660" lon="-76.1990910">
    <ele>979.2</ele>
    <time>2025-11-16T11:50:11Z</time>
   </trkpt>
   <trkpt lat="4.0864590" lon="-76.1991240">
    <ele>979.2</ele>
    <time>2025-11-16T11:50:12Z</time>
   </trkpt>
   <trkpt lat="4.0864800" lon="-76.1991590">
    <ele>979.1</ele>
    <time>2025-11-16T11:50:13Z</time>
   </trkpt>
   <trkpt lat="4.0864830" lon="-76.1991750">
    <ele>979.1</ele>
    <time>2025-11-16T11:50:14Z</time>
   </trkpt>
   <trkpt lat="4.0864930" lon="-76.1992100">
    <ele>979.1</ele>
    <time>2025-11-16T11:50:15Z</time>
   </trkpt>
   <trkpt lat="4.0865010" lon="-76.1992210">
    <ele>979.1</ele>
    <time>2025-11-16T11:50:16Z</time>
   </trkpt>
   <trkpt lat="4.0865120" lon="-76.1992500">
    <ele>979.1</ele>
    <time>2025-11-16T11:50:17Z</time>
   </trkpt>
   <trkpt lat="4.0865160" lon="-76.1992860">
    <ele>979.0</ele>
    <time>2025-11-16T11:50:18Z</time>
   </trkpt>
   <trkpt lat="4.0865110" lon="-76.1993230">
    <ele>979.0</ele>
    <time>2025-11-16T11:50:19Z</time>
   </trkpt>
   <trkpt lat="4.0865030" lon="-76.1993570">
    <ele>979.0</ele>
    <time>2025-11-16T11:50:20Z</time>
   </trkpt>
   <trkpt lat="4.0865010" lon="-76.1993880">
    <ele>978.9</ele>
    <time>2025-11-16T11:50:21Z</time>
   </trkpt>
   <trkpt lat="4.0865010" lon="-76.1994160">
    <ele>978.9</ele>
    <time>2025-11-16T11:50:22Z</time>
   </trkpt>
   <trkpt lat="4.0865130" lon="-76.1994440">
    <ele>978.9</ele>
    <time>2025-11-16T11:50:23Z</time>
   </trkpt>
   <trkpt lat="4.0865310" lon="-76.1994850">
    <ele>978.9</ele>
    <time>2025-11-16T11:50:24Z</time>
   </trkpt>
   <trkpt lat="4.0865450" lon="-76.1995250">
    <ele>978.8</ele>
    <time>2025-11-16T11:50:25Z</time>
   </trkpt>
   <trkpt lat="4.0865630" lon="-76.1995540">
    <ele>978.8</ele>
    <time>2025-11-16T11:50:26Z</time>
   </trkpt>
   <trkpt lat="4.0865680" lon="-76.1995920">
    <ele>978.8</ele>
    <time>2025-11-16T11:50:27Z</time>
   </trkpt>
   <trkpt lat="4.0865650" lon="-76.1996320">
    <ele>978.8</ele>
    <time>2025-11-16T11:50:28Z</time>
   </trkpt>
   <trkpt lat="4.0865700" lon="-76.1996710">
    <ele>978.8</ele>
    <time>2025-11-16T11:50:29Z</time>
   </trkpt>
   <trkpt lat="4.0865770" lon="-76.1996850">
    <ele>978.8</ele>
    <time>2025-11-16T11:50:30Z</time>
   </trkpt>
   <trkpt lat="4.0865850" lon="-76.1997120">
    <ele>978.8</ele>
    <time>2025-11-16T11:50:31Z</time>
   </trkpt>
   <trkpt lat="4.0865890" lon="-76.1997400">
    <ele>978.8</ele>
    <time>2025-11-16T11:50:32Z</time>
   </trkpt>
   <trkpt lat="4.0865970" lon="-76.1997680">
    <ele>978.8</ele>
    <time>2025-11-16T11:50:33Z</time>
   </trkpt>
   <trkpt lat="4.0866060" lon="-76.1997970">
    <ele>978.9</ele>
    <time>2025-11-16T11:50:34Z</time>
   </trkpt>
   <trkpt lat="4.0866210" lon="-76.1998340">
    <ele>978.9</ele>
    <time>2025-11-16T11:50:35Z</time>
   </trkpt>
   <trkpt lat="4.0866220" lon="-76.1998510">
    <ele>978.9</ele>
    <time>2025-11-16T11:50:36Z</time>
   </trkpt>
   <trkpt lat="4.0866310" lon="-76.1998840">
    <ele>978.9</ele>
    <time>2025-11-16T11:50:37Z</time>
   </trkpt>
   <trkpt lat="4.0866330" lon="-76.1998940">
    <ele>978.9</ele>
    <time>2025-11-16T11:50:38Z</time>
   </trkpt>
   <trkpt lat="4.0866360" lon="-76.1999260">
    <ele>978.9</ele>
    <time>2025-11-16T11:50:39Z</time>
   </trkpt>
   <trkpt lat="4.0866430" lon="-76.1999580">
    <ele>978.9</ele>
    <time>2025-11-16T11:50:40Z</time>
   </trkpt>
   <trkpt lat="4.0866430" lon="-76.1999920">
    <ele>978.9</ele>
    <time>2025-11-16T11:50:41Z</time>
   </trkpt>
   <trkpt lat="4.0866490" lon="-76.2000260">
    <ele>978.9</ele>
    <time>2025-11-16T11:50:42Z</time>
   </trkpt>
   <trkpt lat="4.0866530" lon="-76.2000360">
    <ele>978.9</ele>
    <time>2025-11-16T11:50:43Z</time>
   </trkpt>
   <trkpt lat="4.0866590" lon="-76.2000650">
    <ele>978.8</ele>
    <time>2025-11-16T11:50:44Z</time>
   </trkpt>
   <trkpt lat="4.0866660" lon="-76.2000970">
    <ele>978.8</ele>
    <time>2025-11-16T11:50:45Z</time>
   </trkpt>
   <trkpt lat="4.0866560" lon="-76.2001310">
    <ele>978.8</ele>
    <time>2025-11-16T11:50:46Z</time>
   </trkpt>
   <trkpt lat="4.0866610" lon="-76.2001640">
    <ele>978.8</ele>
    <time>2025-11-16T11:50:47Z</time>
   </trkpt>
   <trkpt lat="4.0866730" lon="-76.2001910">
    <ele>978.8</ele>
    <time>2025-11-16T11:50:48Z</time>
   </trkpt>
   <trkpt lat="4.0866880" lon="-76.2002210">
    <ele>978.8</ele>
    <time>2025-11-16T11:50:49Z</time>
   </trkpt>
   <trkpt lat="4.0867010" lon="-76.2002490">
    <ele>978.8</ele>
    <time>2025-11-16T11:50:50Z</time>
   </trkpt>
   <trkpt lat="4.0867080" lon="-76.2002760">
    <ele>978.8</ele>
    <time>2025-11-16T11:50:51Z</time>
   </trkpt>
   <trkpt lat="4.0867190" lon="-76.2003050">
    <ele>978.8</ele>
    <time>2025-11-16T11:50:52Z</time>
   </trkpt>
   <trkpt lat="4.0867380" lon="-76.2003410">
    <ele>978.7</ele>
    <time>2025-11-16T11:50:53Z</time>
   </trkpt>
   <trkpt lat="4.0867480" lon="-76.2003520">
    <ele>978.7</ele>
    <time>2025-11-16T11:50:54Z</time>
   </trkpt>
   <trkpt lat="4.0867570" lon="-76.2003810">
    <ele>978.7</ele>
    <time>2025-11-16T11:50:55Z</time>
   </trkpt>
   <trkpt lat="4.0867650" lon="-76.2004100">
    <ele>978.7</ele>
    <time>2025-11-16T11:50:56Z</time>
   </trkpt>
   <trkpt lat="4.0867750" lon="-76.2004500">
    <ele>978.7</ele>
    <time>2025-11-16T11:50:57Z</time>
   </trkpt>
   <trkpt lat="4.0867790" lon="-76.2004660">
    <ele>978.7</ele>
    <time>2025-11-16T11:50:58Z</time>
   </trkpt>
   <trkpt lat="4.0867900" lon="-76.2004920">
    <ele>978.7</ele>
    <time>2025-11-16T11:50:59Z</time>
   </trkpt>
   <trkpt lat="4.0868020" lon="-76.2005210">
    <ele>978.7</ele>
    <time>2025-11-16T11:51:00Z</time>
   </trkpt>
   <trkpt lat="4.0868140" lon="-76.2005500">
    <ele>978.7</ele>
    <time>2025-11-16T11:51:01Z</time>
   </trkpt>
   <trkpt lat="4.0868260" lon="-76.2005770">
    <ele>978.7</ele>
    <time>2025-11-16T11:51:02Z</time>
   </trkpt>
   <trkpt lat="4.0868350" lon="-76.2006110">
    <ele>978.7</ele>
    <time>2025-11-16T11:51:03Z</time>
   </trkpt>
   <trkpt lat="4.0868390" lon="-76.2006230">
    <ele>978.7</ele>
    <time>2025-11-16T11:51:04Z</time>
   </trkpt>
   <trkpt lat="4.0868550" lon="-76.2006540">
    <ele>978.7</ele>
    <time>2025-11-16T11:51:05Z</time>
   </trkpt>
   <trkpt lat="4.0868740" lon="-76.2006880">
    <ele>978.7</ele>
    <time>2025-11-16T11:51:06Z</time>
   </trkpt>
   <trkpt lat="4.0868810" lon="-76.2007000">
    <ele>978.7</ele>
    <time>2025-11-16T11:51:07Z</time>
   </trkpt>
   <trkpt lat="4.0868890" lon="-76.2007360">
    <ele>978.7</ele>
    <time>2025-11-16T11:51:08Z</time>
   </trkpt>
   <trkpt lat="4.0868920" lon="-76.2007500">
    <ele>978.7</ele>
    <time>2025-11-16T11:51:09Z</time>
   </trkpt>
   <trkpt lat="4.0869100" lon="-76.2007770">
    <ele>978.7</ele>
    <time>2025-11-16T11:51:10Z</time>
   </trkpt>
   <trkpt lat="4.0869260" lon="-76.2008140">
    <ele>978.7</ele>
    <time>2025-11-16T11:51:12Z</time>
   </trkpt>
   <trkpt lat="4.0869320" lon="-76.2008280">
    <ele>978.6</ele>
    <time>2025-11-16T11:51:13Z</time>
   </trkpt>
   <trkpt lat="4.0869500" lon="-76.2008530">
    <ele>978.6</ele>
    <time>2025-11-16T11:51:14Z</time>
   </trkpt>
   <trkpt lat="4.0869620" lon="-76.2008780">
    <ele>978.6</ele>
    <time>2025-11-16T11:51:15Z</time>
   </trkpt>
   <trkpt lat="4.0869820" lon="-76.2009190">
    <ele>978.6</ele>
    <time>2025-11-16T11:51:16Z</time>
   </trkpt>
   <trkpt lat="4.0869910" lon="-76.2009360">
    <ele>978.6</ele>
    <time>2025-11-16T11:51:17Z</time>
   </trkpt>
   <trkpt lat="4.0870050" lon="-76.2009630">
    <ele>978.6</ele>
    <time>2025-11-16T11:51:18Z</time>
   </trkpt>
   <trkpt lat="4.0870000" lon="-76.2009910">
    <ele>978.6</ele>
    <time>2025-11-16T11:51:19Z</time>
   </trkpt>
   <trkpt lat="4.0870140" lon="-76.2010210">
    <ele>978.6</ele>
    <time>2025-11-16T11:51:20Z</time>
   </trkpt>
   <trkpt lat="4.0870360" lon="-76.2010500">
    <ele>978.6</ele>
    <time>2025-11-16T11:51:21Z</time>
   </trkpt>
   <trkpt lat="4.0870470" lon="-76.2010850">
    <ele>978.6</ele>
    <time>2025-11-16T11:51:22Z</time>
   </trkpt>
   <trkpt lat="4.0870530" lon="-76.2010990">
    <ele>978.6</ele>
    <time>2025-11-16T11:51:23Z</time>
   </trkpt>
   <trkpt lat="4.0870690" lon="-76.2011270">
    <ele>978.6</ele>
    <time>2025-11-16T11:51:24Z</time>
   </trkpt>
   <trkpt lat="4.0870790" lon="-76.2011540">
    <ele>978.6</ele>
    <time>2025-11-16T11:51:25Z</time>
   </trkpt>
   <trkpt lat="4.0870890" lon="-76.2011950">
    <ele>978.6</ele>
    <time>2025-11-16T11:51:26Z</time>
   </trkpt>
   <trkpt lat="4.0870950" lon="-76.2012130">
    <ele>978.6</ele>
    <time>2025-11-16T11:51:27Z</time>
   </trkpt>
   <trkpt lat="4.0871120" lon="-76.2012480">
    <ele>978.6</ele>
    <time>2025-11-16T11:51:28Z</time>
   </trkpt>
   <trkpt lat="4.0871160" lon="-76.2012600">
    <ele>978.6</ele>
    <time>2025-11-16T11:51:29Z</time>
   </trkpt>
   <trkpt lat="4.0871300" lon="-76.2012840">
    <ele>978.6</ele>
    <time>2025-11-16T11:51:30Z</time>
   </trkpt>
   <trkpt lat="4.0871500" lon="-76.2013090">
    <ele>978.6</ele>
    <time>2025-11-16T11:51:31Z</time>
   </trkpt>
   <trkpt lat="4.0871600" lon="-76.2013380">
    <ele>978.5</ele>
    <time>2025-11-16T11:51:32Z</time>
   </trkpt>
   <trkpt lat="4.0871690" lon="-76.2013650">
    <ele>978.5</ele>
    <time>2025-11-16T11:51:33Z</time>
   </trkpt>
   <trkpt lat="4.0871800" lon="-76.2013920">
    <ele>978.5</ele>
    <time>2025-11-16T11:51:34Z</time>
   </trkpt>
   <trkpt lat="4.0871970" lon="-76.2014250">
    <ele>978.5</ele>
    <time>2025-11-16T11:51:35Z</time>
   </trkpt>
   <trkpt lat="4.0872060" lon="-76.2014390">
    <ele>978.5</ele>
    <time>2025-11-16T11:51:36Z</time>
   </trkpt>
   <trkpt lat="4.0872270" lon="-76.2014730">
    <ele>978.5</ele>
    <time>2025-11-16T11:51:37Z</time>
   </trkpt>
   <trkpt lat="4.0872320" lon="-76.2014870">
    <ele>978.4</ele>
    <time>2025-11-16T11:51:38Z</time>
   </trkpt>
   <trkpt lat="4.0872480" lon="-76.2015220">
    <ele>978.4</ele>
    <time>2025-11-16T11:51:39Z</time>
   </trkpt>
   <trkpt lat="4.0872530" lon="-76.2015340">
    <ele>978.3</ele>
    <time>2025-11-16T11:51:40Z</time>
   </trkpt>
   <trkpt lat="4.0872670" lon="-76.2015600">
    <ele>978.2</ele>
    <time>2025-11-16T11:51:41Z</time>
   </trkpt>
   <trkpt lat="4.0872850" lon="-76.2015870">
    <ele>978.1</ele>
    <time>2025-11-16T11:51:42Z</time>
   </trkpt>
   <trkpt lat="4.0872950" lon="-76.2016160">
    <ele>978.1</ele>
    <time>2025-11-16T11:51:43Z</time>
   </trkpt>
   <trkpt lat="4.0873110" lon="-76.2016390">
    <ele>978.0</ele>
    <time>2025-11-16T11:51:44Z</time>
   </trkpt>
   <trkpt lat="4.0873290" lon="-76.2016640">
    <ele>977.8</ele>
    <time>2025-11-16T11:51:45Z</time>
   </trkpt>
   <trkpt lat="4.0873450" lon="-76.2016890">
    <ele>977.7</ele>
    <time>2025-11-16T11:51:46Z</time>
   </trkpt>
   <trkpt lat="4.0873570" lon="-76.2017170">
    <ele>977.5</ele>
    <time>2025-11-16T11:51:47Z</time>
   </trkpt>
   <trkpt lat="4.0873720" lon="-76.2017510">
    <ele>977.4</ele>
    <time>2025-11-16T11:51:48Z</time>
   </trkpt>
   <trkpt lat="4.0873770" lon="-76.2017630">
    <ele>977.3</ele>
    <time>2025-11-16T11:51:49Z</time>
   </trkpt>
   <trkpt lat="4.0873920" lon="-76.2017940">
    <ele>977.2</ele>
    <time>2025-11-16T11:51:50Z</time>
   </trkpt>
   <trkpt lat="4.0874140" lon="-76.2018480">
    <ele>977.1</ele>
    <time>2025-11-16T11:51:51Z</time>
   </trkpt>
   <trkpt lat="4.0874330" lon="-76.2018730">
    <ele>977.0</ele>
    <time>2025-11-16T11:51:52Z</time>
   </trkpt>
   <trkpt lat="4.0874570" lon="-76.2018940">
    <ele>977.0</ele>
    <time>2025-11-16T11:51:53Z</time>
   </trkpt>
   <trkpt lat="4.0874590" lon="-76.2019340">
    <ele>977.0</ele>
    <time>2025-11-16T11:51:54Z</time>
   </trkpt>
   <trkpt lat="4.0874610" lon="-76.2019480">
    <ele>977.1</ele>
    <time>2025-11-16T11:51:55Z</time>
   </trkpt>
   <trkpt lat="4.0874680" lon="-76.2019740">
    <ele>977.1</ele>
    <time>2025-11-16T11:51:56Z</time>
   </trkpt>
   <trkpt lat="4.0874920" lon="-76.2020030">
    <ele>977.2</ele>
    <time>2025-11-16T11:51:57Z</time>
   </trkpt>
   <trkpt lat="4.0875000" lon="-76.2020130">
    <ele>977.2</ele>
    <time>2025-11-16T11:51:58Z</time>
   </trkpt>
   <trkpt lat="4.0875050" lon="-76.2020440">
    <ele>977.2</ele>
    <time>2025-11-16T11:51:59Z</time>
   </trkpt>
   <trkpt lat="4.0875160" lon="-76.2020680">
    <ele>977.3</ele>
    <time>2025-11-16T11:52:00Z</time>
   </trkpt>
   <trkpt lat="4.0875310" lon="-76.2020920">
    <ele>977.4</ele>
    <time>2025-11-16T11:52:01Z</time>
   </trkpt>
   <trkpt lat="4.0875370" lon="-76.2021190">
    <ele>977.4</ele>
    <time>2025-11-16T11:52:02Z</time>
   </trkpt>
   <trkpt lat="4.0875560" lon="-76.2021520">
    <ele>977.5</ele>
    <time>2025-11-16T11:52:03Z</time>
   </trkpt>
   <trkpt lat="4.0875630" lon="-76.2021640">
    <ele>977.5</ele>
    <time>2025-11-16T11:52:04Z</time>
   </trkpt>
   <trkpt lat="4.0875720" lon="-76.2021900">
    <ele>977.6</ele>
    <time>2025-11-16T11:52:05Z</time>
   </trkpt>
   <trkpt lat="4.0875780" lon="-76.2022170">
    <ele>977.6</ele>
    <time>2025-11-16T11:52:06Z</time>
   </trkpt>
   <trkpt lat="4.0875930" lon="-76.2022420">
    <ele>977.6</ele>
    <time>2025-11-16T11:52:07Z</time>
   </trkpt>
   <trkpt lat="4.0876070" lon="-76.2022790">
    <ele>977.6</ele>
    <time>2025-11-16T11:52:08Z</time>
   </trkpt>
   <trkpt lat="4.0876170" lon="-76.2022910">
    <ele>977.7</ele>
    <time>2025-11-16T11:52:09Z</time>
   </trkpt>
   <trkpt lat="4.0876320" lon="-76.2023180">
    <ele>977.7</ele>
    <time>2025-11-16T11:52:10Z</time>
   </trkpt>
   <trkpt lat="4.0876420" lon="-76.2023430">
    <ele>977.7</ele>
    <time>2025-11-16T11:52:11Z</time>
   </trkpt>
   <trkpt lat="4.0876540" lon="-76.2023680">
    <ele>977.7</ele>
    <time>2025-11-16T11:52:12Z</time>
   </trkpt>
   <trkpt lat="4.0876690" lon="-76.2024050">
    <ele>977.7</ele>
    <time>2025-11-16T11:52:13Z</time>
   </trkpt>
   <trkpt lat="4.0876750" lon="-76.2024180">
    <ele>977.7</ele>
    <time>2025-11-16T11:52:14Z</time>
   </trkpt>
   <trkpt lat="4.0876840" lon="-76.2024440">
    <ele>977.7</ele>
    <time>2025-11-16T11:52:15Z</time>
   </trkpt>
   <trkpt lat="4.0877000" lon="-76.2024800">
    <ele>977.7</ele>
    <time>2025-11-16T11:52:16Z</time>
   </trkpt>
   <trkpt lat="4.0877070" lon="-76.2024930">
    <ele>977.7</ele>
    <time>2025-11-16T11:52:17Z</time>
   </trkpt>
   <trkpt lat="4.0877240" lon="-76.2025160">
    <ele>977.7</ele>
    <time>2025-11-16T11:52:18Z</time>
   </trkpt>
   <trkpt lat="4.0877360" lon="-76.2025440">
    <ele>977.7</ele>
    <time>2025-11-16T11:52:19Z</time>
   </trkpt>
   <trkpt lat="4.0877520" lon="-76.2025800">
    <ele>977.7</ele>
    <time>2025-11-16T11:52:20Z</time>
   </trkpt>
   <trkpt lat="4.0877590" lon="-76.2025950">
    <ele>977.7</ele>
    <time>2025-11-16T11:52:21Z</time>
   </trkpt>
   <trkpt lat="4.0877760" lon="-76.2026310">
    <ele>977.7</ele>
    <time>2025-11-16T11:52:22Z</time>
   </trkpt>
   <trkpt lat="4.0877800" lon="-76.2026450">
    <ele>977.7</ele>
    <time>2025-11-16T11:52:23Z</time>
   </trkpt>
   <trkpt lat="4.0877990" lon="-76.2026670">
    <ele>977.7</ele>
    <time>2025-11-16T11:52:24Z</time>
   </trkpt>
   <trkpt lat="4.0878140" lon="-76.2027040">
    <ele>977.7</ele>
    <time>2025-11-16T11:52:25Z</time>
   </trkpt>
   <trkpt lat="4.0878230" lon="-76.2027160">
    <ele>977.7</ele>
    <time>2025-11-16T11:52:26Z</time>
   </trkpt>
   <trkpt lat="4.0878390" lon="-76.2027450">
    <ele>977.7</ele>
    <time>2025-11-16T11:52:27Z</time>
   </trkpt>
   <trkpt lat="4.0878440" lon="-76.2027580">
    <ele>977.7</ele>
    <time>2025-11-16T11:52:28Z</time>
   </trkpt>
   <trkpt lat="4.0878510" lon="-76.2027910">
    <ele>977.7</ele>
    <time>2025-11-16T11:52:29Z</time>
   </trkpt>
   <trkpt lat="4.0878490" lon="-76.2028120">
    <ele>977.7</ele>
    <time>2025-11-16T11:52:30Z</time>
   </trkpt>
   <trkpt lat="4.0878310" lon="-76.2028390">
    <ele>977.7</ele>
    <time>2025-11-16T11:52:31Z</time>
   </trkpt>
   <trkpt lat="4.0877950" lon="-76.2028620">
    <ele>977.6</ele>
    <time>2025-11-16T11:52:32Z</time>
   </trkpt>
   <trkpt lat="4.0877790" lon="-76.2028700">
    <ele>977.6</ele>
    <time>2025-11-16T11:52:33Z</time>
   </trkpt>
   <trkpt lat="4.0877420" lon="-76.2028870">
    <ele>977.6</ele>
    <time>2025-11-16T11:52:34Z</time>
   </trkpt>
   <trkpt lat="4.0877280" lon="-76.2028930">
    <ele>977.6</ele>
    <time>2025-11-16T11:52:35Z</time>
   </trkpt>
   <trkpt lat="4.0876990" lon="-76.2029030">
    <ele>977.6</ele>
    <time>2025-11-16T11:52:36Z</time>
   </trkpt>
   <trkpt lat="4.0876760" lon="-76.2029170">
    <ele>977.6</ele>
    <time>2025-11-16T11:52:37Z</time>
   </trkpt>
   <trkpt lat="4.0876360" lon="-76.2029320">
    <ele>977.6</ele>
    <time>2025-11-16T11:52:38Z</time>
   </trkpt>
   <trkpt lat="4.0876230" lon="-76.2029400">
    <ele>977.6</ele>
    <time>2025-11-16T11:52:39Z</time>
   </trkpt>
   <trkpt lat="4.0875980" lon="-76.2029510">
    <ele>977.6</ele>
    <time>2025-11-16T11:52:40Z</time>
   </trkpt>
   <trkpt lat="4.0875750" lon="-76.2029700">
    <ele>977.7</ele>
    <time>2025-11-16T11:52:41Z</time>
   </trkpt>
   <trkpt lat="4.0875420" lon="-76.2029870">
    <ele>977.7</ele>
    <time>2025-11-16T11:52:42Z</time>
   </trkpt>
   <trkpt lat="4.0875100" lon="-76.2029980">
    <ele>977.7</ele>
    <time>2025-11-16T11:52:43Z</time>
   </trkpt>
   <trkpt lat="4.0875000" lon="-76.2030040">
    <ele>977.7</ele>
    <time>2025-11-16T11:52:44Z</time>
   </trkpt>
   <trkpt lat="4.0874700" lon="-76.2030260">
    <ele>977.7</ele>
    <time>2025-11-16T11:52:45Z</time>
   </trkpt>
   <trkpt lat="4.0874600" lon="-76.2030330">
    <ele>977.7</ele>
    <time>2025-11-16T11:52:46Z</time>
   </trkpt>
   <trkpt lat="4.0874330" lon="-76.2030470">
    <ele>977.7</ele>
    <time>2025-11-16T11:52:47Z</time>
   </trkpt>
   <trkpt lat="4.0874000" lon="-76.2030600">
    <ele>977.8</ele>
    <time>2025-11-16T11:52:48Z</time>
   </trkpt>
   <trkpt lat="4.0873630" lon="-76.2030730">
    <ele>977.8</ele>
    <time>2025-11-16T11:52:49Z</time>
   </trkpt>
   <trkpt lat="4.0873510" lon="-76.2030780">
    <ele>977.8</ele>
    <time>2025-11-16T11:52:50Z</time>
   </trkpt>
   <trkpt lat="4.0873150" lon="-76.2030860">
    <ele>977.9</ele>
    <time>2025-11-16T11:52:51Z</time>
   </trkpt>
   <trkpt lat="4.0873010" lon="-76.2030910">
    <ele>977.9</ele>
    <time>2025-11-16T11:52:52Z</time>
   </trkpt>
   <trkpt lat="4.0872810" lon="-76.2031140">
    <ele>977.9</ele>
    <time>2025-11-16T11:52:53Z</time>
   </trkpt>
   <trkpt lat="4.0872570" lon="-76.2031260">
    <ele>977.9</ele>
    <time>2025-11-16T11:52:54Z</time>
   </trkpt>
   <trkpt lat="4.0872280" lon="-76.2031360">
    <ele>978.0</ele>
    <time>2025-11-16T11:52:55Z</time>
   </trkpt>
   <trkpt lat="4.0872000" lon="-76.2031420">
    <ele>978.0</ele>
    <time>2025-11-16T11:52:56Z</time>
   </trkpt>
   <trkpt lat="4.0871690" lon="-76.2031590">
    <ele>978.1</ele>
    <time>2025-11-16T11:52:57Z</time>
   </trkpt>
   <trkpt lat="4.0871370" lon="-76.2031740">
    <ele>978.1</ele>
    <time>2025-11-16T11:52:58Z</time>
   </trkpt>
   <trkpt lat="4.0871260" lon="-76.2031750">
    <ele>978.1</ele>
    <time>2025-11-16T11:52:59Z</time>
   </trkpt>
   <trkpt lat="4.0870990" lon="-76.2031930">
    <ele>978.2</ele>
    <time>2025-11-16T11:53:00Z</time>
   </trkpt>
   <trkpt lat="4.0870630" lon="-76.2032140">
    <ele>978.2</ele>
    <time>2025-11-16T11:53:01Z</time>
   </trkpt>
   <trkpt lat="4.0870500" lon="-76.2032200">
    <ele>978.2</ele>
    <time>2025-11-16T11:53:02Z</time>
   </trkpt>
   <trkpt lat="4.0870190" lon="-76.2032330">
    <ele>978.3</ele>
    <time>2025-11-16T11:53:03Z</time>
   </trkpt>
   <trkpt lat="4.0869930" lon="-76.2032480">
    <ele>978.3</ele>
    <time>2025-11-16T11:53:04Z</time>
   </trkpt>
   <trkpt lat="4.0869670" lon="-76.2032640">
    <ele>978.4</ele>
    <time>2025-11-16T11:53:05Z</time>
   </trkpt>
   <trkpt lat="4.0869380" lon="-76.2032750">
    <ele>978.4</ele>
    <time>2025-11-16T11:53:06Z</time>
   </trkpt>
   <trkpt lat="4.0869080" lon="-76.2032890">
    <ele>978.5</ele>
    <time>2025-11-16T11:53:07Z</time>
   </trkpt>
   <trkpt lat="4.0868860" lon="-76.2033160">
    <ele>978.5</ele>
    <time>2025-11-16T11:53:08Z</time>
   </trkpt>
   <trkpt lat="4.0868620" lon="-76.2033330">
    <ele>978.6</ele>
    <time>2025-11-16T11:53:09Z</time>
   </trkpt>
   <trkpt lat="4.0868350" lon="-76.2033470">
    <ele>978.6</ele>
    <time>2025-11-16T11:53:10Z</time>
   </trkpt>
   <trkpt lat="4.0868000" lon="-76.2033610">
    <ele>978.7</ele>
    <time>2025-11-16T11:53:11Z</time>
   </trkpt>
   <trkpt lat="4.0867890" lon="-76.2033690">
    <ele>978.7</ele>
    <time>2025-11-16T11:53:12Z</time>
   </trkpt>
   <trkpt lat="4.0867630" lon="-76.2033800">
    <ele>978.8</ele>
    <time>2025-11-16T11:53:13Z</time>
   </trkpt>
   <trkpt lat="4.0867360" lon="-76.2033880">
    <ele>978.8</ele>
    <time>2025-11-16T11:53:14Z</time>
   </trkpt>
   <trkpt lat="4.0867040" lon="-76.2034050">
    <ele>978.9</ele>
    <time>2025-11-16T11:53:15Z</time>
   </trkpt>
   <trkpt lat="4.0866930" lon="-76.2034080">
    <ele>978.9</ele>
    <time>2025-11-16T11:53:16Z</time>
   </trkpt>
   <trkpt lat="4.0866650" lon="-76.2034270">
    <ele>978.9</ele>
    <time>2025-11-16T11:53:18Z</time>
   </trkpt>
   <trkpt lat="4.0866580" lon="-76.2034350">
    <ele>978.9</ele>
    <time>2025-11-16T11:53:19Z</time>
   </trkpt>
   <trkpt lat="4.0866290" lon="-76.2034550">
    <ele>979.0</ele>
    <time>2025-11-16T11:53:20Z</time>
   </trkpt>
   <trkpt lat="4.0866170" lon="-76.2034630">
    <ele>979.0</ele>
    <time>2025-11-16T11:53:21Z</time>
   </trkpt>
   <trkpt lat="4.0865890" lon="-76.2034690">
    <ele>979.1</ele>
    <time>2025-11-16T11:53:22Z</time>
   </trkpt>
   <trkpt lat="4.0865530" lon="-76.2034840">
    <ele>979.1</ele>
    <time>2025-11-16T11:53:23Z</time>
   </trkpt>
   <trkpt lat="4.0865430" lon="-76.2034930">
    <ele>979.1</ele>
    <time>2025-11-16T11:53:24Z</time>
   </trkpt>
   <trkpt lat="4.0865140" lon="-76.2035040">
    <ele>979.2</ele>
    <time>2025-11-16T11:53:25Z</time>
   </trkpt>
   <trkpt lat="4.0865030" lon="-76.2035080">
    <ele>979.2</ele>
    <time>2025-11-16T11:53:26Z</time>
   </trkpt>
   <trkpt lat="4.0864720" lon="-76.2035240">
    <ele>979.2</ele>
    <time>2025-11-16T11:53:27Z</time>
   </trkpt>
   <trkpt lat="4.0864480" lon="-76.2035400">
    <ele>979.2</ele>
    <time>2025-11-16T11:53:28Z</time>
   </trkpt>
   <trkpt lat="4.0864190" lon="-76.2035600">
    <ele>979.2</ele>
    <time>2025-11-16T11:53:29Z</time>
   </trkpt>
   <trkpt lat="4.0864080" lon="-76.2035680">
    <ele>979.2</ele>
    <time>2025-11-16T11:53:30Z</time>
   </trkpt>
   <trkpt lat="4.0863860" lon="-76.2035830">
    <ele>979.2</ele>
    <time>2025-11-16T11:53:31Z</time>
   </trkpt>
   <trkpt lat="4.0863630" lon="-76.2036010">
    <ele>979.2</ele>
    <time>2025-11-16T11:53:32Z</time>
   </trkpt>
   <trkpt lat="4.0863320" lon="-76.2036190">
    <ele>979.3</ele>
    <time>2025-11-16T11:53:33Z</time>
   </trkpt>
   <trkpt lat="4.0863180" lon="-76.2036250">
    <ele>979.3</ele>
    <time>2025-11-16T11:53:34Z</time>
   </trkpt>
   <trkpt lat="4.0862880" lon="-76.2036420">
    <ele>979.3</ele>
    <time>2025-11-16T11:53:35Z</time>
   </trkpt>
   <trkpt lat="4.0862610" lon="-76.2036540">
    <ele>979.3</ele>
    <time>2025-11-16T11:53:36Z</time>
   </trkpt>
   <trkpt lat="4.0862240" lon="-76.2036730">
    <ele>979.4</ele>
    <time>2025-11-16T11:53:37Z</time>
   </trkpt>
   <trkpt lat="4.0862080" lon="-76.2036800">
    <ele>979.4</ele>
    <time>2025-11-16T11:53:38Z</time>
   </trkpt>
   <trkpt lat="4.0861820" lon="-76.2036940">
    <ele>979.4</ele>
    <time>2025-11-16T11:53:39Z</time>
   </trkpt>
   <trkpt lat="4.0861570" lon="-76.2037090">
    <ele>979.4</ele>
    <time>2025-11-16T11:53:40Z</time>
   </trkpt>
   <trkpt lat="4.0860960" lon="-76.2037340">
    <ele>979.5</ele>
    <time>2025-11-16T11:53:41Z</time>
   </trkpt>
   <trkpt lat="4.0860680" lon="-76.2037430">
    <ele>979.5</ele>
    <time>2025-11-16T11:53:42Z</time>
   </trkpt>
   <trkpt lat="4.0860390" lon="-76.2037590">
    <ele>979.5</ele>
    <time>2025-11-16T11:53:43Z</time>
   </trkpt>
   <trkpt lat="4.0860290" lon="-76.2037610">
    <ele>979.5</ele>
    <time>2025-11-16T11:53:44Z</time>
   </trkpt>
   <trkpt lat="4.0859990" lon="-76.2037850">
    <ele>979.6</ele>
    <time>2025-11-16T11:53:45Z</time>
   </trkpt>
   <trkpt lat="4.0859820" lon="-76.2038200">
    <ele>979.6</ele>
    <time>2025-11-16T11:53:46Z</time>
   </trkpt>
   <trkpt lat="4.0859530" lon="-76.2038480">
    <ele>979.6</ele>
    <time>2025-11-16T11:53:47Z</time>
   </trkpt>
   <trkpt lat="4.0859230" lon="-76.2038340">
    <ele>979.7</ele>
    <time>2025-11-16T11:53:48Z</time>
   </trkpt>
   <trkpt lat="4.0859100" lon="-76.2038380">
    <ele>979.7</ele>
    <time>2025-11-16T11:53:49Z</time>
   </trkpt>
   <trkpt lat="4.0858780" lon="-76.2038530">
    <ele>979.7</ele>
    <time>2025-11-16T11:53:50Z</time>
   </trkpt>
   <trkpt lat="4.0858520" lon="-76.2038610">
    <ele>979.7</ele>
    <time>2025-11-16T11:53:51Z</time>
   </trkpt>
   <trkpt lat="4.0858230" lon="-76.2038720">
    <ele>979.8</ele>
    <time>2025-11-16T11:53:52Z</time>
   </trkpt>
   <trkpt lat="4.0857880" lon="-76.2038740">
    <ele>979.8</ele>
    <time>2025-11-16T11:53:53Z</time>
   </trkpt>
   <trkpt lat="4.0857780" lon="-76.2038840">
    <ele>979.8</ele>
    <time>2025-11-16T11:53:54Z</time>
   </trkpt>
   <trkpt lat="4.0857520" lon="-76.2038990">
    <ele>979.8</ele>
    <time>2025-11-16T11:53:55Z</time>
   </trkpt>
   <trkpt lat="4.0857250" lon="-76.2039110">
    <ele>979.9</ele>
    <time>2025-11-16T11:53:56Z</time>
   </trkpt>
   <trkpt lat="4.0856920" lon="-76.2039170">
    <ele>979.9</ele>
    <time>2025-11-16T11:53:57Z</time>
   </trkpt>
   <trkpt lat="4.0856630" lon="-76.2039220">
    <ele>979.9</ele>
    <time>2025-11-16T11:53:58Z</time>
   </trkpt>
   <trkpt lat="4.0856510" lon="-76.2039220">
    <ele>979.9</ele>
    <time>2025-11-16T11:53:59Z</time>
   </trkpt>
   <trkpt lat="4.0856140" lon="-76.2039120">
    <ele>979.9</ele>
    <time>2025-11-16T11:54:00Z</time>
   </trkpt>
   <trkpt lat="4.0856000" lon="-76.2039040">
    <ele>979.9</ele>
    <time>2025-11-16T11:54:01Z</time>
   </trkpt>
   <trkpt lat="4.0855740" lon="-76.2038930">
    <ele>980.0</ele>
    <time>2025-11-16T11:54:02Z</time>
   </trkpt>
   <trkpt lat="4.0855480" lon="-76.2038800">
    <ele>980.0</ele>
    <time>2025-11-16T11:54:03Z</time>
   </trkpt>
   <trkpt lat="4.0855230" lon="-76.2038610">
    <ele>979.9</ele>
    <time>2025-11-16T11:54:04Z</time>
   </trkpt>
   <trkpt lat="4.0855010" lon="-76.2038430">
    <ele>979.9</ele>
    <time>2025-11-16T11:54:05Z</time>
   </trkpt>
   <trkpt lat="4.0854860" lon="-76.2038070">
    <ele>979.9</ele>
    <time>2025-11-16T11:54:06Z</time>
   </trkpt>
   <trkpt lat="4.0854840" lon="-76.2037940">
    <ele>979.9</ele>
    <time>2025-11-16T11:54:07Z</time>
   </trkpt>
   <trkpt lat="4.0854910" lon="-76.2037580">
    <ele>979.9</ele>
    <time>2025-11-16T11:54:08Z</time>
   </trkpt>
   <trkpt lat="4.0854910" lon="-76.2037310">
    <ele>979.9</ele>
    <time>2025-11-16T11:54:09Z</time>
   </trkpt>
   <trkpt lat="4.0854910" lon="-76.2036950">
    <ele>979.8</ele>
    <time>2025-11-16T11:54:10Z</time>
   </trkpt>
   <trkpt lat="4.0854890" lon="-76.2036810">
    <ele>979.8</ele>
    <time>2025-11-16T11:54:11Z</time>
   </trkpt>
   <trkpt lat="4.0854900" lon="-76.2036510">
    <ele>979.8</ele>
    <time>2025-11-16T11:54:12Z</time>
   </trkpt>
   <trkpt lat="4.0854830" lon="-76.2036130">
    <ele>979.8</ele>
    <time>2025-11-16T11:54:13Z</time>
   </trkpt>
   <trkpt lat="4.0854780" lon="-76.2036000">
    <ele>979.8</ele>
    <time>2025-11-16T11:54:14Z</time>
   </trkpt>
   <trkpt lat="4.0854740" lon="-76.2035680">
    <ele>979.7</ele>
    <time>2025-11-16T11:54:15Z</time>
   </trkpt>
   <trkpt lat="4.0854680" lon="-76.2035310">
    <ele>979.7</ele>
    <time>2025-11-16T11:54:16Z</time>
   </trkpt>
   <trkpt lat="4.0854660" lon="-76.2035200">
    <ele>979.7</ele>
    <time>2025-11-16T11:54:17Z</time>
   </trkpt>
   <trkpt lat="4.0854610" lon="-76.2034900">
    <ele>979.6</ele>
    <time>2025-11-16T11:54:18Z</time>
   </trkpt>
   <trkpt lat="4.0854550" lon="-76.2034620">
    <ele>979.6</ele>
    <time>2025-11-16T11:54:19Z</time>
   </trkpt>
   <trkpt lat="4.0854490" lon="-76.2034240">
    <ele>979.6</ele>
    <time>2025-11-16T11:54:20Z</time>
   </trkpt>
   <trkpt lat="4.0854470" lon="-76.2034110">
    <ele>979.6</ele>
    <time>2025-11-16T11:54:21Z</time>
   </trkpt>
   <trkpt lat="4.0854370" lon="-76.2033820">
    <ele>979.5</ele>
    <time>2025-11-16T11:54:22Z</time>
   </trkpt>
   <trkpt lat="4.0854320" lon="-76.2033550">
    <ele>979.5</ele>
    <time>2025-11-16T11:54:23Z</time>
   </trkpt>
   <trkpt lat="4.0854250" lon="-76.2033230">
    <ele>979.5</ele>
    <time>2025-11-16T11:54:24Z</time>
   </trkpt>
   <trkpt lat="4.0854130" lon="-76.2032830">
    <ele>979.4</ele>
    <time>2025-11-16T11:54:25Z</time>
   </trkpt>
   <trkpt lat="4.0854090" lon="-76.2032690">
    <ele>979.3</ele>
    <time>2025-11-16T11:54:26Z</time>
   </trkpt>
   <trkpt lat="4.0854010" lon="-76.2032290">
    <ele>979.2</ele>
    <time>2025-11-16T11:54:27Z</time>
   </trkpt>
   <trkpt lat="4.0853980" lon="-76.2032140">
    <ele>979.2</ele>
    <time>2025-11-16T11:54:28Z</time>
   </trkpt>
   <trkpt lat="4.0853830" lon="-76.2031810">
    <ele>979.2</ele>
    <time>2025-11-16T11:54:29Z</time>
   </trkpt>
   <trkpt lat="4.0853780" lon="-76.2031680">
    <ele>979.2</ele>
    <time>2025-11-16T11:54:30Z</time>
   </trkpt>
   <trkpt lat="4.0853770" lon="-76.2031390">
    <ele>979.1</ele>
    <time>2025-11-16T11:54:31Z</time>
   </trkpt>
   <trkpt lat="4.0853780" lon="-76.2031100">
    <ele>979.1</ele>
    <time>2025-11-16T11:54:32Z</time>
   </trkpt>
   <trkpt lat="4.0853680" lon="-76.2030760">
    <ele>979.1</ele>
    <time>2025-11-16T11:54:33Z</time>
   </trkpt>
   <trkpt lat="4.0853630" lon="-76.2030650">
    <ele>979.1</ele>
    <time>2025-11-16T11:54:34Z</time>
   </trkpt>
   <trkpt lat="4.0853480" lon="-76.2030260">
    <ele>979.1</ele>
    <time>2025-11-16T11:54:35Z</time>
   </trkpt>
   <trkpt lat="4.0853440" lon="-76.2030120">
    <ele>979.0</ele>
    <time>2025-11-16T11:54:36Z</time>
   </trkpt>
   <trkpt lat="4.0853440" lon="-76.2029710">
    <ele>979.0</ele>
    <time>2025-11-16T11:54:37Z</time>
   </trkpt>
   <trkpt lat="4.0853420" lon="-76.2029560">
    <ele>979.0</ele>
    <time>2025-11-16T11:54:38Z</time>
   </trkpt>
   <trkpt lat="4.0853320" lon="-76.2029210">
    <ele>979.0</ele>
    <time>2025-11-16T11:54:39Z</time>
   </trkpt>
   <trkpt lat="4.0853310" lon="-76.2029060">
    <ele>979.0</ele>
    <time>2025-11-16T11:54:40Z</time>
   </trkpt>
   <trkpt lat="4.0853250" lon="-76.2028770">
    <ele>979.0</ele>
    <time>2025-11-16T11:54:41Z</time>
   </trkpt>
   <trkpt lat="4.0853230" lon="-76.2028480">
    <ele>979.0</ele>
    <time>2025-11-16T11:54:42Z</time>
   </trkpt>
   <trkpt lat="4.0853190" lon="-76.2028180">
    <ele>979.0</ele>
    <time>2025-11-16T11:54:43Z</time>
   </trkpt>
   <trkpt lat="4.0853100" lon="-76.2027830">
    <ele>979.0</ele>
    <time>2025-11-16T11:54:44Z</time>
   </trkpt>
   <trkpt lat="4.0853060" lon="-76.2027720">
    <ele>979.0</ele>
    <time>2025-11-16T11:54:45Z</time>
   </trkpt>
   <trkpt lat="4.0853010" lon="-76.2027390">
    <ele>978.9</ele>
    <time>2025-11-16T11:54:46Z</time>
   </trkpt>
   <trkpt lat="4.0852990" lon="-76.2027280">
    <ele>978.9</ele>
    <time>2025-11-16T11:54:47Z</time>
   </trkpt>
   <trkpt lat="4.0852950" lon="-76.2026960">
    <ele>978.9</ele>
    <time>2025-11-16T11:54:48Z</time>
   </trkpt>
   <trkpt lat="4.0852920" lon="-76.2026610">
    <ele>978.9</ele>
    <time>2025-11-16T11:54:49Z</time>
   </trkpt>
   <trkpt lat="4.0852910" lon="-76.2026490">
    <ele>978.9</ele>
    <time>2025-11-16T11:54:50Z</time>
   </trkpt>
   <trkpt lat="4.0852900" lon="-76.2026150">
    <ele>978.9</ele>
    <time>2025-11-16T11:54:51Z</time>
   </trkpt>
   <trkpt lat="4.0852910" lon="-76.2026020">
    <ele>978.9</ele>
    <time>2025-11-16T11:54:52Z</time>
   </trkpt>
   <trkpt lat="4.0852720" lon="-76.2025770">
    <ele>978.9</ele>
    <time>2025-11-16T11:54:53Z</time>
   </trkpt>
   <trkpt lat="4.0852520" lon="-76.2025400">
    <ele>978.9</ele>
    <time>2025-11-16T11:54:54Z</time>
   </trkpt>
   <trkpt lat="4.0852440" lon="-76.2025260">
    <ele>978.9</ele>
    <time>2025-11-16T11:54:55Z</time>
   </trkpt>
   <trkpt lat="4.0852350" lon="-76.2025000">
    <ele>978.9</ele>
    <time>2025-11-16T11:54:56Z</time>
   </trkpt>
   <trkpt lat="4.0852090" lon="-76.2024750">
    <ele>978.9</ele>
    <time>2025-11-16T11:54:57Z</time>
   </trkpt>
   <trkpt lat="4.0852000" lon="-76.2024660">
    <ele>978.9</ele>
    <time>2025-11-16T11:54:58Z</time>
   </trkpt>
   <trkpt lat="4.0851660" lon="-76.2024530">
    <ele>978.9</ele>
    <time>2025-11-16T11:54:59Z</time>
   </trkpt>
   <trkpt lat="4.0851330" lon="-76.2024580">
    <ele>979.0</ele>
    <time>2025-11-16T11:55:00Z</time>
   </trkpt>
   <trkpt lat="4.0851200" lon="-76.2024630">
    <ele>979.0</ele>
    <time>2025-11-16T11:55:01Z</time>
   </trkpt>
   <trkpt lat="4.0850770" lon="-76.2024740">
    <ele>979.0</ele>
    <time>2025-11-16T11:55:02Z</time>
   </trkpt>
   <trkpt lat="4.0850600" lon="-76.2024780">
    <ele>979.0</ele>
    <time>2025-11-16T11:55:03Z</time>
   </trkpt>
   <trkpt lat="4.0850300" lon="-76.2024910">
    <ele>979.0</ele>
    <time>2025-11-16T11:55:04Z</time>
   </trkpt>
   <trkpt lat="4.0850070" lon="-76.2025070">
    <ele>979.1</ele>
    <time>2025-11-16T11:55:05Z</time>
   </trkpt>
   <trkpt lat="4.0849970" lon="-76.2025200">
    <ele>979.1</ele>
    <time>2025-11-16T11:55:06Z</time>
   </trkpt>
   <trkpt lat="4.0849830" lon="-76.2025240">
    <ele>979.1</ele>
    <time>2025-11-16T11:55:07Z</time>
   </trkpt>
   <trkpt lat="4.0849550" lon="-76.2025360">
    <ele>979.1</ele>
    <time>2025-11-16T11:55:08Z</time>
   </trkpt>
   <trkpt lat="4.0849470" lon="-76.2025390">
    <ele>979.1</ele>
    <time>2025-11-16T11:55:09Z</time>
   </trkpt>
   <trkpt lat="4.0849230" lon="-76.2025330">
    <ele>979.2</ele>
    <time>2025-11-16T11:55:10Z</time>
   </trkpt>
   <trkpt lat="4.0849110" lon="-76.2025330">
    <ele>979.2</ele>
    <time>2025-11-16T11:55:11Z</time>
   </trkpt>
   <trkpt lat="4.0848990" lon="-76.2025320">
    <ele>979.2</ele>
    <time>2025-11-16T11:55:12Z</time>
   </trkpt>
   <trkpt lat="4.0848720" lon="-76.2025420">
    <ele>979.2</ele>
    <time>2025-11-16T11:55:13Z</time>
   </trkpt>
   <trkpt lat="4.0848630" lon="-76.2025490">
    <ele>979.2</ele>
    <time>2025-11-16T11:55:14Z</time>
   </trkpt>
   <trkpt lat="4.0848300" lon="-76.2025460">
    <ele>979.3</ele>
    <time>2025-11-16T11:55:15Z</time>
   </trkpt>
   <trkpt lat="4.0848210" lon="-76.2025450">
    <ele>979.3</ele>
    <time>2025-11-16T11:55:16Z</time>
   </trkpt>
   <trkpt lat="4.0847850" lon="-76.2025500">
    <ele>979.3</ele>
    <time>2025-11-16T11:55:17Z</time>
   </trkpt>
   <trkpt lat="4.0847740" lon="-76.2025510">
    <ele>979.3</ele>
    <time>2025-11-16T11:55:18Z</time>
   </trkpt>
   <trkpt lat="4.0847350" lon="-76.2025560">
    <ele>979.4</ele>
    <time>2025-11-16T11:55:19Z</time>
   </trkpt>
   <trkpt lat="4.0847220" lon="-76.2025580">
    <ele>979.4</ele>
    <time>2025-11-16T11:55:20Z</time>
   </trkpt>
   <trkpt lat="4.0846880" lon="-76.2025730">
    <ele>979.5</ele>
    <time>2025-11-16T11:55:21Z</time>
   </trkpt>
   <trkpt lat="4.0846770" lon="-76.2025760">
    <ele>979.5</ele>
    <time>2025-11-16T11:55:22Z</time>
   </trkpt>
   <trkpt lat="4.0846460" lon="-76.2025790">
    <ele>979.5</ele>
    <time>2025-11-16T11:55:24Z</time>
   </trkpt>
   <trkpt lat="4.0846170" lon="-76.2025840">
    <ele>979.5</ele>
    <time>2025-11-16T11:55:25Z</time>
   </trkpt>
   <trkpt lat="4.0845820" lon="-76.2025890">
    <ele>979.6</ele>
    <time>2025-11-16T11:55:26Z</time>
   </trkpt>
   <trkpt lat="4.0845710" lon="-76.2025900">
    <ele>979.6</ele>
    <time>2025-11-16T11:55:27Z</time>
   </trkpt>
   <trkpt lat="4.0845440" lon="-76.2025970">
    <ele>979.6</ele>
    <time>2025-11-16T11:55:28Z</time>
   </trkpt>
   <trkpt lat="4.0845130" lon="-76.2026010">
    <ele>979.7</ele>
    <time>2025-11-16T11:55:29Z</time>
   </trkpt>
   <trkpt lat="4.0844810" lon="-76.2026080">
    <ele>979.7</ele>
    <time>2025-11-16T11:55:30Z</time>
   </trkpt>
   <trkpt lat="4.0844710" lon="-76.2026080">
    <ele>979.7</ele>
    <time>2025-11-16T11:55:31Z</time>
   </trkpt>
   <trkpt lat="4.0844330" lon="-76.2026080">
    <ele>979.8</ele>
    <time>2025-11-16T11:55:32Z</time>
   </trkpt>
   <trkpt lat="4.0844190" lon="-76.2026090">
    <ele>979.8</ele>
    <time>2025-11-16T11:55:33Z</time>
   </trkpt>
   <trkpt lat="4.0843880" lon="-76.2026190">
    <ele>979.8</ele>
    <time>2025-11-16T11:55:34Z</time>
   </trkpt>
   <trkpt lat="4.0843760" lon="-76.2026210">
    <ele>979.8</ele>
    <time>2025-11-16T11:55:35Z</time>
   </trkpt>
   <trkpt lat="4.0843440" lon="-76.2026190">
    <ele>979.9</ele>
    <time>2025-11-16T11:55:36Z</time>
   </trkpt>
   <trkpt lat="4.0843150" lon="-76.2026200">
    <ele>979.9</ele>
    <time>2025-11-16T11:55:37Z</time>
   </trkpt>
   <trkpt lat="4.0842870" lon="-76.2026230">
    <ele>979.9</ele>
    <time>2025-11-16T11:55:38Z</time>
   </trkpt>
   <trkpt lat="4.0842560" lon="-76.2026310">
    <ele>980.0</ele>
    <time>2025-11-16T11:55:39Z</time>
   </trkpt>
   <trkpt lat="4.0842220" lon="-76.2026280">
    <ele>980.0</ele>
    <time>2025-11-16T11:55:40Z</time>
   </trkpt>
   <trkpt lat="4.0841910" lon="-76.2026320">
    <ele>980.1</ele>
    <time>2025-11-16T11:55:41Z</time>
   </trkpt>
   <trkpt lat="4.0841790" lon="-76.2026330">
    <ele>980.1</ele>
    <time>2025-11-16T11:55:42Z</time>
   </trkpt>
   <trkpt lat="4.0841380" lon="-76.2026370">
    <ele>980.1</ele>
    <time>2025-11-16T11:55:43Z</time>
   </trkpt>
   <trkpt lat="4.0841220" lon="-76.2026400">
    <ele>980.1</ele>
    <time>2025-11-16T11:55:44Z</time>
   </trkpt>
   <trkpt lat="4.0840720" lon="-76.2026520">
    <ele>980.2</ele>
    <time>2025-11-16T11:55:45Z</time>
   </trkpt>
   <trkpt lat="4.0840310" lon="-76.2026530">
    <ele>980.2</ele>
    <time>2025-11-16T11:55:46Z</time>
   </trkpt>
   <trkpt lat="4.0840150" lon="-76.2026540">
    <ele>980.2</ele>
    <time>2025-11-16T11:55:47Z</time>
   </trkpt>
   <trkpt lat="4.0839780" lon="-76.2026610">
    <ele>980.2</ele>
    <time>2025-11-16T11:55:48Z</time>
   </trkpt>
   <trkpt lat="4.0839640" lon="-76.2026640">
    <ele>980.3</ele>
    <time>2025-11-16T11:55:49Z</time>
   </trkpt>
   <trkpt lat="4.0839250" lon="-76.2026650">
    <ele>980.3</ele>
    <time>2025-11-16T11:55:50Z</time>
   </trkpt>
   <trkpt lat="4.0839110" lon="-76.2026680">
    <ele>980.3</ele>
    <time>2025-11-16T11:55:51Z</time>
   </trkpt>
   <trkpt lat="4.0838790" lon="-76.2026780">
    <ele>980.3</ele>
    <time>2025-11-16T11:55:52Z</time>
   </trkpt>
   <trkpt lat="4.0838670" lon="-76.2026810">
    <ele>980.3</ele>
    <time>2025-11-16T11:55:53Z</time>
   </trkpt>
   <trkpt lat="4.0838390" lon="-76.2026850">
    <ele>980.4</ele>
    <time>2025-11-16T11:55:54Z</time>
   </trkpt>
   <trkpt lat="4.0838090" lon="-76.2026890">
    <ele>980.4</ele>
    <time>2025-11-16T11:55:55Z</time>
   </trkpt>
   <trkpt lat="4.0837720" lon="-76.2026960">
    <ele>980.4</ele>
    <time>2025-11-16T11:55:56Z</time>
   </trkpt>
   <trkpt lat="4.0837600" lon="-76.2026980">
    <ele>980.4</ele>
    <time>2025-11-16T11:55:57Z</time>
   </trkpt>
   <trkpt lat="4.0837280" lon="-76.2027060">
    <ele>980.4</ele>
    <time>2025-11-16T11:55:58Z</time>
   </trkpt>
   <trkpt lat="4.0836910" lon="-76.2027190">
    <ele>980.5</ele>
    <time>2025-11-16T11:55:59Z</time>
   </trkpt>
   <trkpt lat="4.0836780" lon="-76.2027220">
    <ele>980.5</ele>
    <time>2025-11-16T11:56:00Z</time>
   </trkpt>
   <trkpt lat="4.0836450" lon="-76.2027260">
    <ele>980.5</ele>
    <time>2025-11-16T11:56:01Z</time>
   </trkpt>
   <trkpt lat="4.0836130" lon="-76.2027300">
    <ele>980.6</ele>
    <time>2025-11-16T11:56:02Z</time>
   </trkpt>
   <trkpt lat="4.0835770" lon="-76.2027380">
    <ele>980.6</ele>
    <time>2025-11-16T11:56:03Z</time>
   </trkpt>
   <trkpt lat="4.0835660" lon="-76.2027380">
    <ele>980.6</ele>
    <time>2025-11-16T11:56:04Z</time>
   </trkpt>
   <trkpt lat="4.0835390" lon="-76.2027450">
    <ele>980.6</ele>
    <time>2025-11-16T11:56:05Z</time>
   </trkpt>
   <trkpt lat="4.0835080" lon="-76.2027550">
    <ele>980.7</ele>
    <time>2025-11-16T11:56:06Z</time>
   </trkpt>
   <trkpt lat="4.0834690" lon="-76.2027670">
    <ele>980.7</ele>
    <time>2025-11-16T11:56:07Z</time>
   </trkpt>
   <trkpt lat="4.0834540" lon="-76.2027700">
    <ele>980.7</ele>
    <time>2025-11-16T11:56:08Z</time>
   </trkpt>
   <trkpt lat="4.0834210" lon="-76.2027750">
    <ele>980.8</ele>
    <time>2025-11-16T11:56:09Z</time>
   </trkpt>
   <trkpt lat="4.0833870" lon="-76.2027810">
    <ele>980.8</ele>
    <time>2025-11-16T11:56:10Z</time>
   </trkpt>
   <trkpt lat="4.0833750" lon="-76.2027820">
    <ele>980.8</ele>
    <time>2025-11-16T11:56:11Z</time>
   </trkpt>
   <trkpt lat="4.0833320" lon="-76.2027870">
    <ele>980.9</ele>
    <time>2025-11-16T11:56:12Z</time>
   </trkpt>
   <trkpt lat="4.0833140" lon="-76.2027890">
    <ele>980.9</ele>
    <time>2025-11-16T11:56:13Z</time>
   </trkpt>
   <trkpt lat="4.0832840" lon="-76.2027980">
    <ele>981.0</ele>
    <time>2025-11-16T11:56:14Z</time>
   </trkpt>
   <trkpt lat="4.0832500" lon="-76.2028080">
    <ele>981.0</ele>
    <time>2025-11-16T11:56:15Z</time>
   </trkpt>
   <trkpt lat="4.0832370" lon="-76.2028050">
    <ele>981.0</ele>
    <time>2025-11-16T11:56:16Z</time>
   </trkpt>
   <trkpt lat="4.0832040" lon="-76.2028040">
    <ele>981.1</ele>
    <time>2025-11-16T11:56:17Z</time>
   </trkpt>
   <trkpt lat="4.0831940" lon="-76.2028060">
    <ele>981.1</ele>
    <time>2025-11-16T11:56:18Z</time>
   </trkpt>
   <trkpt lat="4.0831620" lon="-76.2028060">
    <ele>981.1</ele>
    <time>2025-11-16T11:56:19Z</time>
   </trkpt>
   <trkpt lat="4.0831220" lon="-76.2028140">
    <ele>981.2</ele>
    <time>2025-11-16T11:56:20Z</time>
   </trkpt>
   <trkpt lat="4.0831070" lon="-76.2028150">
    <ele>981.2</ele>
    <time>2025-11-16T11:56:21Z</time>
   </trkpt>
   <trkpt lat="4.0830740" lon="-76.2028270">
    <ele>981.2</ele>
    <time>2025-11-16T11:56:22Z</time>
   </trkpt>
   <trkpt lat="4.0830610" lon="-76.2028290">
    <ele>981.2</ele>
    <time>2025-11-16T11:56:23Z</time>
   </trkpt>
   <trkpt lat="4.0830200" lon="-76.2028370">
    <ele>981.3</ele>
    <time>2025-11-16T11:56:24Z</time>
   </trkpt>
   <trkpt lat="4.0830040" lon="-76.2028400">
    <ele>981.3</ele>
    <time>2025-11-16T11:56:25Z</time>
   </trkpt>
   <trkpt lat="4.0829710" lon="-76.2028490">
    <ele>981.4</ele>
    <time>2025-11-16T11:56:26Z</time>
   </trkpt>
   <trkpt lat="4.0829350" lon="-76.2028580">
    <ele>981.4</ele>
    <time>2025-11-16T11:56:27Z</time>
   </trkpt>
   <trkpt lat="4.0829220" lon="-76.2028610">
    <ele>981.5</ele>
    <time>2025-11-16T11:56:28Z</time>
   </trkpt>
   <trkpt lat="4.0828850" lon="-76.2028640">
    <ele>981.6</ele>
    <time>2025-11-16T11:56:29Z</time>
   </trkpt>
   <trkpt lat="4.0828740" lon="-76.2028660">
    <ele>981.7</ele>
    <time>2025-11-16T11:56:30Z</time>
   </trkpt>
   <trkpt lat="4.0828420" lon="-76.2028710">
    <ele>981.8</ele>
    <time>2025-11-16T11:56:31Z</time>
   </trkpt>
   <trkpt lat="4.0828310" lon="-76.2028720">
    <ele>981.8</ele>
    <time>2025-11-16T11:56:32Z</time>
   </trkpt>
   <trkpt lat="4.0827900" lon="-76.2028830">
    <ele>981.9</ele>
    <time>2025-11-16T11:56:33Z</time>
   </trkpt>
   <trkpt lat="4.0827730" lon="-76.2028870">
    <ele>981.9</ele>
    <time>2025-11-16T11:56:34Z</time>
   </trkpt>
   <trkpt lat="4.0827320" lon="-76.2029000">
    <ele>981.9</ele>
    <time>2025-11-16T11:56:35Z</time>
   </trkpt>
   <trkpt lat="4.0827170" lon="-76.2029080">
    <ele>981.9</ele>
    <time>2025-11-16T11:56:36Z</time>
   </trkpt>
   <trkpt lat="4.0826880" lon="-76.2029010">
    <ele>981.9</ele>
    <time>2025-11-16T11:56:37Z</time>
   </trkpt>
   <trkpt lat="4.0826530" lon="-76.2029030">
    <ele>981.9</ele>
    <time>2025-11-16T11:56:38Z</time>
   </trkpt>
   <trkpt lat="4.0826390" lon="-76.2029070">
    <ele>981.9</ele>
    <time>2025-11-16T11:56:39Z</time>
   </trkpt>
   <trkpt lat="4.0826120" lon="-76.2029140">
    <ele>982.0</ele>
    <time>2025-11-16T11:56:40Z</time>
   </trkpt>
   <trkpt lat="4.0825720" lon="-76.2029160">
    <ele>982.0</ele>
    <time>2025-11-16T11:56:41Z</time>
   </trkpt>
   <trkpt lat="4.0825590" lon="-76.2029150">
    <ele>982.0</ele>
    <time>2025-11-16T11:56:42Z</time>
   </trkpt>
   <trkpt lat="4.0825220" lon="-76.2029230">
    <ele>982.0</ele>
    <time>2025-11-16T11:56:43Z</time>
   </trkpt>
   <trkpt lat="4.0825090" lon="-76.2029270">
    <ele>982.0</ele>
    <time>2025-11-16T11:56:44Z</time>
   </trkpt>
   <trkpt lat="4.0824720" lon="-76.2029350">
    <ele>982.1</ele>
    <time>2025-11-16T11:56:45Z</time>
   </trkpt>
   <trkpt lat="4.0824590" lon="-76.2029380">
    <ele>982.1</ele>
    <time>2025-11-16T11:56:46Z</time>
   </trkpt>
   <trkpt lat="4.0824300" lon="-76.2029520">
    <ele>982.1</ele>
    <time>2025-11-16T11:56:47Z</time>
   </trkpt>
   <trkpt lat="4.0824030" lon="-76.2029610">
    <ele>982.1</ele>
    <time>2025-11-16T11:56:48Z</time>
   </trkpt>
   <trkpt lat="4.0823650" lon="-76.2029600">
    <ele>982.2</ele>
    <time>2025-11-16T11:56:49Z</time>
   </trkpt>
   <trkpt lat="4.0823530" lon="-76.2029610">
    <ele>982.2</ele>
    <time>2025-11-16T11:56:50Z</time>
   </trkpt>
   <trkpt lat="4.0823240" lon="-76.2029630">
    <ele>982.2</ele>
    <time>2025-11-16T11:56:51Z</time>
   </trkpt>
   <trkpt lat="4.0822950" lon="-76.2029640">
    <ele>982.3</ele>
    <time>2025-11-16T11:56:52Z</time>
   </trkpt>
   <trkpt lat="4.0822600" lon="-76.2029720">
    <ele>982.3</ele>
    <time>2025-11-16T11:56:53Z</time>
   </trkpt>
   <trkpt lat="4.0822460" lon="-76.2029760">
    <ele>982.3</ele>
    <time>2025-11-16T11:56:54Z</time>
   </trkpt>
   <trkpt lat="4.0822170" lon="-76.2029930">
    <ele>982.4</ele>
    <time>2025-11-16T11:56:55Z</time>
   </trkpt>
   <trkpt lat="4.0821880" lon="-76.2029990">
    <ele>982.4</ele>
    <time>2025-11-16T11:56:56Z</time>
   </trkpt>
   <trkpt lat="4.0821600" lon="-76.2029980">
    <ele>982.4</ele>
    <time>2025-11-16T11:56:57Z</time>
   </trkpt>
   <trkpt lat="4.0821290" lon="-76.2030020">
    <ele>982.4</ele>
    <time>2025-11-16T11:56:58Z</time>
   </trkpt>
   <trkpt lat="4.0821160" lon="-76.2030020">
    <ele>982.5</ele>
    <time>2025-11-16T11:56:59Z</time>
   </trkpt>
   <trkpt lat="4.0820800" lon="-76.2030080">
    <ele>982.5</ele>
    <time>2025-11-16T11:57:00Z</time>
   </trkpt>
   <trkpt lat="4.0820690" lon="-76.2030120">
    <ele>982.5</ele>
    <time>2025-11-16T11:57:01Z</time>
   </trkpt>
   <trkpt lat="4.0820420" lon="-76.2030200">
    <ele>982.5</ele>
    <time>2025-11-16T11:57:02Z</time>
   </trkpt>
   <trkpt lat="4.0820160" lon="-76.2030320">
    <ele>982.6</ele>
    <time>2025-11-16T11:57:03Z</time>
   </trkpt>
   <trkpt lat="4.0819800" lon="-76.2030410">
    <ele>982.6</ele>
    <time>2025-11-16T11:57:04Z</time>
   </trkpt>
   <trkpt lat="4.0819660" lon="-76.2030410">
    <ele>982.6</ele>
    <time>2025-11-16T11:57:05Z</time>
   </trkpt>
   <trkpt lat="4.0819320" lon="-76.2030500">
    <ele>982.6</ele>
    <time>2025-11-16T11:57:06Z</time>
   </trkpt>
   <trkpt lat="4.0819220" lon="-76.2030500">
    <ele>982.7</ele>
    <time>2025-11-16T11:57:07Z</time>
   </trkpt>
   <trkpt lat="4.0818970" lon="-76.2030600">
    <ele>982.7</ele>
    <time>2025-11-16T11:57:08Z</time>
   </trkpt>
   <trkpt lat="4.0818630" lon="-76.2030710">
    <ele>982.7</ele>
    <time>2025-11-16T11:57:09Z</time>
   </trkpt>
   <trkpt lat="4.0818510" lon="-76.2030750">
    <ele>982.7</ele>
    <time>2025-11-16T11:57:10Z</time>
   </trkpt>
   <trkpt lat="4.0818200" lon="-76.2030770">
    <ele>982.8</ele>
    <time>2025-11-16T11:57:11Z</time>
   </trkpt>
   <trkpt lat="4.0817820" lon="-76.2030820">
    <ele>982.8</ele>
    <time>2025-11-16T11:57:12Z</time>
   </trkpt>
   <trkpt lat="4.0817670" lon="-76.2030860">
    <ele>982.8</ele>
    <time>2025-11-16T11:57:13Z</time>
   </trkpt>
   <trkpt lat="4.0817310" lon="-76.2030920">
    <ele>982.9</ele>
    <time>2025-11-16T11:57:14Z</time>
   </trkpt>
   <trkpt lat="4.0817180" lon="-76.2030920">
    <ele>982.9</ele>
    <time>2025-11-16T11:57:15Z</time>
   </trkpt>
   <trkpt lat="4.0816940" lon="-76.2030770">
    <ele>982.9</ele>
    <time>2025-11-16T11:57:16Z</time>
   </trkpt>
   <trkpt lat="4.0816690" lon="-76.2030870">
    <ele>983.0</ele>
    <time>2025-11-16T11:57:17Z</time>
   </trkpt>
   <trkpt lat="4.0816410" lon="-76.2030910">
    <ele>983.0</ele>
    <time>2025-11-16T11:57:18Z</time>
   </trkpt>
   <trkpt lat="4.0816150" lon="-76.2030990">
    <ele>983.1</ele>
    <time>2025-11-16T11:57:19Z</time>
   </trkpt>
   <trkpt lat="4.0815800" lon="-76.2031060">
    <ele>983.2</ele>
    <time>2025-11-16T11:57:20Z</time>
   </trkpt>
   <trkpt lat="4.0815700" lon="-76.2031140">
    <ele>983.2</ele>
    <time>2025-11-16T11:57:21Z</time>
   </trkpt>
   <trkpt lat="4.0815270" lon="-76.2031200">
    <ele>983.3</ele>
    <time>2025-11-16T11:57:22Z</time>
   </trkpt>
   <trkpt lat="4.0815100" lon="-76.2031230">
    <ele>983.4</ele>
    <time>2025-11-16T11:57:23Z</time>
   </trkpt>
   <trkpt lat="4.0814810" lon="-76.2031300">
    <ele>983.4</ele>
    <time>2025-11-16T11:57:24Z</time>
   </trkpt>
   <trkpt lat="4.0814550" lon="-76.2031420">
    <ele>983.5</ele>
    <time>2025-11-16T11:57:25Z</time>
   </trkpt>
   <trkpt lat="4.0814160" lon="-76.2031430">
    <ele>983.6</ele>
    <time>2025-11-16T11:57:26Z</time>
   </trkpt>
   <trkpt lat="4.0814040" lon="-76.2031430">
    <ele>983.6</ele>
    <time>2025-11-16T11:57:27Z</time>
   </trkpt>
   <trkpt lat="4.0813790" lon="-76.2031350">
    <ele>983.7</ele>
    <time>2025-11-16T11:57:28Z</time>
   </trkpt>
   <trkpt lat="4.0813490" lon="-76.2031460">
    <ele>983.8</ele>
    <time>2025-11-16T11:57:30Z</time>
   </trkpt>
   <trkpt lat="4.0813100" lon="-76.2031540">
    <ele>983.9</ele>
    <time>2025-11-16T11:57:31Z</time>
   </trkpt>
   <trkpt lat="4.0812950" lon="-76.2031590">
    <ele>983.9</ele>
    <time>2025-11-16T11:57:32Z</time>
   </trkpt>
   <trkpt lat="4.0812600" lon="-76.2031690">
    <ele>984.0</ele>
    <time>2025-11-16T11:57:33Z</time>
   </trkpt>
   <trkpt lat="4.0812480" lon="-76.2031710">
    <ele>984.0</ele>
    <time>2025-11-16T11:57:34Z</time>
   </trkpt>
   <trkpt lat="4.0812120" lon="-76.2031740">
    <ele>984.1</ele>
    <time>2025-11-16T11:57:35Z</time>
   </trkpt>
   <trkpt lat="4.0812000" lon="-76.2031700">
    <ele>984.1</ele>
    <time>2025-11-16T11:57:36Z</time>
   </trkpt>
   <trkpt lat="4.0811670" lon="-76.2031710">
    <ele>984.2</ele>
    <time>2025-11-16T11:57:37Z</time>
   </trkpt>
   <trkpt lat="4.0811400" lon="-76.2031750">
    <ele>984.3</ele>
    <time>2025-11-16T11:57:38Z</time>
   </trkpt>
   <trkpt lat="4.0811090" lon="-76.2031870">
    <ele>984.3</ele>
    <time>2025-11-16T11:57:39Z</time>
   </trkpt>
   <trkpt lat="4.0810730" lon="-76.2031980">
    <ele>984.4</ele>
    <time>2025-11-16T11:57:40Z</time>
   </trkpt>
   <trkpt lat="4.0810630" lon="-76.2032030">
    <ele>984.4</ele>
    <time>2025-11-16T11:57:41Z</time>
   </trkpt>
   <trkpt lat="4.0810320" lon="-76.2032010">
    <ele>984.5</ele>
    <time>2025-11-16T11:57:42Z</time>
   </trkpt>
   <trkpt lat="4.0810010" lon="-76.2032030">
    <ele>984.5</ele>
    <time>2025-11-16T11:57:43Z</time>
   </trkpt>
   <trkpt lat="4.0809900" lon="-76.2032040">
    <ele>984.5</ele>
    <time>2025-11-16T11:57:44Z</time>
   </trkpt>
   <trkpt lat="4.0809620" lon="-76.2032070">
    <ele>984.6</ele>
    <time>2025-11-16T11:57:45Z</time>
   </trkpt>
   <trkpt lat="4.0809260" lon="-76.2032160">
    <ele>984.6</ele>
    <time>2025-11-16T11:57:46Z</time>
   </trkpt>
   <trkpt lat="4.0809120" lon="-76.2032160">
    <ele>984.6</ele>
    <time>2025-11-16T11:57:47Z</time>
   </trkpt>
   <trkpt lat="4.0808790" lon="-76.2032320">
    <ele>984.6</ele>
    <time>2025-11-16T11:57:48Z</time>
   </trkpt>
   <trkpt lat="4.0808160" lon="-76.2032530">
    <ele>984.7</ele>
    <time>2025-11-16T11:57:49Z</time>
   </trkpt>
   <trkpt lat="4.0807800" lon="-76.2032600">
    <ele>984.7</ele>
    <time>2025-11-16T11:57:50Z</time>
   </trkpt>
   <trkpt lat="4.0807670" lon="-76.2032640">
    <ele>984.7</ele>
    <time>2025-11-16T11:57:51Z</time>
   </trkpt>
   <trkpt lat="4.0807410" lon="-76.2032730">
    <ele>984.7</ele>
    <time>2025-11-16T11:57:52Z</time>
   </trkpt>
   <trkpt lat="4.0807040" lon="-76.2032790">
    <ele>984.7</ele>
    <time>2025-11-16T11:57:53Z</time>
   </trkpt>
   <trkpt lat="4.0806880" lon="-76.2032840">
    <ele>984.8</ele>
    <time>2025-11-16T11:57:54Z</time>
   </trkpt>
   <trkpt lat="4.0806650" lon="-76.2032980">
    <ele>984.8</ele>
    <time>2025-11-16T11:57:55Z</time>
   </trkpt>
   <trkpt lat="4.0806380" lon="-76.2033060">
    <ele>984.8</ele>
    <time>2025-11-16T11:57:56Z</time>
   </trkpt>
   <trkpt lat="4.0805990" lon="-76.2033120">
    <ele>984.8</ele>
    <time>2025-11-16T11:57:57Z</time>
   </trkpt>
   <trkpt lat="4.0805850" lon="-76.2033160">
    <ele>984.8</ele>
    <time>2025-11-16T11:57:58Z</time>
   </trkpt>
   <trkpt lat="4.0805480" lon="-76.2033120">
    <ele>984.9</ele>
    <time>2025-11-16T11:57:59Z</time>
   </trkpt>
   <trkpt lat="4.0805340" lon="-76.2033160">
    <ele>984.9</ele>
    <time>2025-11-16T11:58:00Z</time>
   </trkpt>
   <trkpt lat="4.0805020" lon="-76.2033200">
    <ele>984.9</ele>
    <time>2025-11-16T11:58:01Z</time>
   </trkpt>
   <trkpt lat="4.0804910" lon="-76.2033230">
    <ele>984.9</ele>
    <time>2025-11-16T11:58:02Z</time>
   </trkpt>
   <trkpt lat="4.0804580" lon="-76.2033310">
    <ele>985.0</ele>
    <time>2025-11-16T11:58:03Z</time>
   </trkpt>
   <trkpt lat="4.0804280" lon="-76.2033330">
    <ele>985.0</ele>
    <time>2025-11-16T11:58:04Z</time>
   </trkpt>
   <trkpt lat="4.0803990" lon="-76.2033360">
    <ele>985.0</ele>
    <time>2025-11-16T11:58:05Z</time>
   </trkpt>
   <trkpt lat="4.0803750" lon="-76.2033520">
    <ele>985.0</ele>
    <time>2025-11-16T11:58:06Z</time>
   </trkpt>
   <trkpt lat="4.0803400" lon="-76.2033630">
    <ele>985.1</ele>
    <time>2025-11-16T11:58:07Z</time>
   </trkpt>
   <trkpt lat="4.0803270" lon="-76.2033630">
    <ele>985.1</ele>
    <time>2025-11-16T11:58:08Z</time>
   </trkpt>
   <trkpt lat="4.0802920" lon="-76.2033680">
    <ele>985.1</ele>
    <time>2025-11-16T11:58:09Z</time>
   </trkpt>
   <trkpt lat="4.0802800" lon="-76.2033660">
    <ele>985.1</ele>
    <time>2025-11-16T11:58:10Z</time>
   </trkpt>
   <trkpt lat="4.0802530" lon="-76.2033770">
    <ele>985.1</ele>
    <time>2025-11-16T11:58:11Z</time>
   </trkpt>
   <trkpt lat="4.0802240" lon="-76.2033800">
    <ele>985.2</ele>
    <time>2025-11-16T11:58:12Z</time>
   </trkpt>
   <trkpt lat="4.0801960" lon="-76.2033870">
    <ele>985.2</ele>
    <time>2025-11-16T11:58:13Z</time>
   </trkpt>
   <trkpt lat="4.0801700" lon="-76.2033910">
    <ele>985.2</ele>
    <time>2025-11-16T11:58:14Z</time>
   </trkpt>
   <trkpt lat="4.0801350" lon="-76.2034030">
    <ele>985.2</ele>
    <time>2025-11-16T11:58:15Z</time>
   </trkpt>
   <trkpt lat="4.0801200" lon="-76.2034060">
    <ele>985.2</ele>
    <time>2025-11-16T11:58:16Z</time>
   </trkpt>
   <trkpt lat="4.0800900" lon="-76.2034090">
    <ele>985.3</ele>
    <time>2025-11-16T11:58:17Z</time>
   </trkpt>
   <trkpt lat="4.0800520" lon="-76.2034130">
    <ele>985.3</ele>
    <time>2025-11-16T11:58:18Z</time>
   </trkpt>
   <trkpt lat="4.0800380" lon="-76.2034160">
    <ele>985.3</ele>
    <time>2025-11-16T11:58:19Z</time>
   </trkpt>
   <trkpt lat="4.0800010" lon="-76.2034240">
    <ele>985.3</ele>
    <time>2025-11-16T11:58:20Z</time>
   </trkpt>
   <trkpt lat="4.0799880" lon="-76.2034270">
    <ele>985.3</ele>
    <time>2025-11-16T11:58:21Z</time>
   </trkpt>
   <trkpt lat="4.0799580" lon="-76.2034300">
    <ele>985.4</ele>
    <time>2025-11-16T11:58:22Z</time>
   </trkpt>
   <trkpt lat="4.0799430" lon="-76.2034330">
    <ele>985.4</ele>
    <time>2025-11-16T11:58:23Z</time>
   </trkpt>
   <trkpt lat="4.0799130" lon="-76.2034470">
    <ele>985.4</ele>
    <time>2025-11-16T11:58:24Z</time>
   </trkpt>
   <trkpt lat="4.0798740" lon="-76.2034520">
    <ele>985.4</ele>
    <time>2025-11-16T11:58:25Z</time>
   </trkpt>
   <trkpt lat="4.0798610" lon="-76.2034550">
    <ele>985.4</ele>
    <time>2025-11-16T11:58:26Z</time>
   </trkpt>
   <trkpt lat="4.0798240" lon="-76.2034590">
    <ele>985.5</ele>
    <time>2025-11-16T11:58:27Z</time>
   </trkpt>
   <trkpt lat="4.0798090" lon="-76.2034630">
    <ele>985.5</ele>
    <time>2025-11-16T11:58:28Z</time>
   </trkpt>
   <trkpt lat="4.0797810" lon="-76.2034700">
    <ele>985.5</ele>
    <time>2025-11-16T11:58:29Z</time>
   </trkpt>
   <trkpt lat="4.0797450" lon="-76.2034820">
    <ele>985.5</ele>
    <time>2025-11-16T11:58:30Z</time>
   </trkpt>
   <trkpt lat="4.0797280" lon="-76.2034880">
    <ele>985.5</ele>
    <time>2025-11-16T11:58:31Z</time>
   </trkpt>
   <trkpt lat="4.0797050" lon="-76.2035030">
    <ele>985.6</ele>
    <time>2025-11-16T11:58:32Z</time>
   </trkpt>
   <trkpt lat="4.0796700" lon="-76.2035050">
    <ele>985.6</ele>
    <time>2025-11-16T11:58:33Z</time>
   </trkpt>
   <trkpt lat="4.0796580" lon="-76.2035060">
    <ele>985.6</ele>
    <time>2025-11-16T11:58:34Z</time>
   </trkpt>
   <trkpt lat="4.0796290" lon="-76.2035100">
    <ele>985.6</ele>
    <time>2025-11-16T11:58:35Z</time>
   </trkpt>
   <trkpt lat="4.0795930" lon="-76.2035120">
    <ele>985.6</ele>
    <time>2025-11-16T11:58:36Z</time>
   </trkpt>
   <trkpt lat="4.0795790" lon="-76.2035120">
    <ele>985.6</ele>
    <time>2025-11-16T11:58:37Z</time>
   </trkpt>
   <trkpt lat="4.0795430" lon="-76.2035250">
    <ele>985.7</ele>
    <time>2025-11-16T11:58:38Z</time>
   </trkpt>
   <trkpt lat="4.0795310" lon="-76.2035300">
    <ele>985.7</ele>
    <time>2025-11-16T11:58:39Z</time>
   </trkpt>
   <trkpt lat="4.0795030" lon="-76.2035300">
    <ele>985.7</ele>
    <time>2025-11-16T11:58:40Z</time>
   </trkpt>
   <trkpt lat="4.0794760" lon="-76.2035340">
    <ele>985.7</ele>
    <time>2025-11-16T11:58:41Z</time>
   </trkpt>
   <trkpt lat="4.0794460" lon="-76.2035380">
    <ele>985.7</ele>
    <time>2025-11-16T11:58:42Z</time>
   </trkpt>
   <trkpt lat="4.0794070" lon="-76.2035460">
    <ele>985.8</ele>
    <time>2025-11-16T11:58:43Z</time>
   </trkpt>
   <trkpt lat="4.0793940" lon="-76.2035480">
    <ele>985.8</ele>
    <time>2025-11-16T11:58:44Z</time>
   </trkpt>
   <trkpt lat="4.0793560" lon="-76.2035610">
    <ele>985.8</ele>
    <time>2025-11-16T11:58:45Z</time>
   </trkpt>
   <trkpt lat="4.0793400" lon="-76.2035650">
    <ele>985.8</ele>
    <time>2025-11-16T11:58:46Z</time>
   </trkpt>
   <trkpt lat="4.0793000" lon="-76.2035690">
    <ele>985.8</ele>
    <time>2025-11-16T11:58:47Z</time>
   </trkpt>
   <trkpt lat="4.0792870" lon="-76.2035690">
    <ele>985.8</ele>
    <time>2025-11-16T11:58:48Z</time>
   </trkpt>
   <trkpt lat="4.0792530" lon="-76.2035830">
    <ele>985.9</ele>
    <time>2025-11-16T11:58:49Z</time>
   </trkpt>
   <trkpt lat="4.0792410" lon="-76.2035860">
    <ele>985.9</ele>
    <time>2025-11-16T11:58:50Z</time>
   </trkpt>
   <trkpt lat="4.0792020" lon="-76.2035920">
    <ele>985.9</ele>
    <time>2025-11-16T11:58:51Z</time>
   </trkpt>
   <trkpt lat="4.0791880" lon="-76.2035950">
    <ele>985.9</ele>
    <time>2025-11-16T11:58:52Z</time>
   </trkpt>
   <trkpt lat="4.0791540" lon="-76.2036080">
    <ele>985.9</ele>
    <time>2025-11-16T11:58:53Z</time>
   </trkpt>
   <trkpt lat="4.0791400" lon="-76.2036100">
    <ele>985.9</ele>
    <time>2025-11-16T11:58:54Z</time>
   </trkpt>
   <trkpt lat="4.0791070" lon="-76.2036150">
    <ele>986.0</ele>
    <time>2025-11-16T11:58:55Z</time>
   </trkpt>
   <trkpt lat="4.0790940" lon="-76.2036170">
    <ele>986.0</ele>
    <time>2025-11-16T11:58:56Z</time>
   </trkpt>
   <trkpt lat="4.0790670" lon="-76.2036270">
    <ele>986.0</ele>
    <time>2025-11-16T11:58:57Z</time>
   </trkpt>
   <trkpt lat="4.0790290" lon="-76.2036320">
    <ele>986.0</ele>
    <time>2025-11-16T11:58:58Z</time>
   </trkpt>
   <trkpt lat="4.0790140" lon="-76.2036360">
    <ele>986.0</ele>
    <time>2025-11-16T11:58:59Z</time>
   </trkpt>
   <trkpt lat="4.0789790" lon="-76.2036440">
    <ele>986.1</ele>
    <time>2025-11-16T11:59:00Z</time>
   </trkpt>
   <trkpt lat="4.0789660" lon="-76.2036440">
    <ele>986.1</ele>
    <time>2025-11-16T11:59:01Z</time>
   </trkpt>
   <trkpt lat="4.0789320" lon="-76.2036540">
    <ele>986.1</ele>
    <time>2025-11-16T11:59:02Z</time>
   </trkpt>
   <trkpt lat="4.0789000" lon="-76.2036550">
    <ele>986.1</ele>
    <time>2025-11-16T11:59:03Z</time>
   </trkpt>
   <trkpt lat="4.0788920" lon="-76.2036510">
    <ele>986.1</ele>
    <time>2025-11-16T11:59:04Z</time>
   </trkpt>
   <trkpt lat="4.0788560" lon="-76.2036610">
    <ele>986.2</ele>
    <time>2025-11-16T11:59:05Z</time>
   </trkpt>
   <trkpt lat="4.0788430" lon="-76.2036650">
    <ele>986.2</ele>
    <time>2025-11-16T11:59:06Z</time>
   </trkpt>
   <trkpt lat="4.0788090" lon="-76.2036680">
    <ele>986.2</ele>
    <time>2025-11-16T11:59:07Z</time>
   </trkpt>
   <trkpt lat="4.0787690" lon="-76.2036820">
    <ele>986.2</ele>
    <time>2025-11-16T11:59:08Z</time>
   </trkpt>
   <trkpt lat="4.0787510" lon="-76.2036830">
    <ele>986.3</ele>
    <time>2025-11-16T11:59:09Z</time>
   </trkpt>
   <trkpt lat="4.0787130" lon="-76.2036970">
    <ele>986.3</ele>
    <time>2025-11-16T11:59:10Z</time>
   </trkpt>
   <trkpt lat="4.0786990" lon="-76.2037020">
    <ele>986.3</ele>
    <time>2025-11-16T11:59:11Z</time>
   </trkpt>
   <trkpt lat="4.0786710" lon="-76.2037060">
    <ele>986.3</ele>
    <time>2025-11-16T11:59:12Z</time>
   </trkpt>
   <trkpt lat="4.0786330" lon="-76.2037100">
    <ele>986.4</ele>
    <time>2025-11-16T11:59:13Z</time>
   </trkpt>
   <trkpt lat="4.0786220" lon="-76.2037120">
    <ele>986.4</ele>
    <time>2025-11-16T11:59:14Z</time>
   </trkpt>
   <trkpt lat="4.0785890" lon="-76.2037190">
    <ele>986.4</ele>
    <time>2025-11-16T11:59:15Z</time>
   </trkpt>
   <trkpt lat="4.0785780" lon="-76.2037210">
    <ele>986.4</ele>
    <time>2025-11-16T11:59:16Z</time>
   </trkpt>
   <trkpt lat="4.0785450" lon="-76.2037280">
    <ele>986.4</ele>
    <time>2025-11-16T11:59:17Z</time>
   </trkpt>
   <trkpt lat="4.0785140" lon="-76.2037340">
    <ele>986.5</ele>
    <time>2025-11-16T11:59:18Z</time>
   </trkpt>
   <trkpt lat="4.0784790" lon="-76.2037450">
    <ele>986.5</ele>
    <time>2025-11-16T11:59:19Z</time>
   </trkpt>
   <trkpt lat="4.0784680" lon="-76.2037490">
    <ele>986.5</ele>
    <time>2025-11-16T11:59:20Z</time>
   </trkpt>
   <trkpt lat="4.0784360" lon="-76.2037530">
    <ele>986.5</ele>
    <time>2025-11-16T11:59:21Z</time>
   </trkpt>
   <trkpt lat="4.0784010" lon="-76.2037650">
    <ele>986.5</ele>
    <time>2025-11-16T11:59:22Z</time>
   </trkpt>
   <trkpt lat="4.0783880" lon="-76.2037690">
    <ele>986.5</ele>
    <time>2025-11-16T11:59:23Z</time>
   </trkpt>
   <trkpt lat="4.0783560" lon="-76.2037750">
    <ele>986.5</ele>
    <time>2025-11-16T11:59:24Z</time>
   </trkpt>
   <trkpt lat="4.0783270" lon="-76.2037820">
    <ele>986.5</ele>
    <time>2025-11-16T11:59:25Z</time>
   </trkpt>
   <trkpt lat="4.0782910" lon="-76.2037950">
    <ele>986.5</ele>
    <time>2025-11-16T11:59:26Z</time>
   </trkpt>
   <trkpt lat="4.0782790" lon="-76.2038010">
    <ele>986.5</ele>
    <time>2025-11-16T11:59:27Z</time>
   </trkpt>
   <trkpt lat="4.0782380" lon="-76.2038040">
    <ele>986.5</ele>
    <time>2025-11-16T11:59:28Z</time>
   </trkpt>
   <trkpt lat="4.0782230" lon="-76.2038040">
    <ele>986.5</ele>
    <time>2025-11-16T11:59:29Z</time>
   </trkpt>
   <trkpt lat="4.0781880" lon="-76.2038160">
    <ele>986.5</ele>
    <time>2025-11-16T11:59:30Z</time>
   </trkpt>
   <trkpt lat="4.0781750" lon="-76.2038220">
    <ele>986.5</ele>
    <time>2025-11-16T11:59:31Z</time>
   </trkpt>
   <trkpt lat="4.0781450" lon="-76.2038230">
    <ele>986.6</ele>
    <time>2025-11-16T11:59:32Z</time>
   </trkpt>
   <trkpt lat="4.0781100" lon="-76.2038210">
    <ele>986.6</ele>
    <time>2025-11-16T11:59:33Z</time>
   </trkpt>
   <trkpt lat="4.0781010" lon="-76.2038180">
    <ele>986.6</ele>
    <time>2025-11-16T11:59:34Z</time>
   </trkpt>
   <trkpt lat="4.0780740" lon="-76.2038150">
    <ele>986.6</ele>
    <time>2025-11-16T11:59:36Z</time>
   </trkpt>
   <trkpt lat="4.0780450" lon="-76.2038090">
    <ele>986.7</ele>
    <time>2025-11-16T11:59:37Z</time>
   </trkpt>
   <trkpt lat="4.0780190" lon="-76.2038000">
    <ele>986.7</ele>
    <time>2025-11-16T11:59:38Z</time>
   </trkpt>
   <trkpt lat="4.0779900" lon="-76.2037960">
    <ele>986.7</ele>
    <time>2025-11-16T11:59:39Z</time>
   </trkpt>
   <trkpt lat="4.0779760" lon="-76.2037950">
    <ele>986.8</ele>
    <time>2025-11-16T11:59:40Z</time>
   </trkpt>
   <trkpt lat="4.0779390" lon="-76.2037930">
    <ele>986.8</ele>
    <time>2025-11-16T11:59:41Z</time>
   </trkpt>
   <trkpt lat="4.0779250" lon="-76.2037980">
    <ele>986.8</ele>
    <time>2025-11-16T11:59:42Z</time>
   </trkpt>
   <trkpt lat="4.0778920" lon="-76.2037910">
    <ele>986.9</ele>
    <time>2025-11-16T11:59:43Z</time>
   </trkpt>
   <trkpt lat="4.0778820" lon="-76.2037910">
    <ele>986.9</ele>
    <time>2025-11-16T11:59:44Z</time>
   </trkpt>
   <trkpt lat="4.0778540" lon="-76.2037780">
    <ele>987.0</ele>
    <time>2025-11-16T11:59:45Z</time>
   </trkpt>
   <trkpt lat="4.0778450" lon="-76.2037770">
    <ele>987.0</ele>
    <time>2025-11-16T11:59:46Z</time>
   </trkpt>
   <trkpt lat="4.0778200" lon="-76.2037660">
    <ele>987.1</ele>
    <time>2025-11-16T11:59:47Z</time>
   </trkpt>
   <trkpt lat="4.0777900" lon="-76.2037480">
    <ele>987.2</ele>
    <time>2025-11-16T11:59:48Z</time>
   </trkpt>
   <trkpt lat="4.0777790" lon="-76.2037420">
    <ele>987.3</ele>
    <time>2025-11-16T11:59:49Z</time>
   </trkpt>
   <trkpt lat="4.0777560" lon="-76.2037220">
    <ele>987.3</ele>
    <time>2025-11-16T11:59:50Z</time>
   </trkpt>
   <trkpt lat="4.0777470" lon="-76.2037150">
    <ele>987.4</ele>
    <time>2025-11-16T11:59:51Z</time>
   </trkpt>
   <trkpt lat="4.0777360" lon="-76.2036900">
    <ele>987.5</ele>
    <time>2025-11-16T11:59:52Z</time>
   </trkpt>
   <trkpt lat="4.0776860" lon="-76.2036640">
    <ele>987.6</ele>
    <time>2025-11-16T11:59:53Z</time>
   </trkpt>
   <trkpt lat="4.0776710" lon="-76.2036410">
    <ele>987.7</ele>
    <time>2025-11-16T11:59:54Z</time>
   </trkpt>
   <trkpt lat="4.0776570" lon="-76.2036080">
    <ele>987.6</ele>
    <time>2025-11-16T11:59:55Z</time>
   </trkpt>
   <trkpt lat="4.0776580" lon="-76.2035900">
    <ele>987.6</ele>
    <time>2025-11-16T11:59:56Z</time>
   </trkpt>
   <trkpt lat="4.0776550" lon="-76.2035570">
    <ele>987.5</ele>
    <time>2025-11-16T11:59:57Z</time>
   </trkpt>
   <trkpt lat="4.0776570" lon="-76.2035240">
    <ele>987.4</ele>
    <time>2025-11-16T11:59:58Z</time>
   </trkpt>
   <trkpt lat="4.0776540" lon="-76.2034970">
    <ele>987.4</ele>
    <time>2025-11-16T11:59:59Z</time>
   </trkpt>
   <trkpt lat="4.0776380" lon="-76.2034670">
    <ele>987.3</ele>
    <time>2025-11-16T12:00:00Z</time>
   </trkpt>
   <trkpt lat="4.0776350" lon="-76.2034550">
    <ele>987.3</ele>
    <time>2025-11-16T12:00:01Z</time>
   </trkpt>
   <trkpt lat="4.0776490" lon="-76.2034250">
    <ele>987.2</ele>
    <time>2025-11-16T12:00:02Z</time>
   </trkpt>
   <trkpt lat="4.0776530" lon="-76.2033960">
    <ele>987.2</ele>
    <time>2025-11-16T12:00:03Z</time>
   </trkpt>
   <trkpt lat="4.0776480" lon="-76.2033620">
    <ele>987.2</ele>
    <time>2025-11-16T12:00:04Z</time>
   </trkpt>
   <trkpt lat="4.0776480" lon="-76.2033490">
    <ele>987.1</ele>
    <time>2025-11-16T12:00:05Z</time>
   </trkpt>
   <trkpt lat="4.0776420" lon="-76.2033220">
    <ele>987.1</ele>
    <time>2025-11-16T12:00:06Z</time>
   </trkpt>
   <trkpt lat="4.0776290" lon="-76.2032930">
    <ele>987.1</ele>
    <time>2025-11-16T12:00:07Z</time>
   </trkpt>
   <trkpt lat="4.0776300" lon="-76.2032820">
    <ele>987.1</ele>
    <time>2025-11-16T12:00:08Z</time>
   </trkpt>
   <trkpt lat="4.0776410" lon="-76.2032500">
    <ele>987.1</ele>
    <time>2025-11-16T12:00:09Z</time>
   </trkpt>
   <trkpt lat="4.0776460" lon="-76.2032400">
    <ele>987.1</ele>
    <time>2025-11-16T12:00:10Z</time>
   </trkpt>
   <trkpt lat="4.0776520" lon="-76.2032110">
    <ele>987.1</ele>
    <time>2025-11-16T12:00:11Z</time>
   </trkpt>
   <trkpt lat="4.0776650" lon="-76.2031760">
    <ele>987.1</ele>
    <time>2025-11-16T12:00:12Z</time>
   </trkpt>
   <trkpt lat="4.0776710" lon="-76.2031630">
    <ele>987.1</ele>
    <time>2025-11-16T12:00:13Z</time>
   </trkpt>
   <trkpt lat="4.0776640" lon="-76.2031230">
    <ele>987.1</ele>
    <time>2025-11-16T12:00:14Z</time>
   </trkpt>
   <trkpt lat="4.0776630" lon="-76.2031080">
    <ele>987.1</ele>
    <time>2025-11-16T12:00:15Z</time>
   </trkpt>
   <trkpt lat="4.0776620" lon="-76.2030710">
    <ele>987.1</ele>
    <time>2025-11-16T12:00:16Z</time>
   </trkpt>
   <trkpt lat="4.0776680" lon="-76.2030570">
    <ele>987.1</ele>
    <time>2025-11-16T12:00:17Z</time>
   </trkpt>
   <trkpt lat="4.0776600" lon="-76.2030280">
    <ele>987.1</ele>
    <time>2025-11-16T12:00:18Z</time>
   </trkpt>
   <trkpt lat="4.0776590" lon="-76.2030210">
    <ele>987.1</ele>
    <time>2025-11-16T12:00:19Z</time>
   </trkpt>
   <trkpt lat="4.0776540" lon="-76.2029760">
    <ele>987.1</ele>
    <time>2025-11-16T12:00:20Z</time>
   </trkpt>
   <trkpt lat="4.0776530" lon="-76.2029400">
    <ele>987.1</ele>
    <time>2025-11-16T12:00:21Z</time>
   </trkpt>
   <trkpt lat="4.0776540" lon="-76.2029270">
    <ele>987.1</ele>
    <time>2025-11-16T12:00:22Z</time>
   </trkpt>
   <trkpt lat="4.0776540" lon="-76.2028900">
    <ele>987.1</ele>
    <time>2025-11-16T12:00:23Z</time>
   </trkpt>
   <trkpt lat="4.0776550" lon="-76.2028780">
    <ele>987.1</ele>
    <time>2025-11-16T12:00:24Z</time>
   </trkpt>
   <trkpt lat="4.0776480" lon="-76.2028520">
    <ele>987.1</ele>
    <time>2025-11-16T12:00:25Z</time>
   </trkpt>
   <trkpt lat="4.0776500" lon="-76.2028150">
    <ele>987.1</ele>
    <time>2025-11-16T12:00:26Z</time>
   </trkpt>
   <trkpt lat="4.0776540" lon="-76.2028010">
    <ele>987.1</ele>
    <time>2025-11-16T12:00:27Z</time>
   </trkpt>
   <trkpt lat="4.0776450" lon="-76.2027640">
    <ele>987.0</ele>
    <time>2025-11-16T12:00:28Z</time>
   </trkpt>
   <trkpt lat="4.0776370" lon="-76.2027520">
    <ele>987.0</ele>
    <time>2025-11-16T12:00:29Z</time>
   </trkpt>
   <trkpt lat="4.0776440" lon="-76.2027240">
    <ele>987.0</ele>
    <time>2025-11-16T12:00:30Z</time>
   </trkpt>
   <trkpt lat="4.0776460" lon="-76.2026900">
    <ele>987.0</ele>
    <time>2025-11-16T12:00:31Z</time>
   </trkpt>
   <trkpt lat="4.0776510" lon="-76.2026780">
    <ele>987.0</ele>
    <time>2025-11-16T12:00:32Z</time>
   </trkpt>
   <trkpt lat="4.0776470" lon="-76.2026420">
    <ele>987.0</ele>
    <time>2025-11-16T12:00:33Z</time>
   </trkpt>
   <trkpt lat="4.0776510" lon="-76.2026290">
    <ele>987.0</ele>
    <time>2025-11-16T12:00:34Z</time>
   </trkpt>
   <trkpt lat="4.0776530" lon="-76.2026010">
    <ele>987.0</ele>
    <time>2025-11-16T12:00:35Z</time>
   </trkpt>
   <trkpt lat="4.0776490" lon="-76.2025660">
    <ele>987.0</ele>
    <time>2025-11-16T12:00:36Z</time>
   </trkpt>
   <trkpt lat="4.0776490" lon="-76.2025530">
    <ele>987.0</ele>
    <time>2025-11-16T12:00:37Z</time>
   </trkpt>
   <trkpt lat="4.0776550" lon="-76.2025210">
    <ele>987.0</ele>
    <time>2025-11-16T12:00:38Z</time>
   </trkpt>
   <trkpt lat="4.0776500" lon="-76.2024860">
    <ele>987.0</ele>
    <time>2025-11-16T12:00:39Z</time>
   </trkpt>
   <trkpt lat="4.0776490" lon="-76.2024730">
    <ele>987.0</ele>
    <time>2025-11-16T12:00:40Z</time>
   </trkpt>
   <trkpt lat="4.0776450" lon="-76.2024340">
    <ele>987.0</ele>
    <time>2025-11-16T12:00:41Z</time>
   </trkpt>
   <trkpt lat="4.0776380" lon="-76.2024200">
    <ele>987.0</ele>
    <time>2025-11-16T12:00:42Z</time>
   </trkpt>
   <trkpt lat="4.0776320" lon="-76.2023850">
    <ele>987.0</ele>
    <time>2025-11-16T12:00:43Z</time>
   </trkpt>
   <trkpt lat="4.0776280" lon="-76.2023770">
    <ele>987.1</ele>
    <time>2025-11-16T12:00:44Z</time>
   </trkpt>
   <trkpt lat="4.0776230" lon="-76.2023390">
    <ele>987.1</ele>
    <time>2025-11-16T12:00:45Z</time>
   </trkpt>
   <trkpt lat="4.0776190" lon="-76.2023260">
    <ele>987.1</ele>
    <time>2025-11-16T12:00:46Z</time>
   </trkpt>
   <trkpt lat="4.0776020" lon="-76.2022970">
    <ele>987.1</ele>
    <time>2025-11-16T12:00:47Z</time>
   </trkpt>
   <trkpt lat="4.0775920" lon="-76.2022910">
    <ele>987.1</ele>
    <time>2025-11-16T12:00:48Z</time>
   </trkpt>
   <trkpt lat="4.0775760" lon="-76.2022670">
    <ele>987.2</ele>
    <time>2025-11-16T12:00:49Z</time>
   </trkpt>
   <trkpt lat="4.0775590" lon="-76.2022430">
    <ele>987.2</ele>
    <time>2025-11-16T12:00:50Z</time>
   </trkpt>
   <trkpt lat="4.0775290" lon="-76.2022390">
    <ele>987.3</ele>
    <time>2025-11-16T12:00:51Z</time>
   </trkpt>
   <trkpt lat="4.0775190" lon="-76.2022380">
    <ele>987.3</ele>
    <time>2025-11-16T12:00:52Z</time>
   </trkpt>
   <trkpt lat="4.0774870" lon="-76.2022310">
    <ele>987.4</ele>
    <time>2025-11-16T12:00:53Z</time>
   </trkpt>
   <trkpt lat="4.0774720" lon="-76.2022280">
    <ele>987.4</ele>
    <time>2025-11-16T12:00:54Z</time>
   </trkpt>
   <trkpt lat="4.0774420" lon="-76.2022370">
    <ele>987.6</ele>
    <time>2025-11-16T12:00:55Z</time>
   </trkpt>
   <trkpt lat="4.0774330" lon="-76.2022410">
    <ele>987.7</ele>
    <time>2025-11-16T12:00:56Z</time>
   </trkpt>
   <trkpt lat="4.0774050" lon="-76.2022550">
    <ele>987.8</ele>
    <time>2025-11-16T12:00:57Z</time>
   </trkpt>
   <trkpt lat="4.0773960" lon="-76.2022560">
    <ele>987.9</ele>
    <time>2025-11-16T12:00:58Z</time>
   </trkpt>
   <trkpt lat="4.0773800" lon="-76.2022400">
    <ele>988.0</ele>
    <time>2025-11-16T12:00:59Z</time>
   </trkpt>
   <trkpt lat="4.0773660" lon="-76.2022470">
    <ele>988.1</ele>
    <time>2025-11-16T12:01:00Z</time>
   </trkpt>
   <trkpt lat="4.0773360" lon="-76.2022530">
    <ele>988.3</ele>
    <time>2025-11-16T12:01:01Z</time>
   </trkpt>
   <trkpt lat="4.0773040" lon="-76.2022540">
    <ele>988.4</ele>
    <time>2025-11-16T12:01:02Z</time>
   </trkpt>
   <trkpt lat="4.0772890" lon="-76.2022600">
    <ele>988.4</ele>
    <time>2025-11-16T12:01:03Z</time>
   </trkpt>
   <trkpt lat="4.0772490" lon="-76.2022650">
    <ele>988.5</ele>
    <time>2025-11-16T12:01:04Z</time>
   </trkpt>
   <trkpt lat="4.0772350" lon="-76.2022660">
    <ele>988.5</ele>
    <time>2025-11-16T12:01:05Z</time>
   </trkpt>
   <trkpt lat="4.0772110" lon="-76.2022800">
    <ele>988.5</ele>
    <time>2025-11-16T12:01:06Z</time>
   </trkpt>
   <trkpt lat="4.0771960" lon="-76.2022850">
    <ele>988.5</ele>
    <time>2025-11-16T12:01:07Z</time>
   </trkpt>
   <trkpt lat="4.0771570" lon="-76.2022960">
    <ele>988.6</ele>
    <time>2025-11-16T12:01:08Z</time>
   </trkpt>
   <trkpt lat="4.0771400" lon="-76.2022980">
    <ele>988.6</ele>
    <time>2025-11-16T12:01:09Z</time>
   </trkpt>
   <trkpt lat="4.0771130" lon="-76.2023120">
    <ele>988.6</ele>
    <time>2025-11-16T12:01:10Z</time>
   </trkpt>
   <trkpt lat="4.0770890" lon="-76.2023250">
    <ele>988.6</ele>
    <time>2025-11-16T12:01:11Z</time>
   </trkpt>
   <trkpt lat="4.0770590" lon="-76.2023210">
    <ele>988.6</ele>
    <time>2025-11-16T12:01:12Z</time>
   </trkpt>
   <trkpt lat="4.0770500" lon="-76.2023260">
    <ele>988.7</ele>
    <time>2025-11-16T12:01:13Z</time>
   </trkpt>
   <trkpt lat="4.0770140" lon="-76.2023200">
    <ele>988.7</ele>
    <time>2025-11-16T12:01:14Z</time>
   </trkpt>
   <trkpt lat="4.0770010" lon="-76.2023200">
    <ele>988.7</ele>
    <time>2025-11-16T12:01:15Z</time>
   </trkpt>
   <trkpt lat="4.0769750" lon="-76.2023270">
    <ele>988.7</ele>
    <time>2025-11-16T12:01:16Z</time>
   </trkpt>
   <trkpt lat="4.0769540" lon="-76.2023500">
    <ele>988.7</ele>
    <time>2025-11-16T12:01:17Z</time>
   </trkpt>
   <trkpt lat="4.0769280" lon="-76.2023420">
    <ele>988.8</ele>
    <time>2025-11-16T12:01:18Z</time>
   </trkpt>
   <trkpt lat="4.0768940" lon="-76.2023390">
    <ele>988.8</ele>
    <time>2025-11-16T12:01:19Z</time>
   </trkpt>
   <trkpt lat="4.0768820" lon="-76.2023370">
    <ele>988.8</ele>
    <time>2025-11-16T12:01:20Z</time>
   </trkpt>
   <trkpt lat="4.0768490" lon="-76.2023550">
    <ele>988.8</ele>
    <time>2025-11-16T12:01:21Z</time>
   </trkpt>
   <trkpt lat="4.0768100" lon="-76.2023590">
    <ele>988.9</ele>
    <time>2025-11-16T12:01:22Z</time>
   </trkpt>
   <trkpt lat="4.0767950" lon="-76.2023580">
    <ele>988.9</ele>
    <time>2025-11-16T12:01:23Z</time>
   </trkpt>
   <trkpt lat="4.0767660" lon="-76.2023600">
    <ele>988.9</ele>
    <time>2025-11-16T12:01:24Z</time>
   </trkpt>
   <trkpt lat="4.0767440" lon="-76.2023850">
    <ele>988.9</ele>
    <time>2025-11-16T12:01:25Z</time>
   </trkpt>
   <trkpt lat="4.0767100" lon="-76.2023930">
    <ele>988.9</ele>
    <time>2025-11-16T12:01:26Z</time>
   </trkpt>
   <trkpt lat="4.0766920" lon="-76.2023930">
    <ele>988.9</ele>
    <time>2025-11-16T12:01:27Z</time>
   </trkpt>
   <trkpt lat="4.0766630" lon="-76.2023970">
    <ele>989.0</ele>
    <time>2025-11-16T12:01:28Z</time>
   </trkpt>
   <trkpt lat="4.0766380" lon="-76.2024030">
    <ele>989.0</ele>
    <time>2025-11-16T12:01:29Z</time>
   </trkpt>
   <trkpt lat="4.0766330" lon="-76.2024100">
    <ele>989.0</ele>
    <time>2025-11-16T12:01:30Z</time>
   </trkpt>
   <trkpt lat="4.0766070" lon="-76.2024270">
    <ele>989.0</ele>
    <time>2025-11-16T12:01:31Z</time>
   </trkpt>
   <trkpt lat="4.0765680" lon="-76.2024260">
    <ele>989.0</ele>
    <time>2025-11-16T12:01:32Z</time>
   </trkpt>
   <trkpt lat="4.0765370" lon="-76.2024300">
    <ele>989.0</ele>
    <time>2025-11-16T12:01:33Z</time>
   </trkpt>
   <trkpt lat="4.0765080" lon="-76.2024310">
    <ele>989.1</ele>
    <time>2025-11-16T12:01:34Z</time>
   </trkpt>
   <trkpt lat="4.0764730" lon="-76.2024390">
    <ele>989.1</ele>
    <time>2025-11-16T12:01:35Z</time>
   </trkpt>
   <trkpt lat="4.0764390" lon="-76.2024460">
    <ele>989.1</ele>
    <time>2025-11-16T12:01:36Z</time>
   </trkpt>
   <trkpt lat="4.0764310" lon="-76.2024480">
    <ele>989.1</ele>
    <time>2025-11-16T12:01:37Z</time>
   </trkpt>
   <trkpt lat="4.0764020" lon="-76.2024580">
    <ele>989.1</ele>
    <time>2025-11-16T12:01:38Z</time>
   </trkpt>
   <trkpt lat="4.0763880" lon="-76.2024650">
    <ele>989.1</ele>
    <time>2025-11-16T12:01:39Z</time>
   </trkpt>
   <trkpt lat="4.0763520" lon="-76.2024570">
    <ele>989.2</ele>
    <time>2025-11-16T12:01:40Z</time>
   </trkpt>
   <trkpt lat="4.0763160" lon="-76.2024600">
    <ele>989.2</ele>
    <time>2025-11-16T12:01:42Z</time>
   </trkpt>
   <trkpt lat="4.0763020" lon="-76.2024610">
    <ele>989.2</ele>
    <time>2025-11-16T12:01:43Z</time>
   </trkpt>
   <trkpt lat="4.0762870" lon="-76.2024710">
    <ele>989.2</ele>
    <time>2025-11-16T12:01:44Z</time>
   </trkpt>
   <trkpt lat="4.0762710" lon="-76.2024710">
    <ele>989.2</ele>
    <time>2025-11-16T12:01:45Z</time>
   </trkpt>
   <trkpt lat="4.0762440" lon="-76.2024740">
    <ele>989.2</ele>
    <time>2025-11-16T12:01:46Z</time>
   </trkpt>
   <trkpt lat="4.0762160" lon="-76.2024780">
    <ele>989.2</ele>
    <time>2025-11-16T12:01:47Z</time>
   </trkpt>
   <trkpt lat="4.0761920" lon="-76.2024890">
    <ele>989.3</ele>
    <time>2025-11-16T12:01:48Z</time>
   </trkpt>
   <trkpt lat="4.0761800" lon="-76.2024900">
    <ele>989.3</ele>
    <time>2025-11-16T12:01:49Z</time>
   </trkpt>
   <trkpt lat="4.0761530" lon="-76.2025000">
    <ele>989.3</ele>
    <time>2025-11-16T12:01:50Z</time>
   </trkpt>
   <trkpt lat="4.0761250" lon="-76.2025100">
    <ele>989.3</ele>
    <time>2025-11-16T12:01:51Z</time>
   </trkpt>
   <trkpt lat="4.0761050" lon="-76.2025100">
    <ele>989.3</ele>
    <time>2025-11-16T12:01:52Z</time>
   </trkpt>
   <trkpt lat="4.0760740" lon="-76.2025140">
    <ele>989.3</ele>
    <time>2025-11-16T12:01:53Z</time>
   </trkpt>
   <trkpt lat="4.0760470" lon="-76.2025200">
    <ele>989.3</ele>
    <time>2025-11-16T12:01:54Z</time>
   </trkpt>
   <trkpt lat="4.0759850" lon="-76.2025390">
    <ele>989.4</ele>
    <time>2025-11-16T12:01:55Z</time>
   </trkpt>
   <trkpt lat="4.0759580" lon="-76.2025510">
    <ele>989.4</ele>
    <time>2025-11-16T12:01:56Z</time>
   </trkpt>
   <trkpt lat="4.0759290" lon="-76.2025580">
    <ele>989.4</ele>
    <time>2025-11-16T12:01:57Z</time>
   </trkpt>
   <trkpt lat="4.0759020" lon="-76.2025510">
    <ele>989.5</ele>
    <time>2025-11-16T12:01:58Z</time>
   </trkpt>
   <trkpt lat="4.0758710" lon="-76.2025520">
    <ele>989.5</ele>
    <time>2025-11-16T12:01:59Z</time>
   </trkpt>
   <trkpt lat="4.0758350" lon="-76.2025590">
    <ele>989.6</ele>
    <time>2025-11-16T12:02:00Z</time>
   </trkpt>
   <trkpt lat="4.0758220" lon="-76.2025590">
    <ele>989.6</ele>
    <time>2025-11-16T12:02:01Z</time>
   </trkpt>
   <trkpt lat="4.0757900" lon="-76.2025690">
    <ele>989.6</ele>
    <time>2025-11-16T12:02:02Z</time>
   </trkpt>
   <trkpt lat="4.0757770" lon="-76.2025730">
    <ele>989.6</ele>
    <time>2025-11-16T12:02:03Z</time>
   </trkpt>
   <trkpt lat="4.0757430" lon="-76.2025710">
    <ele>989.7</ele>
    <time>2025-11-16T12:02:04Z</time>
   </trkpt>
   <trkpt lat="4.0757290" lon="-76.2025700">
    <ele>989.7</ele>
    <time>2025-11-16T12:02:05Z</time>
   </trkpt>
   <trkpt lat="4.0756940" lon="-76.2025750">
    <ele>989.7</ele>
    <time>2025-11-16T12:02:06Z</time>
   </trkpt>
   <trkpt lat="4.0756830" lon="-76.2025770">
    <ele>989.7</ele>
    <time>2025-11-16T12:02:07Z</time>
   </trkpt>
   <trkpt lat="4.0756470" lon="-76.2025800">
    <ele>989.8</ele>
    <time>2025-11-16T12:02:08Z</time>
   </trkpt>
   <trkpt lat="4.0756330" lon="-76.2025810">
    <ele>989.8</ele>
    <time>2025-11-16T12:02:09Z</time>
   </trkpt>
   <trkpt lat="4.0756000" lon="-76.2025770">
    <ele>989.9</ele>
    <time>2025-11-16T12:02:10Z</time>
   </trkpt>
   <trkpt lat="4.0755900" lon="-76.2025790">
    <ele>989.9</ele>
    <time>2025-11-16T12:02:11Z</time>
   </trkpt>
   <trkpt lat="4.0755520" lon="-76.2025870">
    <ele>989.9</ele>
    <time>2025-11-16T12:02:12Z</time>
   </trkpt>
   <trkpt lat="4.0755390" lon="-76.2025890">
    <ele>989.9</ele>
    <time>2025-11-16T12:02:13Z</time>
   </trkpt>
   <trkpt lat="4.0755120" lon="-76.2026120">
    <ele>990.0</ele>
    <time>2025-11-16T12:02:14Z</time>
   </trkpt>
   <trkpt lat="4.0754960" lon="-76.2025870">
    <ele>990.0</ele>
    <time>2025-11-16T12:02:15Z</time>
   </trkpt>
   <trkpt lat="4.0754670" lon="-76.2025900">
    <ele>990.0</ele>
    <time>2025-11-16T12:02:16Z</time>
   </trkpt>
   <trkpt lat="4.0754560" lon="-76.2025940">
    <ele>990.0</ele>
    <time>2025-11-16T12:02:17Z</time>
   </trkpt>
   <trkpt lat="4.0754310" lon="-76.2026090">
    <ele>990.0</ele>
    <time>2025-11-16T12:02:18Z</time>
   </trkpt>
   <trkpt lat="4.0754010" lon="-76.2026130">
    <ele>990.1</ele>
    <time>2025-11-16T12:02:19Z</time>
   </trkpt>
   <trkpt lat="4.0753750" lon="-76.2026230">
    <ele>990.1</ele>
    <time>2025-11-16T12:02:20Z</time>
   </trkpt>
   <trkpt lat="4.0753670" lon="-76.2026330">
    <ele>990.1</ele>
    <time>2025-11-16T12:02:21Z</time>
   </trkpt>
   <trkpt lat="4.0753410" lon="-76.2026470">
    <ele>990.1</ele>
    <time>2025-11-16T12:02:22Z</time>
   </trkpt>
   <trkpt lat="4.0753050" lon="-76.2026560">
    <ele>990.1</ele>
    <time>2025-11-16T12:02:23Z</time>
   </trkpt>
   <trkpt lat="4.0752900" lon="-76.2026560">
    <ele>990.2</ele>
    <time>2025-11-16T12:02:24Z</time>
   </trkpt>
   <trkpt lat="4.0752550" lon="-76.2026450">
    <ele>990.2</ele>
    <time>2025-11-16T12:02:25Z</time>
   </trkpt>
   <trkpt lat="4.0752390" lon="-76.2026420">
    <ele>990.2</ele>
    <time>2025-11-16T12:02:26Z</time>
   </trkpt>
   <trkpt lat="4.0752140" lon="-76.2026610">
    <ele>990.2</ele>
    <time>2025-11-16T12:02:27Z</time>
   </trkpt>
   <trkpt lat="4.0751810" lon="-76.2026740">
    <ele>990.2</ele>
    <time>2025-11-16T12:02:28Z</time>
   </trkpt>
   <trkpt lat="4.0751550" lon="-76.2026850">
    <ele>990.2</ele>
    <time>2025-11-16T12:02:29Z</time>
   </trkpt>
   <trkpt lat="4.0751260" lon="-76.2026860">
    <ele>990.3</ele>
    <time>2025-11-16T12:02:30Z</time>
   </trkpt>
   <trkpt lat="4.0750960" lon="-76.2026980">
    <ele>990.3</ele>
    <time>2025-11-16T12:02:31Z</time>
   </trkpt>
   <trkpt lat="4.0750530" lon="-76.2026980">
    <ele>990.3</ele>
    <time>2025-11-16T12:02:32Z</time>
   </trkpt>
   <trkpt lat="4.0750370" lon="-76.2026980">
    <ele>990.3</ele>
    <time>2025-11-16T12:02:33Z</time>
   </trkpt>
   <trkpt lat="4.0750040" lon="-76.2027080">
    <ele>990.3</ele>
    <time>2025-11-16T12:02:34Z</time>
   </trkpt>
   <trkpt lat="4.0749940" lon="-76.2027090">
    <ele>990.3</ele>
    <time>2025-11-16T12:02:35Z</time>
   </trkpt>
   <trkpt lat="4.0749620" lon="-76.2027230">
    <ele>990.3</ele>
    <time>2025-11-16T12:02:36Z</time>
   </trkpt>
   <trkpt lat="4.0749510" lon="-76.2027290">
    <ele>990.3</ele>
    <time>2025-11-16T12:02:37Z</time>
   </trkpt>
   <trkpt lat="4.0749240" lon="-76.2027450">
    <ele>990.4</ele>
    <time>2025-11-16T12:02:38Z</time>
   </trkpt>
   <trkpt lat="4.0749070" lon="-76.2027170">
    <ele>990.4</ele>
    <time>2025-11-16T12:02:39Z</time>
   </trkpt>
   <trkpt lat="4.0748740" lon="-76.2027330">
    <ele>990.4</ele>
    <time>2025-11-16T12:02:40Z</time>
   </trkpt>
   <trkpt lat="4.0748580" lon="-76.2027430">
    <ele>990.4</ele>
    <time>2025-11-16T12:02:41Z</time>
   </trkpt>
   <trkpt lat="4.0748260" lon="-76.2027440">
    <ele>990.5</ele>
    <time>2025-11-16T12:02:42Z</time>
   </trkpt>
   <trkpt lat="4.0748160" lon="-76.2027310">
    <ele>990.5</ele>
    <time>2025-11-16T12:02:43Z</time>
   </trkpt>
   <trkpt lat="4.0747910" lon="-76.2027270">
    <ele>990.5</ele>
    <time>2025-11-16T12:02:44Z</time>
   </trkpt>
   <trkpt lat="4.0747780" lon="-76.2027280">
    <ele>990.5</ele>
    <time>2025-11-16T12:02:45Z</time>
   </trkpt>
   <trkpt lat="4.0747460" lon="-76.2027300">
    <ele>990.5</ele>
    <time>2025-11-16T12:02:46Z</time>
   </trkpt>
   <trkpt lat="4.0747160" lon="-76.2027420">
    <ele>990.6</ele>
    <time>2025-11-16T12:02:47Z</time>
   </trkpt>
   <trkpt lat="4.0746800" lon="-76.2027480">
    <ele>990.6</ele>
    <time>2025-11-16T12:02:48Z</time>
   </trkpt>
   <trkpt lat="4.0746670" lon="-76.2027550">
    <ele>990.6</ele>
    <time>2025-11-16T12:02:49Z</time>
   </trkpt>
   <trkpt lat="4.0746370" lon="-76.2027650">
    <ele>990.6</ele>
    <time>2025-11-16T12:02:50Z</time>
   </trkpt>
   <trkpt lat="4.0746250" lon="-76.2027650">
    <ele>990.6</ele>
    <time>2025-11-16T12:02:51Z</time>
   </trkpt>
   <trkpt lat="4.0745960" lon="-76.2027680">
    <ele>990.6</ele>
    <time>2025-11-16T12:02:52Z</time>
   </trkpt>
   <trkpt lat="4.0745690" lon="-76.2027980">
    <ele>990.7</ele>
    <time>2025-11-16T12:02:53Z</time>
   </trkpt>
   <trkpt lat="4.0745560" lon="-76.2028100">
    <ele>990.7</ele>
    <time>2025-11-16T12:02:54Z</time>
   </trkpt>
   <trkpt lat="4.0745210" lon="-76.2028190">
    <ele>990.7</ele>
    <time>2025-11-16T12:02:55Z</time>
   </trkpt>
   <trkpt lat="4.0744950" lon="-76.2028280">
    <ele>990.7</ele>
    <time>2025-11-16T12:02:56Z</time>
   </trkpt>
   <trkpt lat="4.0744690" lon="-76.2028480">
    <ele>990.7</ele>
    <time>2025-11-16T12:02:57Z</time>
   </trkpt>
   <trkpt lat="4.0744400" lon="-76.2028480">
    <ele>990.7</ele>
    <time>2025-11-16T12:02:58Z</time>
   </trkpt>
   <trkpt lat="4.0744070" lon="-76.2028660">
    <ele>990.7</ele>
    <time>2025-11-16T12:02:59Z</time>
   </trkpt>
   <trkpt lat="4.0743930" lon="-76.2028690">
    <ele>990.7</ele>
    <time>2025-11-16T12:03:00Z</time>
   </trkpt>
   <trkpt lat="4.0743570" lon="-76.2028580">
    <ele>990.8</ele>
    <time>2025-11-16T12:03:01Z</time>
   </trkpt>
   <trkpt lat="4.0743420" lon="-76.2028600">
    <ele>990.8</ele>
    <time>2025-11-16T12:03:02Z</time>
   </trkpt>
   <trkpt lat="4.0743150" lon="-76.2028710">
    <ele>990.8</ele>
    <time>2025-11-16T12:03:03Z</time>
   </trkpt>
   <trkpt lat="4.0742880" lon="-76.2028770">
    <ele>990.8</ele>
    <time>2025-11-16T12:03:04Z</time>
   </trkpt>
   <trkpt lat="4.0742560" lon="-76.2028810">
    <ele>990.8</ele>
    <time>2025-11-16T12:03:05Z</time>
   </trkpt>
   <trkpt lat="4.0742410" lon="-76.2028810">
    <ele>990.8</ele>
    <time>2025-11-16T12:03:06Z</time>
   </trkpt>
   <trkpt lat="4.0742110" lon="-76.2028810">
    <ele>990.8</ele>
    <time>2025-11-16T12:03:07Z</time>
   </trkpt>
   <trkpt lat="4.0741760" lon="-76.2028910">
    <ele>990.8</ele>
    <time>2025-11-16T12:03:08Z</time>
   </trkpt>
   <trkpt lat="4.0741460" lon="-76.2028890">
    <ele>990.8</ele>
    <time>2025-11-16T12:03:09Z</time>
   </trkpt>
   <trkpt lat="4.0741130" lon="-76.2029060">
    <ele>990.8</ele>
    <time>2025-11-16T12:03:10Z</time>
   </trkpt>
   <trkpt lat="4.0740850" lon="-76.2029050">
    <ele>990.8</ele>
    <time>2025-11-16T12:03:11Z</time>
   </trkpt>
   <trkpt lat="4.0740710" lon="-76.2029100">
    <ele>990.8</ele>
    <time>2025-11-16T12:03:12Z</time>
   </trkpt>
   <trkpt lat="4.0740430" lon="-76.2029160">
    <ele>990.8</ele>
    <time>2025-11-16T12:03:13Z</time>
   </trkpt>
   <trkpt lat="4.0740100" lon="-76.2029170">
    <ele>990.8</ele>
    <time>2025-11-16T12:03:14Z</time>
   </trkpt>
   <trkpt lat="4.0739730" lon="-76.2029120">
    <ele>990.8</ele>
    <time>2025-11-16T12:03:15Z</time>
   </trkpt>
   <trkpt lat="4.0739600" lon="-76.2029130">
    <ele>990.9</ele>
    <time>2025-11-16T12:03:16Z</time>
   </trkpt>
   <trkpt lat="4.0739330" lon="-76.2029240">
    <ele>990.9</ele>
    <time>2025-11-16T12:03:17Z</time>
   </trkpt>
   <trkpt lat="4.0739060" lon="-76.2029300">
    <ele>990.9</ele>
    <time>2025-11-16T12:03:18Z</time>
   </trkpt>
   <trkpt lat="4.0738790" lon="-76.2029360">
    <ele>990.9</ele>
    <time>2025-11-16T12:03:19Z</time>
   </trkpt>
   <trkpt lat="4.0738450" lon="-76.2029430">
    <ele>990.9</ele>
    <time>2025-11-16T12:03:20Z</time>
   </trkpt>
   <trkpt lat="4.0738300" lon="-76.2029430">
    <ele>990.9</ele>
    <time>2025-11-16T12:03:21Z</time>
   </trkpt>
   <trkpt lat="4.0737970" lon="-76.2029470">
    <ele>991.0</ele>
    <time>2025-11-16T12:03:22Z</time>
   </trkpt>
   <trkpt lat="4.0737860" lon="-76.2029500">
    <ele>991.0</ele>
    <time>2025-11-16T12:03:23Z</time>
   </trkpt>
   <trkpt lat="4.0737570" lon="-76.2029650">
    <ele>991.0</ele>
    <time>2025-11-16T12:03:24Z</time>
   </trkpt>
   <trkpt lat="4.0737450" lon="-76.2029680">
    <ele>991.0</ele>
    <time>2025-11-16T12:03:25Z</time>
   </trkpt>
   <trkpt lat="4.0737180" lon="-76.2029730">
    <ele>991.0</ele>
    <time>2025-11-16T12:03:26Z</time>
   </trkpt>
   <trkpt lat="4.0736900" lon="-76.2029760">
    <ele>991.0</ele>
    <time>2025-11-16T12:03:27Z</time>
   </trkpt>
   <trkpt lat="4.0736580" lon="-76.2029910">
    <ele>991.0</ele>
    <time>2025-11-16T12:03:28Z</time>
   </trkpt>
   <trkpt lat="4.0736450" lon="-76.2029960">
    <ele>991.0</ele>
    <time>2025-11-16T12:03:29Z</time>
   </trkpt>
   <trkpt lat="4.0736060" lon="-76.2029980">
    <ele>991.0</ele>
    <time>2025-11-16T12:03:30Z</time>
   </trkpt>
   <trkpt lat="4.0735920" lon="-76.2030020">
    <ele>991.0</ele>
    <time>2025-11-16T12:03:31Z</time>
   </trkpt>
   <trkpt lat="4.0735610" lon="-76.2030090">
    <ele>991.0</ele>
    <time>2025-11-16T12:03:32Z</time>
   </trkpt>
   <trkpt lat="4.0735300" lon="-76.2030170">
    <ele>991.0</ele>
    <time>2025-11-16T12:03:33Z</time>
   </trkpt>
   <trkpt lat="4.0735010" lon="-76.2030240">
    <ele>991.1</ele>
    <time>2025-11-16T12:03:34Z</time>
   </trkpt>
   <trkpt lat="4.0734900" lon="-76.2030240">
    <ele>991.1</ele>
    <time>2025-11-16T12:03:35Z</time>
   </trkpt>
   <trkpt lat="4.0734610" lon="-76.2030200">
    <ele>991.1</ele>
    <time>2025-11-16T12:03:36Z</time>
   </trkpt>
   <trkpt lat="4.0734490" lon="-76.2030190">
    <ele>991.1</ele>
    <time>2025-11-16T12:03:37Z</time>
   </trkpt>
   <trkpt lat="4.0734190" lon="-76.2030200">
    <ele>991.1</ele>
    <time>2025-11-16T12:03:38Z</time>
   </trkpt>
   <trkpt lat="4.0733950" lon="-76.2030350">
    <ele>991.1</ele>
    <time>2025-11-16T12:03:39Z</time>
   </trkpt>
   <trkpt lat="4.0733570" lon="-76.2030480">
    <ele>991.1</ele>
    <time>2025-11-16T12:03:40Z</time>
   </trkpt>
   <trkpt lat="4.0733390" lon="-76.2030450">
    <ele>991.1</ele>
    <time>2025-11-16T12:03:41Z</time>
   </trkpt>
   <trkpt lat="4.0733060" lon="-76.2030520">
    <ele>991.1</ele>
    <time>2025-11-16T12:03:42Z</time>
   </trkpt>
   <trkpt lat="4.0732950" lon="-76.2030550">
    <ele>991.1</ele>
    <time>2025-11-16T12:03:43Z</time>
   </trkpt>
   <trkpt lat="4.0732660" lon="-76.2030600">
    <ele>991.1</ele>
    <time>2025-11-16T12:03:44Z</time>
   </trkpt>
   <trkpt lat="4.0732380" lon="-76.2030800">
    <ele>991.1</ele>
    <time>2025-11-16T12:03:45Z</time>
   </trkpt>
   <trkpt lat="4.0732090" lon="-76.2030880">
    <ele>991.0</ele>
    <time>2025-11-16T12:03:46Z</time>
   </trkpt>
   <trkpt lat="4.0731830" lon="-76.2030810">
    <ele>991.0</ele>
    <time>2025-11-16T12:03:47Z</time>
   </trkpt>
   <trkpt lat="4.0731440" lon="-76.2030820">
    <ele>991.0</ele>
    <time>2025-11-16T12:03:48Z</time>
   </trkpt>
   <trkpt lat="4.0731310" lon="-76.2030850">
    <ele>991.0</ele>
    <time>2025-11-16T12:03:49Z</time>
   </trkpt>
   <trkpt lat="4.0731040" lon="-76.2030970">
    <ele>991.0</ele>
    <time>2025-11-16T12:03:50Z</time>
   </trkpt>
   <trkpt lat="4.0730960" lon="-76.2031040">
    <ele>991.0</ele>
    <time>2025-11-16T12:03:51Z</time>
   </trkpt>
   <trkpt lat="4.0730690" lon="-76.2031120">
    <ele>991.0</ele>
    <time>2025-11-16T12:03:52Z</time>
   </trkpt>
   <trkpt lat="4.0730410" lon="-76.2031160">
    <ele>991.0</ele>
    <time>2025-11-16T12:03:53Z</time>
   </trkpt>
   <trkpt lat="4.0730070" lon="-76.2031230">
    <ele>991.0</ele>
    <time>2025-11-16T12:03:54Z</time>
   </trkpt>
   <trkpt lat="4.0729960" lon="-76.2031290">
    <ele>991.0</ele>
    <time>2025-11-16T12:03:55Z</time>
   </trkpt>
   <trkpt lat="4.0729680" lon="-76.2031330">
    <ele>991.0</ele>
    <time>2025-11-16T12:03:56Z</time>
   </trkpt>
   <trkpt lat="4.0729370" lon="-76.2031460">
    <ele>991.0</ele>
    <time>2025-11-16T12:03:57Z</time>
   </trkpt>
   <trkpt lat="4.0729270" lon="-76.2031520">
    <ele>991.0</ele>
    <time>2025-11-16T12:03:58Z</time>
   </trkpt>
   <trkpt lat="4.0728880" lon="-76.2031540">
    <ele>991.0</ele>
    <time>2025-11-16T12:03:59Z</time>
   </trkpt>
   <trkpt lat="4.0728750" lon="-76.2031520">
    <ele>991.0</ele>
    <time>2025-11-16T12:04:00Z</time>
   </trkpt>
   <trkpt lat="4.0728450" lon="-76.2031590">
    <ele>991.0</ele>
    <time>2025-11-16T12:04:01Z</time>
   </trkpt>
   <trkpt lat="4.0728350" lon="-76.2031600">
    <ele>991.0</ele>
    <time>2025-11-16T12:04:02Z</time>
   </trkpt>
   <trkpt lat="4.0728120" lon="-76.2031770">
    <ele>991.0</ele>
    <time>2025-11-16T12:04:03Z</time>
   </trkpt>
   <trkpt lat="4.0727740" lon="-76.2031770">
    <ele>991.0</ele>
    <time>2025-11-16T12:04:04Z</time>
   </trkpt>
   <trkpt lat="4.0727440" lon="-76.2031560">
    <ele>991.0</ele>
    <time>2025-11-16T12:04:05Z</time>
   </trkpt>
   <trkpt lat="4.0727330" lon="-76.2031480">
    <ele>991.0</ele>
    <time>2025-11-16T12:04:06Z</time>
   </trkpt>
   <trkpt lat="4.0727110" lon="-76.2031160">
    <ele>991.0</ele>
    <time>2025-11-16T12:04:07Z</time>
   </trkpt>
   <trkpt lat="4.0727040" lon="-76.2031050">
    <ele>991.0</ele>
    <time>2025-11-16T12:04:08Z</time>
   </trkpt>
   <trkpt lat="4.0726860" lon="-76.2030760">
    <ele>991.0</ele>
    <time>2025-11-16T12:04:09Z</time>
   </trkpt>
   <trkpt lat="4.0726790" lon="-76.2030660">
    <ele>991.0</ele>
    <time>2025-11-16T12:04:10Z</time>
   </trkpt>
   <trkpt lat="4.0726600" lon="-76.2030450">
    <ele>991.0</ele>
    <time>2025-11-16T12:04:11Z</time>
   </trkpt>
   <trkpt lat="4.0726500" lon="-76.2030200">
    <ele>991.1</ele>
    <time>2025-11-16T12:04:12Z</time>
   </trkpt>
   <trkpt lat="4.0726340" lon="-76.2029890">
    <ele>991.1</ele>
    <time>2025-11-16T12:04:13Z</time>
   </trkpt>
   <trkpt lat="4.0726270" lon="-76.2029750">
    <ele>991.1</ele>
    <time>2025-11-16T12:04:14Z</time>
   </trkpt>
   <trkpt lat="4.0726030" lon="-76.2029520">
    <ele>991.1</ele>
    <time>2025-11-16T12:04:15Z</time>
   </trkpt>
   <trkpt lat="4.0725970" lon="-76.2029390">
    <ele>991.2</ele>
    <time>2025-11-16T12:04:16Z</time>
   </trkpt>
   <trkpt lat="4.0725820" lon="-76.2029040">
    <ele>991.2</ele>
    <time>2025-11-16T12:04:17Z</time>
   </trkpt>
   <trkpt lat="4.0725750" lon="-76.2028910">
    <ele>991.2</ele>
    <time>2025-11-16T12:04:18Z</time>
   </trkpt>
   <trkpt lat="4.0725560" lon="-76.2028600">
    <ele>991.3</ele>
    <time>2025-11-16T12:04:19Z</time>
   </trkpt>
   <trkpt lat="4.0725530" lon="-76.2028480">
    <ele>991.3</ele>
    <time>2025-11-16T12:04:20Z</time>
   </trkpt>
   <trkpt lat="4.0725330" lon="-76.2028220">
    <ele>991.3</ele>
    <time>2025-11-16T12:04:21Z</time>
   </trkpt>
   <trkpt lat="4.0725110" lon="-76.2028030">
    <ele>991.4</ele>
    <time>2025-11-16T12:04:22Z</time>
   </trkpt>
   <trkpt lat="4.0725120" lon="-76.2027690">
    <ele>991.4</ele>
    <time>2025-11-16T12:04:23Z</time>
   </trkpt>
   <trkpt lat="4.0725040" lon="-76.2027560">
    <ele>991.5</ele>
    <time>2025-11-16T12:04:24Z</time>
   </trkpt>
   <trkpt lat="4.0724870" lon="-76.2027310">
    <ele>991.5</ele>
    <time>2025-11-16T12:04:25Z</time>
   </trkpt>
   <trkpt lat="4.0724650" lon="-76.2027070">
    <ele>991.6</ele>
    <time>2025-11-16T12:04:26Z</time>
   </trkpt>
   <trkpt lat="4.0724630" lon="-76.2026760">
    <ele>991.6</ele>
    <time>2025-11-16T12:04:27Z</time>
   </trkpt>
   <trkpt lat="4.0724560" lon="-76.2026620">
    <ele>991.6</ele>
    <time>2025-11-16T12:04:28Z</time>
   </trkpt>
   <trkpt lat="4.0724350" lon="-76.2026390">
    <ele>991.7</ele>
    <time>2025-11-16T12:04:29Z</time>
   </trkpt>
   <trkpt lat="4.0724290" lon="-76.2026340">
    <ele>991.7</ele>
    <time>2025-11-16T12:04:30Z</time>
   </trkpt>
   <trkpt lat="4.0724130" lon="-76.2026010">
    <ele>991.8</ele>
    <time>2025-11-16T12:04:31Z</time>
   </trkpt>
   <trkpt lat="4.0724020" lon="-76.2025930">
    <ele>991.8</ele>
    <time>2025-11-16T12:04:32Z</time>
   </trkpt>
   <trkpt lat="4.0723920" lon="-76.2025670">
    <ele>991.8</ele>
    <time>2025-11-16T12:04:33Z</time>
   </trkpt>
   <trkpt lat="4.0723760" lon="-76.2025390">
    <ele>991.8</ele>
    <time>2025-11-16T12:04:34Z</time>
   </trkpt>
   <trkpt lat="4.0723710" lon="-76.2025280">
    <ele>991.9</ele>
    <time>2025-11-16T12:04:35Z</time>
   </trkpt>
   <trkpt lat="4.0723630" lon="-76.2024980">
    <ele>991.9</ele>
    <time>2025-11-16T12:04:36Z</time>
   </trkpt>
   <trkpt lat="4.0723500" lon="-76.2024690">
    <ele>992.0</ele>
    <time>2025-11-16T12:04:37Z</time>
   </trkpt>
   <trkpt lat="4.0723450" lon="-76.2024610">
    <ele>992.0</ele>
    <time>2025-11-16T12:04:38Z</time>
   </trkpt>
   <trkpt lat="4.0723320" lon="-76.2024210">
    <ele>992.0</ele>
    <time>2025-11-16T12:04:39Z</time>
   </trkpt>
   <trkpt lat="4.0723270" lon="-76.2024060">
    <ele>992.1</ele>
    <time>2025-11-16T12:04:40Z</time>
   </trkpt>
   <trkpt lat="4.0723090" lon="-76.2023810">
    <ele>992.1</ele>
    <time>2025-11-16T12:04:41Z</time>
   </trkpt>
   <trkpt lat="4.0722990" lon="-76.2023720">
    <ele>992.1</ele>
    <time>2025-11-16T12:04:42Z</time>
   </trkpt>
   <trkpt lat="4.0722970" lon="-76.2023310">
    <ele>992.2</ele>
    <time>2025-11-16T12:04:43Z</time>
   </trkpt>
   <trkpt lat="4.0722930" lon="-76.2023170">
    <ele>992.2</ele>
    <time>2025-11-16T12:04:44Z</time>
   </trkpt>
   <trkpt lat="4.0722760" lon="-76.2022920">
    <ele>992.3</ele>
    <time>2025-11-16T12:04:45Z</time>
   </trkpt>
   <trkpt lat="4.0722720" lon="-76.2022820">
    <ele>992.3</ele>
    <time>2025-11-16T12:04:46Z</time>
   </trkpt>
   <trkpt lat="4.0722650" lon="-76.2022450">
    <ele>992.3</ele>
    <time>2025-11-16T12:04:47Z</time>
   </trkpt>
   <trkpt lat="4.0722570" lon="-76.2022330">
    <ele>992.3</ele>
    <time>2025-11-16T12:04:48Z</time>
   </trkpt>
   <trkpt lat="4.0722380" lon="-76.2021960">
    <ele>992.4</ele>
    <time>2025-11-16T12:04:49Z</time>
   </trkpt>
   <trkpt lat="4.0722330" lon="-76.2021820">
    <ele>992.4</ele>
    <time>2025-11-16T12:04:50Z</time>
   </trkpt>
   <trkpt lat="4.0722190" lon="-76.2021530">
    <ele>992.5</ele>
    <time>2025-11-16T12:04:51Z</time>
   </trkpt>
   <trkpt lat="4.0722140" lon="-76.2021440">
    <ele>992.5</ele>
    <time>2025-11-16T12:04:52Z</time>
   </trkpt>
   <trkpt lat="4.0721980" lon="-76.2021160">
    <ele>992.5</ele>
    <time>2025-11-16T12:04:53Z</time>
   </trkpt>
   <trkpt lat="4.0721890" lon="-76.2021100">
    <ele>992.5</ele>
    <time>2025-11-16T12:04:54Z</time>
   </trkpt>
   <trkpt lat="4.0721770" lon="-76.2020740">
    <ele>992.6</ele>
    <time>2025-11-16T12:04:55Z</time>
   </trkpt>
   <trkpt lat="4.0721680" lon="-76.2020630">
    <ele>992.6</ele>
    <time>2025-11-16T12:04:56Z</time>
   </trkpt>
   <trkpt lat="4.0721520" lon="-76.2020350">
    <ele>992.6</ele>
    <time>2025-11-16T12:04:57Z</time>
   </trkpt>
   <trkpt lat="4.0721400" lon="-76.2020060">
    <ele>992.7</ele>
    <time>2025-11-16T12:04:58Z</time>
   </trkpt>
   <trkpt lat="4.0721350" lon="-76.2019980">
    <ele>992.7</ele>
    <time>2025-11-16T12:04:59Z</time>
   </trkpt>
   <trkpt lat="4.0721170" lon="-76.2019630">
    <ele>992.7</ele>
    <time>2025-11-16T12:05:00Z</time>
   </trkpt>
   <trkpt lat="4.0721060" lon="-76.2019520">
    <ele>992.7</ele>
    <time>2025-11-16T12:05:01Z</time>
   </trkpt>
   <trkpt lat="4.0720770" lon="-76.2019320">
    <ele>992.8</ele>
    <time>2025-11-16T12:05:02Z</time>
   </trkpt>
   <trkpt lat="4.0720690" lon="-76.2019270">
    <ele>992.8</ele>
    <time>2025-11-16T12:05:03Z</time>
   </trkpt>
   <trkpt lat="4.0720560" lon="-76.2019000">
    <ele>992.8</ele>
    <time>2025-11-16T12:05:04Z</time>
   </trkpt>
   <trkpt lat="4.0720480" lon="-76.2018940">
    <ele>992.9</ele>
    <time>2025-11-16T12:05:05Z</time>
   </trkpt>
   <trkpt lat="4.0720350" lon="-76.2018640">
    <ele>992.9</ele>
    <time>2025-11-16T12:05:06Z</time>
   </trkpt>
   <trkpt lat="4.0720320" lon="-76.2018550">
    <ele>992.9</ele>
    <time>2025-11-16T12:05:07Z</time>
   </trkpt>
   <trkpt lat="4.0720290" lon="-76.2018220">
    <ele>993.0</ele>
    <time>2025-11-16T12:05:08Z</time>
   </trkpt>
   <trkpt lat="4.0720250" lon="-76.2017900">
    <ele>993.0</ele>
    <time>2025-11-16T12:05:09Z</time>
   </trkpt>
   <trkpt lat="4.0720040" lon="-76.2017620">
    <ele>993.0</ele>
    <time>2025-11-16T12:05:10Z</time>
   </trkpt>
   <trkpt lat="4.0720010" lon="-76.2017530">
    <ele>993.1</ele>
    <time>2025-11-16T12:05:11Z</time>
   </trkpt>
   <trkpt lat="4.0719960" lon="-76.2017230">
    <ele>993.1</ele>
    <time>2025-11-16T12:05:12Z</time>
   </trkpt>
   <trkpt lat="4.0719870" lon="-76.2016930">
    <ele>993.1</ele>
    <time>2025-11-16T12:05:13Z</time>
   </trkpt>
   <trkpt lat="4.0719710" lon="-76.2016650">
    <ele>993.1</ele>
    <time>2025-11-16T12:05:14Z</time>
   </trkpt>
   <trkpt lat="4.0719670" lon="-76.2016560">
    <ele>993.1</ele>
    <time>2025-11-16T12:05:15Z</time>
   </trkpt>
   <trkpt lat="4.0719550" lon="-76.2016210">
    <ele>993.2</ele>
    <time>2025-11-16T12:05:16Z</time>
   </trkpt>
   <trkpt lat="4.0719540" lon="-76.2016080">
    <ele>993.2</ele>
    <time>2025-11-16T12:05:17Z</time>
   </trkpt>
   <trkpt lat="4.0719490" lon="-76.2015760">
    <ele>993.2</ele>
    <time>2025-11-16T12:05:18Z</time>
   </trkpt>
   <trkpt lat="4.0719450" lon="-76.2015680">
    <ele>993.2</ele>
    <time>2025-11-16T12:05:19Z</time>
   </trkpt>
   <trkpt lat="4.0719260" lon="-76.2015340">
    <ele>993.2</ele>
    <time>2025-11-16T12:05:20Z</time>
   </trkpt>
   <trkpt lat="4.0719180" lon="-76.2015230">
    <ele>993.2</ele>
    <time>2025-11-16T12:05:21Z</time>
   </trkpt>
   <trkpt lat="4.0719070" lon="-76.2014950">
    <ele>993.2</ele>
    <time>2025-11-16T12:05:22Z</time>
   </trkpt>
   <trkpt lat="4.0719010" lon="-76.2014660">
    <ele>993.3</ele>
    <time>2025-11-16T12:05:23Z</time>
   </trkpt>
   <trkpt lat="4.0718980" lon="-76.2014550">
    <ele>993.3</ele>
    <time>2025-11-16T12:05:24Z</time>
   </trkpt>
   <trkpt lat="4.0718820" lon="-76.2014190">
    <ele>993.3</ele>
    <time>2025-11-16T12:05:25Z</time>
   </trkpt>
   <trkpt lat="4.0718770" lon="-76.2014060">
    <ele>993.3</ele>
    <time>2025-11-16T12:05:26Z</time>
   </trkpt>
   <trkpt lat="4.0718710" lon="-76.2013760">
    <ele>993.4</ele>
    <time>2025-11-16T12:05:27Z</time>
   </trkpt>
   <trkpt lat="4.0718510" lon="-76.2013540">
    <ele>993.4</ele>
    <time>2025-11-16T12:05:28Z</time>
   </trkpt>
   <trkpt lat="4.0718430" lon="-76.2013360">
    <ele>993.4</ele>
    <time>2025-11-16T12:05:29Z</time>
   </trkpt>
   <trkpt lat="4.0718370" lon="-76.2013060">
    <ele>993.5</ele>
    <time>2025-11-16T12:05:30Z</time>
   </trkpt>
   <trkpt lat="4.0718240" lon="-76.2012730">
    <ele>993.5</ele>
    <time>2025-11-16T12:05:31Z</time>
   </trkpt>
   <trkpt lat="4.0718170" lon="-76.2012610">
    <ele>993.5</ele>
    <time>2025-11-16T12:05:32Z</time>
   </trkpt>
   <trkpt lat="4.0718000" lon="-76.2012230">
    <ele>993.6</ele>
    <time>2025-11-16T12:05:33Z</time>
   </trkpt>
   <trkpt lat="4.0717950" lon="-76.2012040">
    <ele>993.6</ele>
    <time>2025-11-16T12:05:34Z</time>
   </trkpt>
   <trkpt lat="4.0717810" lon="-76.2011760">
    <ele>993.7</ele>
    <time>2025-11-16T12:05:35Z</time>
   </trkpt>
   <trkpt lat="4.0717610" lon="-76.2011480">
    <ele>993.7</ele>
    <time>2025-11-16T12:05:36Z</time>
   </trkpt>
   <trkpt lat="4.0717540" lon="-76.2011390">
    <ele>993.7</ele>
    <time>2025-11-16T12:05:37Z</time>
   </trkpt>
   <trkpt lat="4.0717480" lon="-76.2011020">
    <ele>993.8</ele>
    <time>2025-11-16T12:05:38Z</time>
   </trkpt>
   <trkpt lat="4.0717470" lon="-76.2010910">
    <ele>993.8</ele>
    <time>2025-11-16T12:05:39Z</time>
   </trkpt>
   <trkpt lat="4.0717400" lon="-76.2010620">
    <ele>993.8</ele>
    <time>2025-11-16T12:05:40Z</time>
   </trkpt>
   <trkpt lat="4.0717300" lon="-76.2010320">
    <ele>993.9</ele>
    <time>2025-11-16T12:05:41Z</time>
   </trkpt>
   <trkpt lat="4.0717240" lon="-76.2010220">
    <ele>993.9</ele>
    <time>2025-11-16T12:05:42Z</time>
   </trkpt>
   <trkpt lat="4.0717080" lon="-76.2010000">
    <ele>993.9</ele>
    <time>2025-11-16T12:05:43Z</time>
   </trkpt>
   <trkpt lat="4.0716900" lon="-76.2009720">
    <ele>994.0</ele>
    <time>2025-11-16T12:05:44Z</time>
   </trkpt>
   <trkpt lat="4.0716710" lon="-76.2009420">
    <ele>994.0</ele>
    <time>2025-11-16T12:05:45Z</time>
   </trkpt>
   <trkpt lat="4.0716630" lon="-76.2009300">
    <ele>994.0</ele>
    <time>2025-11-16T12:05:46Z</time>
   </trkpt>
   <trkpt lat="4.0716410" lon="-76.2009080">
    <ele>994.1</ele>
    <time>2025-11-16T12:05:47Z</time>
   </trkpt>
   <trkpt lat="4.0716440" lon="-76.2008800">
    <ele>994.1</ele>
    <time>2025-11-16T12:05:48Z</time>
   </trkpt>
   <trkpt lat="4.0716180" lon="-76.2008570">
    <ele>994.1</ele>
    <time>2025-11-16T12:05:49Z</time>
   </trkpt>
   <trkpt lat="4.0716130" lon="-76.2008450">
    <ele>994.1</ele>
    <time>2025-11-16T12:05:50Z</time>
   </trkpt>
   <trkpt lat="4.0716130" lon="-76.2008120">
    <ele>994.2</ele>
    <time>2025-11-16T12:05:51Z</time>
   </trkpt>
   <trkpt lat="4.0716080" lon="-76.2008020">
    <ele>994.2</ele>
    <time>2025-11-16T12:05:52Z</time>
   </trkpt>
   <trkpt lat="4.0715910" lon="-76.2007710">
    <ele>994.2</ele>
    <time>2025-11-16T12:05:53Z</time>
   </trkpt>
   <trkpt lat="4.0715860" lon="-76.2007600">
    <ele>994.2</ele>
    <time>2025-11-16T12:05:54Z</time>
   </trkpt>
   <trkpt lat="4.0715660" lon="-76.2007290">
    <ele>994.3</ele>
    <time>2025-11-16T12:05:55Z</time>
   </trkpt>
   <trkpt lat="4.0715570" lon="-76.2007190">
    <ele>994.3</ele>
    <time>2025-11-16T12:05:56Z</time>
   </trkpt>
   <trkpt lat="4.0715420" lon="-76.2006860">
    <ele>994.3</ele>
    <time>2025-11-16T12:05:57Z</time>
   </trkpt>
   <trkpt lat="4.0715370" lon="-76.2006740">
    <ele>994.3</ele>
    <time>2025-11-16T12:05:58Z</time>
   </trkpt>
   <trkpt lat="4.0715230" lon="-76.2006470">
    <ele>994.4</ele>
    <time>2025-11-16T12:05:59Z</time>
   </trkpt>
   <trkpt lat="4.0715190" lon="-76.2006330">
    <ele>994.4</ele>
    <time>2025-11-16T12:06:00Z</time>
   </trkpt>
   <trkpt lat="4.0715010" lon="-76.2006060">
    <ele>994.4</ele>
    <time>2025-11-16T12:06:01Z</time>
   </trkpt>
   <trkpt lat="4.0714950" lon="-76.2005950">
    <ele>994.4</ele>
    <time>2025-11-16T12:06:02Z</time>
   </trkpt>
   <trkpt lat="4.0714910" lon="-76.2005680">
    <ele>994.5</ele>
    <time>2025-11-16T12:06:03Z</time>
   </trkpt>
   <trkpt lat="4.0714870" lon="-76.2005380">
    <ele>994.5</ele>
    <time>2025-11-16T12:06:04Z</time>
   </trkpt>
   <trkpt lat="4.0714850" lon="-76.2005120">
    <ele>994.5</ele>
    <time>2025-11-16T12:06:05Z</time>
   </trkpt>
   <trkpt lat="4.0714800" lon="-76.2005040">
    <ele>994.5</ele>
    <time>2025-11-16T12:06:06Z</time>
   </trkpt>
   <trkpt lat="4.0714590" lon="-76.2004760">
    <ele>994.6</ele>
    <time>2025-11-16T12:06:07Z</time>
   </trkpt>
   <trkpt lat="4.0714410" lon="-76.2004420">
    <ele>994.6</ele>
    <time>2025-11-16T12:06:08Z</time>
   </trkpt>
   <trkpt lat="4.0714340" lon="-76.2004300">
    <ele>994.6</ele>
    <time>2025-11-16T12:06:09Z</time>
   </trkpt>
   <trkpt lat="4.0714360" lon="-76.2003980">
    <ele>994.7</ele>
    <time>2025-11-16T12:06:10Z</time>
   </trkpt>
   <trkpt lat="4.0714200" lon="-76.2003690">
    <ele>994.7</ele>
    <time>2025-11-16T12:06:11Z</time>
   </trkpt>
   <trkpt lat="4.0714100" lon="-76.2003660">
    <ele>994.7</ele>
    <time>2025-11-16T12:06:12Z</time>
   </trkpt>
   <trkpt lat="4.0713990" lon="-76.2003370">
    <ele>994.8</ele>
    <time>2025-11-16T12:06:13Z</time>
   </trkpt>
   <trkpt lat="4.0713850" lon="-76.2003060">
    <ele>994.8</ele>
    <time>2025-11-16T12:06:14Z</time>
   </trkpt>
   <trkpt lat="4.0713790" lon="-76.2002940">
    <ele>994.8</ele>
    <time>2025-11-16T12:06:15Z</time>
   </trkpt>
   <trkpt lat="4.0713720" lon="-76.2002600">
    <ele>994.9</ele>
    <time>2025-11-16T12:06:16Z</time>
   </trkpt>
   <trkpt lat="4.0713650" lon="-76.2002460">
    <ele>994.9</ele>
    <time>2025-11-16T12:06:17Z</time>
   </trkpt>
   <trkpt lat="4.0713500" lon="-76.2002100">
    <ele>994.9</ele>
    <time>2025-11-16T12:06:18Z</time>
   </trkpt>
   <trkpt lat="4.0713440" lon="-76.2001980">
    <ele>994.9</ele>
    <time>2025-11-16T12:06:19Z</time>
   </trkpt>
   <trkpt lat="4.0713330" lon="-76.2001760">
    <ele>995.0</ele>
    <time>2025-11-16T12:06:20Z</time>
   </trkpt>
   <trkpt lat="4.0713150" lon="-76.2001730">
    <ele>995.0</ele>
    <time>2025-11-16T12:06:21Z</time>
   </trkpt>
   <trkpt lat="4.0712950" lon="-76.2001420">
    <ele>995.0</ele>
    <time>2025-11-16T12:06:22Z</time>
   </trkpt>
   <trkpt lat="4.0712850" lon="-76.2001280">
    <ele>995.1</ele>
    <time>2025-11-16T12:06:23Z</time>
   </trkpt>
   <trkpt lat="4.0712670" lon="-76.2000960">
    <ele>995.1</ele>
    <time>2025-11-16T12:06:24Z</time>
   </trkpt>
   <trkpt lat="4.0712600" lon="-76.2000860">
    <ele>995.1</ele>
    <time>2025-11-16T12:06:25Z</time>
   </trkpt>
   <trkpt lat="4.0712520" lon="-76.2000550">
    <ele>995.2</ele>
    <time>2025-11-16T12:06:26Z</time>
   </trkpt>
   <trkpt lat="4.0712520" lon="-76.2000280">
    <ele>995.2</ele>
    <time>2025-11-16T12:06:27Z</time>
   </trkpt>
   <trkpt lat="4.0712390" lon="-76.1999960">
    <ele>995.2</ele>
    <time>2025-11-16T12:06:28Z</time>
   </trkpt>
   <trkpt lat="4.0712340" lon="-76.1999860">
    <ele>995.3</ele>
    <time>2025-11-16T12:06:29Z</time>
   </trkpt>
   <trkpt lat="4.0712230" lon="-76.1999500">
    <ele>995.3</ele>
    <time>2025-11-16T12:06:30Z</time>
   </trkpt>
   <trkpt lat="4.0712190" lon="-76.1999350">
    <ele>995.3</ele>
    <time>2025-11-16T12:06:31Z</time>
   </trkpt>
   <trkpt lat="4.0712040" lon="-76.1999090">
    <ele>995.4</ele>
    <time>2025-11-16T12:06:32Z</time>
   </trkpt>
   <trkpt lat="4.0711980" lon="-76.1999020">
    <ele>995.4</ele>
    <time>2025-11-16T12:06:33Z</time>
   </trkpt>
   <trkpt lat="4.0711980" lon="-76.1998670">
    <ele>995.4</ele>
    <time>2025-11-16T12:06:34Z</time>
   </trkpt>
   <trkpt lat="4.0711930" lon="-76.1998550">
    <ele>995.5</ele>
    <time>2025-11-16T12:06:35Z</time>
   </trkpt>
   <trkpt lat="4.0711740" lon="-76.1998340">
    <ele>995.5</ele>
    <time>2025-11-16T12:06:36Z</time>
   </trkpt>
   <trkpt lat="4.0711590" lon="-76.1998040">
    <ele>995.6</ele>
    <time>2025-11-16T12:06:37Z</time>
   </trkpt>
   <trkpt lat="4.0711520" lon="-76.1997950">
    <ele>995.6</ele>
    <time>2025-11-16T12:06:38Z</time>
   </trkpt>
   <trkpt lat="4.0711350" lon="-76.1997630">
    <ele>995.6</ele>
    <time>2025-11-16T12:06:39Z</time>
   </trkpt>
   <trkpt lat="4.0711180" lon="-76.1997260">
    <ele>995.7</ele>
    <time>2025-11-16T12:06:40Z</time>
   </trkpt>
   <trkpt lat="4.0711150" lon="-76.1997120">
    <ele>995.7</ele>
    <time>2025-11-16T12:06:41Z</time>
   </trkpt>
   <trkpt lat="4.0710960" lon="-76.1996930">
    <ele>995.7</ele>
    <time>2025-11-16T12:06:42Z</time>
   </trkpt>
   <trkpt lat="4.0710820" lon="-76.1996620">
    <ele>995.8</ele>
    <time>2025-11-16T12:06:43Z</time>
   </trkpt>
   <trkpt lat="4.0710790" lon="-76.1996520">
    <ele>995.8</ele>
    <time>2025-11-16T12:06:44Z</time>
   </trkpt>
   <trkpt lat="4.0710750" lon="-76.1996230">
    <ele>995.9</ele>
    <time>2025-11-16T12:06:45Z</time>
   </trkpt>
   <trkpt lat="4.0710570" lon="-76.1995910">
    <ele>995.9</ele>
    <time>2025-11-16T12:06:46Z</time>
   </trkpt>
   <trkpt lat="4.0710450" lon="-76.1995800">
    <ele>995.9</ele>
    <time>2025-11-16T12:06:47Z</time>
   </trkpt>
   <trkpt lat="4.0710270" lon="-76.1995540">
    <ele>996.0</ele>
    <time>2025-11-16T12:06:48Z</time>
   </trkpt>
   <trkpt lat="4.0710230" lon="-76.1995440">
    <ele>996.0</ele>
    <time>2025-11-16T12:06:49Z</time>
   </trkpt>
   <trkpt lat="4.0710230" lon="-76.1995060">
    <ele>996.1</ele>
    <time>2025-11-16T12:06:50Z</time>
   </trkpt>
   <trkpt lat="4.0710170" lon="-76.1994930">
    <ele>996.1</ele>
    <time>2025-11-16T12:06:51Z</time>
   </trkpt>
   <trkpt lat="4.0710040" lon="-76.1994690">
    <ele>996.1</ele>
    <time>2025-11-16T12:06:52Z</time>
   </trkpt>
   <trkpt lat="4.0709830" lon="-76.1994470">
    <ele>996.2</ele>
    <time>2025-11-16T12:06:53Z</time>
   </trkpt>
   <trkpt lat="4.0709740" lon="-76.1994190">
    <ele>996.2</ele>
    <time>2025-11-16T12:06:54Z</time>
   </trkpt>
   <trkpt lat="4.0709580" lon="-76.1993810">
    <ele>996.3</ele>
    <time>2025-11-16T12:06:55Z</time>
   </trkpt>
   <trkpt lat="4.0709550" lon="-76.1993660">
    <ele>996.3</ele>
    <time>2025-11-16T12:06:56Z</time>
   </trkpt>
   <trkpt lat="4.0709330" lon="-76.1993340">
    <ele>996.3</ele>
    <time>2025-11-16T12:06:57Z</time>
   </trkpt>
   <trkpt lat="4.0709270" lon="-76.1993230">
    <ele>996.3</ele>
    <time>2025-11-16T12:06:58Z</time>
   </trkpt>
   <trkpt lat="4.0709270" lon="-76.1992930">
    <ele>996.4</ele>
    <time>2025-11-16T12:06:59Z</time>
   </trkpt>
   <trkpt lat="4.0709270" lon="-76.1992840">
    <ele>996.4</ele>
    <time>2025-11-16T12:07:00Z</time>
   </trkpt>
   <trkpt lat="4.0709150" lon="-76.1992490">
    <ele>996.4</ele>
    <time>2025-11-16T12:07:01Z</time>
   </trkpt>
   <trkpt lat="4.0709070" lon="-76.1992370">
    <ele>996.4</ele>
    <time>2025-11-16T12:07:02Z</time>
   </trkpt>
   <trkpt lat="4.0708920" lon="-76.1992070">
    <ele>996.5</ele>
    <time>2025-11-16T12:07:03Z</time>
   </trkpt>
   <trkpt lat="4.0708890" lon="-76.1991920">
    <ele>996.5</ele>
    <time>2025-11-16T12:07:04Z</time>
   </trkpt>
   <trkpt lat="4.0708690" lon="-76.1991650">
    <ele>996.5</ele>
    <time>2025-11-16T12:07:05Z</time>
   </trkpt>
   <trkpt lat="4.0708510" lon="-76.1991370">
    <ele>996.5</ele>
    <time>2025-11-16T12:07:06Z</time>
   </trkpt>
   <trkpt lat="4.0708430" lon="-76.1991250">
    <ele>996.5</ele>
    <time>2025-11-16T12:07:07Z</time>
   </trkpt>
   <trkpt lat="4.0708220" lon="-76.1991050">
    <ele>996.6</ele>
    <time>2025-11-16T12:07:08Z</time>
   </trkpt>
   <trkpt lat="4.0708030" lon="-76.1990820">
    <ele>996.6</ele>
    <time>2025-11-16T12:07:09Z</time>
   </trkpt>
   <trkpt lat="4.0708020" lon="-76.1990720">
    <ele>996.6</ele>
    <time>2025-11-16T12:07:10Z</time>
   </trkpt>
   <trkpt lat="4.0708030" lon="-76.1990410">
    <ele>996.6</ele>
    <time>2025-11-16T12:07:11Z</time>
   </trkpt>
   <trkpt lat="4.0707990" lon="-76.1990100">
    <ele>996.7</ele>
    <time>2025-11-16T12:07:12Z</time>
   </trkpt>
   <trkpt lat="4.0707990" lon="-76.1990010">
    <ele>996.7</ele>
    <time>2025-11-16T12:07:13Z</time>
   </trkpt>
   <trkpt lat="4.0707850" lon="-76.1989660">
    <ele>996.7</ele>
    <time>2025-11-16T12:07:14Z</time>
   </trkpt>
   <trkpt lat="4.0707810" lon="-76.1989540">
    <ele>996.7</ele>
    <time>2025-11-16T12:07:15Z</time>
   </trkpt>
   <trkpt lat="4.0707610" lon="-76.1989360">
    <ele>996.8</ele>
    <time>2025-11-16T12:07:16Z</time>
   </trkpt>
   <trkpt lat="4.0707480" lon="-76.1989080">
    <ele>996.8</ele>
    <time>2025-11-16T12:07:17Z</time>
   </trkpt>
   <trkpt lat="4.0707480" lon="-76.1988940">
    <ele>996.8</ele>
    <time>2025-11-16T12:07:18Z</time>
   </trkpt>
   <trkpt lat="4.0707430" lon="-76.1988580">
    <ele>996.8</ele>
    <time>2025-11-16T12:07:19Z</time>
   </trkpt>
   <trkpt lat="4.0707370" lon="-76.1988310">
    <ele>996.9</ele>
    <time>2025-11-16T12:07:20Z</time>
   </trkpt>
   <trkpt lat="4.0707320" lon="-76.1988180">
    <ele>996.9</ele>
    <time>2025-11-16T12:07:21Z</time>
   </trkpt>
   <trkpt lat="4.0707120" lon="-76.1987880">
    <ele>996.9</ele>
    <time>2025-11-16T12:07:22Z</time>
   </trkpt>
   <trkpt lat="4.0707050" lon="-76.1987770">
    <ele>996.9</ele>
    <time>2025-11-16T12:07:23Z</time>
   </trkpt>
   <trkpt lat="4.0706780" lon="-76.1987460">
    <ele>997.0</ele>
    <time>2025-11-16T12:07:24Z</time>
   </trkpt>
   <trkpt lat="4.0706660" lon="-76.1987350">
    <ele>997.0</ele>
    <time>2025-11-16T12:07:25Z</time>
   </trkpt>
   <trkpt lat="4.0706490" lon="-76.1987100">
    <ele>997.0</ele>
    <time>2025-11-16T12:07:26Z</time>
   </trkpt>
   <trkpt lat="4.0706340" lon="-76.1986800">
    <ele>997.1</ele>
    <time>2025-11-16T12:07:27Z</time>
   </trkpt>
   <trkpt lat="4.0706270" lon="-76.1986450">
    <ele>997.1</ele>
    <time>2025-11-16T12:07:28Z</time>
   </trkpt>
   <trkpt lat="4.0706270" lon="-76.1986340">
    <ele>997.1</ele>
    <time>2025-11-16T12:07:29Z</time>
   </trkpt>
   <trkpt lat="4.0706170" lon="-76.1986040">
    <ele>997.1</ele>
    <time>2025-11-16T12:07:30Z</time>
   </trkpt>
   <trkpt lat="4.0706140" lon="-76.1985750">
    <ele>997.2</ele>
    <time>2025-11-16T12:07:31Z</time>
   </trkpt>
   <trkpt lat="4.0706170" lon="-76.1985670">
    <ele>997.2</ele>
    <time>2025-11-16T12:07:32Z</time>
   </trkpt>
   <trkpt lat="4.0705960" lon="-76.1985300">
    <ele>997.2</ele>
    <time>2025-11-16T12:07:33Z</time>
   </trkpt>
   <trkpt lat="4.0705790" lon="-76.1985160">
    <ele>997.2</ele>
    <time>2025-11-16T12:07:34Z</time>
   </trkpt>
   <trkpt lat="4.0705620" lon="-76.1984850">
    <ele>997.3</ele>
    <time>2025-11-16T12:07:35Z</time>
   </trkpt>
   <trkpt lat="4.0705570" lon="-76.1984730">
    <ele>997.3</ele>
    <time>2025-11-16T12:07:36Z</time>
   </trkpt>
   <trkpt lat="4.0705270" lon="-76.1984420">
    <ele>997.3</ele>
    <time>2025-11-16T12:07:37Z</time>
   </trkpt>
   <trkpt lat="4.0705190" lon="-76.1984230">
    <ele>997.4</ele>
    <time>2025-11-16T12:07:38Z</time>
   </trkpt>
   <trkpt lat="4.0705110" lon="-76.1983970">
    <ele>997.4</ele>
    <time>2025-11-16T12:07:39Z</time>
   </trkpt>
   <trkpt lat="4.0705090" lon="-76.1983860">
    <ele>997.4</ele>
    <time>2025-11-16T12:07:40Z</time>
   </trkpt>
   <trkpt lat="4.0705050" lon="-76.1983660">
    <ele>997.4</ele>
    <time>2025-11-16T12:07:41Z</time>
   </trkpt>
   <trkpt lat="4.0704850" lon="-76.1983420">
    <ele>997.5</ele>
    <time>2025-11-16T12:07:42Z</time>
   </trkpt>
   <trkpt lat="4.0704790" lon="-76.1983130">
    <ele>997.5</ele>
    <time>2025-11-16T12:07:43Z</time>
   </trkpt>
   <trkpt lat="4.0704740" lon="-76.1983030">
    <ele>997.5</ele>
    <time>2025-11-16T12:07:44Z</time>
   </trkpt>
   <trkpt lat="4.0704630" lon="-76.1982650">
    <ele>997.6</ele>
    <time>2025-11-16T12:07:45Z</time>
   </trkpt>
   <trkpt lat="4.0704610" lon="-76.1982520">
    <ele>997.6</ele>
    <time>2025-11-16T12:07:46Z</time>
   </trkpt>
   <trkpt lat="4.0704340" lon="-76.1982390">
    <ele>997.6</ele>
    <time>2025-11-16T12:07:47Z</time>
   </trkpt>
   <trkpt lat="4.0704190" lon="-76.1982080">
    <ele>997.7</ele>
    <time>2025-11-16T12:07:48Z</time>
   </trkpt>
   <trkpt lat="4.0703950" lon="-76.1981800">
    <ele>997.7</ele>
    <time>2025-11-16T12:07:49Z</time>
   </trkpt>
   <trkpt lat="4.0703920" lon="-76.1981610">
    <ele>997.7</ele>
    <time>2025-11-16T12:07:50Z</time>
   </trkpt>
   <trkpt lat="4.0703930" lon="-76.1981410">
    <ele>997.8</ele>
    <time>2025-11-16T12:07:51Z</time>
   </trkpt>
   <trkpt lat="4.0703800" lon="-76.1981310">
    <ele>997.8</ele>
    <time>2025-11-16T12:07:52Z</time>
   </trkpt>
   <trkpt lat="4.0703840" lon="-76.1980950">
    <ele>997.8</ele>
    <time>2025-11-16T12:07:53Z</time>
   </trkpt>
   <trkpt lat="4.0703870" lon="-76.1980780">
    <ele>997.9</ele>
    <time>2025-11-16T12:07:54Z</time>
   </trkpt>
   <trkpt lat="4.0703730" lon="-76.1980460">
    <ele>997.9</ele>
    <time>2025-11-16T12:07:55Z</time>
   </trkpt>
   <trkpt lat="4.0703390" lon="-76.1980430">
    <ele>998.0</ele>
    <time>2025-11-16T12:07:56Z</time>
   </trkpt>
   <trkpt lat="4.0703260" lon="-76.1980150">
    <ele>998.0</ele>
    <time>2025-11-16T12:07:57Z</time>
   </trkpt>
   <trkpt lat="4.0703050" lon="-76.1979870">
    <ele>998.1</ele>
    <time>2025-11-16T12:07:58Z</time>
   </trkpt>
   <trkpt lat="4.0703010" lon="-76.1979770">
    <ele>998.1</ele>
    <time>2025-11-16T12:07:59Z</time>
   </trkpt>
   <trkpt lat="4.0703030" lon="-76.1979640">
    <ele>998.1</ele>
    <time>2025-11-16T12:08:00Z</time>
   </trkpt>
   <trkpt lat="4.0702920" lon="-76.1979490">
    <ele>998.1</ele>
    <time>2025-11-16T12:08:01Z</time>
   </trkpt>
   <trkpt lat="4.0702780" lon="-76.1979260">
    <ele>998.2</ele>
    <time>2025-11-16T12:08:02Z</time>
   </trkpt>
   <trkpt lat="4.0702670" lon="-76.1979190">
    <ele>998.2</ele>
    <time>2025-11-16T12:08:03Z</time>
   </trkpt>
   <trkpt lat="4.0702410" lon="-76.1979050">
    <ele>998.2</ele>
    <time>2025-11-16T12:08:04Z</time>
   </trkpt>
   <trkpt lat="4.0702300" lon="-76.1979000">
    <ele>998.2</ele>
    <time>2025-11-16T12:08:05Z</time>
   </trkpt>
   <trkpt lat="4.0701950" lon="-76.1978960">
    <ele>998.3</ele>
    <time>2025-11-16T12:08:06Z</time>
   </trkpt>
   <trkpt lat="4.0701850" lon="-76.1978920">
    <ele>998.3</ele>
    <time>2025-11-16T12:08:07Z</time>
   </trkpt>
   <trkpt lat="4.0701670" lon="-76.1978840">
    <ele>998.3</ele>
    <time>2025-11-16T12:08:08Z</time>
   </trkpt>
   <trkpt lat="4.0701520" lon="-76.1978800">
    <ele>998.3</ele>
    <time>2025-11-16T12:08:09Z</time>
   </trkpt>
   <trkpt lat="4.0701170" lon="-76.1978760">
    <ele>998.4</ele>
    <time>2025-11-16T12:08:10Z</time>
   </trkpt>
   <trkpt lat="4.0700940" lon="-76.1978610">
    <ele>998.4</ele>
    <time>2025-11-16T12:08:11Z</time>
   </trkpt>
   <trkpt lat="4.0700840" lon="-76.1978580">
    <ele>998.4</ele>
    <time>2025-11-16T12:08:12Z</time>
   </trkpt>
   <trkpt lat="4.0700490" lon="-76.1978540">
    <ele>998.4</ele>
    <time>2025-11-16T12:08:13Z</time>
   </trkpt>
   <trkpt lat="4.0700350" lon="-76.1978520">
    <ele>998.5</ele>
    <time>2025-11-16T12:08:14Z</time>
   </trkpt>
   <trkpt lat="4.0700050" lon="-76.1978430">
    <ele>998.5</ele>
    <time>2025-11-16T12:08:15Z</time>
   </trkpt>
   <trkpt lat="4.0699910" lon="-76.1978380">
    <ele>998.5</ele>
    <time>2025-11-16T12:08:16Z</time>
   </trkpt>
   <trkpt lat="4.0699630" lon="-76.1978170">
    <ele>998.6</ele>
    <time>2025-11-16T12:08:17Z</time>
   </trkpt>
   <trkpt lat="4.0699510" lon="-76.1978080">
    <ele>998.6</ele>
    <time>2025-11-16T12:08:18Z</time>
   </trkpt>
   <trkpt lat="4.0699140" lon="-76.1977980">
    <ele>998.6</ele>
    <time>2025-11-16T12:08:19Z</time>
   </trkpt>
   <trkpt lat="4.0699010" lon="-76.1977970">
    <ele>998.7</ele>
    <time>2025-11-16T12:08:20Z</time>
   </trkpt>
   <trkpt lat="4.0698700" lon="-76.1977890">
    <ele>998.7</ele>
    <time>2025-11-16T12:08:21Z</time>
   </trkpt>
   <trkpt lat="4.0698570" lon="-76.1977880">
    <ele>998.7</ele>
    <time>2025-11-16T12:08:22Z</time>
   </trkpt>
   <trkpt lat="4.0698290" lon="-76.1977710">
    <ele>998.8</ele>
    <time>2025-11-16T12:08:23Z</time>
   </trkpt>
   <trkpt lat="4.0698160" lon="-76.1977660">
    <ele>998.8</ele>
    <time>2025-11-16T12:08:24Z</time>
   </trkpt>
   <trkpt lat="4.0697830" lon="-76.1977550">
    <ele>998.8</ele>
    <time>2025-11-16T12:08:25Z</time>
   </trkpt>
   <trkpt lat="4.0697700" lon="-76.1977540">
    <ele>998.8</ele>
    <time>2025-11-16T12:08:26Z</time>
   </trkpt>
   <trkpt lat="4.0697310" lon="-76.1977430">
    <ele>998.9</ele>
    <time>2025-11-16T12:08:27Z</time>
   </trkpt>
   <trkpt lat="4.0697140" lon="-76.1977410">
    <ele>998.9</ele>
    <time>2025-11-16T12:08:28Z</time>
   </trkpt>
   <trkpt lat="4.0696840" lon="-76.1977340">
    <ele>999.0</ele>
    <time>2025-11-16T12:08:29Z</time>
   </trkpt>
   <trkpt lat="4.0696670" lon="-76.1977290">
    <ele>999.0</ele>
    <time>2025-11-16T12:08:30Z</time>
   </trkpt>
   <trkpt lat="4.0696420" lon="-76.1977190">
    <ele>999.0</ele>
    <time>2025-11-16T12:08:31Z</time>
   </trkpt>
   <trkpt lat="4.0696230" lon="-76.1976960">
    <ele>999.1</ele>
    <time>2025-11-16T12:08:32Z</time>
   </trkpt>
   <trkpt lat="4.0695880" lon="-76.1976770">
    <ele>999.1</ele>
    <time>2025-11-16T12:08:33Z</time>
   </trkpt>
   <trkpt lat="4.0695730" lon="-76.1976730">
    <ele>999.2</ele>
    <time>2025-11-16T12:08:34Z</time>
   </trkpt>
   <trkpt lat="4.0695470" lon="-76.1976600">
    <ele>999.2</ele>
    <time>2025-11-16T12:08:35Z</time>
   </trkpt>
   <trkpt lat="4.0695270" lon="-76.1976490">
    <ele>999.2</ele>
    <time>2025-11-16T12:08:36Z</time>
   </trkpt>
   <trkpt lat="4.0695150" lon="-76.1976480">
    <ele>999.2</ele>
    <time>2025-11-16T12:08:37Z</time>
   </trkpt>
   <trkpt lat="4.0694880" lon="-76.1976370">
    <ele>999.3</ele>
    <time>2025-11-16T12:08:38Z</time>
   </trkpt>
   <trkpt lat="4.0694690" lon="-76.1976150">
    <ele>999.3</ele>
    <time>2025-11-16T12:08:39Z</time>
   </trkpt>
   <trkpt lat="4.0694630" lon="-76.1976070">
    <ele>999.3</ele>
    <time>2025-11-16T12:08:40Z</time>
   </trkpt>
   <trkpt lat="4.0694380" lon="-76.1975880">
    <ele>999.4</ele>
    <time>2025-11-16T12:08:41Z</time>
   </trkpt>
   <trkpt lat="4.0694270" lon="-76.1975810">
    <ele>999.4</ele>
    <time>2025-11-16T12:08:42Z</time>
   </trkpt>
   <trkpt lat="4.0694220" lon="-76.1975710">
    <ele>999.4</ele>
    <time>2025-11-16T12:08:43Z</time>
   </trkpt>
   <trkpt lat="4.0694000" lon="-76.1975620">
    <ele>999.5</ele>
    <time>2025-11-16T12:08:44Z</time>
   </trkpt>
   <trkpt lat="4.0693870" lon="-76.1975580">
    <ele>999.5</ele>
    <time>2025-11-16T12:08:45Z</time>
   </trkpt>
   <trkpt lat="4.0693680" lon="-76.1975480">
    <ele>999.5</ele>
    <time>2025-11-16T12:08:46Z</time>
   </trkpt>
   <trkpt lat="4.0693320" lon="-76.1975460">
    <ele>999.5</ele>
    <time>2025-11-16T12:08:47Z</time>
   </trkpt>
   <trkpt lat="4.0693160" lon="-76.1975460">
    <ele>999.5</ele>
    <time>2025-11-16T12:08:48Z</time>
   </trkpt>
   <trkpt lat="4.0692740" lon="-76.1975350">
    <ele>999.6</ele>
    <time>2025-11-16T12:08:49Z</time>
   </trkpt>
   <trkpt lat="4.0692560" lon="-76.1975340">
    <ele>999.6</ele>
    <time>2025-11-16T12:08:50Z</time>
   </trkpt>
   <trkpt lat="4.0692260" lon="-76.1975310">
    <ele>999.7</ele>
    <time>2025-11-16T12:08:51Z</time>
   </trkpt>
   <trkpt lat="4.0691870" lon="-76.1975310">
    <ele>999.7</ele>
    <time>2025-11-16T12:08:52Z</time>
   </trkpt>
   <trkpt lat="4.0691740" lon="-76.1975300">
    <ele>999.7</ele>
    <time>2025-11-16T12:08:53Z</time>
   </trkpt>
   <trkpt lat="4.0691380" lon="-76.1974940">
    <ele>999.8</ele>
    <time>2025-11-16T12:08:54Z</time>
   </trkpt>
   <trkpt lat="4.0691100" lon="-76.1975060">
    <ele>999.8</ele>
    <time>2025-11-16T12:08:55Z</time>
   </trkpt>
   <trkpt lat="4.0690810" lon="-76.1974900">
    <ele>999.9</ele>
    <time>2025-11-16T12:08:56Z</time>
   </trkpt>
   <trkpt lat="4.0690720" lon="-76.1974860">
    <ele>999.9</ele>
    <time>2025-11-16T12:08:57Z</time>
   </trkpt>
   <trkpt lat="4.0690430" lon="-76.1974740">
    <ele>999.9</ele>
    <time>2025-11-16T12:08:58Z</time>
   </trkpt>
   <trkpt lat="4.0690330" lon="-76.1974680">
    <ele>999.9</ele>
    <time>2025-11-16T12:08:59Z</time>
   </trkpt>
   <trkpt lat="4.0690060" lon="-76.1974480">
    <ele>1000.0</ele>
    <time>2025-11-16T12:09:00Z</time>
   </trkpt>
   <trkpt lat="4.0689930" lon="-76.1974410">
    <ele>1000.0</ele>
    <time>2025-11-16T12:09:01Z</time>
   </trkpt>
   <trkpt lat="4.0689650" lon="-76.1974310">
    <ele>1000.1</ele>
    <time>2025-11-16T12:09:02Z</time>
   </trkpt>
   <trkpt lat="4.0689540" lon="-76.1974250">
    <ele>1000.1</ele>
    <time>2025-11-16T12:09:03Z</time>
   </trkpt>
   <trkpt lat="4.0689230" lon="-76.1974050">
    <ele>1000.1</ele>
    <time>2025-11-16T12:09:04Z</time>
   </trkpt>
   <trkpt lat="4.0689130" lon="-76.1974020">
    <ele>1000.1</ele>
    <time>2025-11-16T12:09:05Z</time>
   </trkpt>
   <trkpt lat="4.0688820" lon="-76.1973910">
    <ele>1000.2</ele>
    <time>2025-11-16T12:09:06Z</time>
   </trkpt>
   <trkpt lat="4.0688710" lon="-76.1973880">
    <ele>1000.2</ele>
    <time>2025-11-16T12:09:07Z</time>
   </trkpt>
   <trkpt lat="4.0688410" lon="-76.1973720">
    <ele>1000.3</ele>
    <time>2025-11-16T12:09:08Z</time>
   </trkpt>
   <trkpt lat="4.0688310" lon="-76.1973680">
    <ele>1000.3</ele>
    <time>2025-11-16T12:09:09Z</time>
   </trkpt>
   <trkpt lat="4.0687930" lon="-76.1973580">
    <ele>1000.3</ele>
    <time>2025-11-16T12:09:10Z</time>
   </trkpt>
   <trkpt lat="4.0687790" lon="-76.1973540">
    <ele>1000.3</ele>
    <time>2025-11-16T12:09:11Z</time>
   </trkpt>
   <trkpt lat="4.0687450" lon="-76.1973390">
    <ele>1000.4</ele>
    <time>2025-11-16T12:09:12Z</time>
   </trkpt>
   <trkpt lat="4.0687350" lon="-76.1973330">
    <ele>1000.4</ele>
    <time>2025-11-16T12:09:13Z</time>
   </trkpt>
   <trkpt lat="4.0687050" lon="-76.1973350">
    <ele>1000.4</ele>
    <time>2025-11-16T12:09:14Z</time>
   </trkpt>
   <trkpt lat="4.0686740" lon="-76.1973360">
    <ele>1000.5</ele>
    <time>2025-11-16T12:09:15Z</time>
   </trkpt>
   <trkpt lat="4.0686600" lon="-76.1973330">
    <ele>1000.5</ele>
    <time>2025-11-16T12:09:16Z</time>
   </trkpt>
   <trkpt lat="4.0686250" lon="-76.1973190">
    <ele>1000.5</ele>
    <time>2025-11-16T12:09:17Z</time>
   </trkpt>
   <trkpt lat="4.0686150" lon="-76.1973150">
    <ele>1000.5</ele>
    <time>2025-11-16T12:09:18Z</time>
   </trkpt>
   <trkpt lat="4.0686080" lon="-76.1972990">
    <ele>1000.5</ele>
    <time>2025-11-16T12:09:19Z</time>
   </trkpt>
   <trkpt lat="4.0685920" lon="-76.1972880">
    <ele>1000.6</ele>
    <time>2025-11-16T12:09:20Z</time>
   </trkpt>
   <trkpt lat="4.0685550" lon="-76.1972780">
    <ele>1000.6</ele>
    <time>2025-11-16T12:09:21Z</time>
   </trkpt>
   <trkpt lat="4.0685350" lon="-76.1972700">
    <ele>1000.6</ele>
    <time>2025-11-16T12:09:22Z</time>
   </trkpt>
   <trkpt lat="4.0685050" lon="-76.1972600">
    <ele>1000.7</ele>
    <time>2025-11-16T12:09:23Z</time>
   </trkpt>
   <trkpt lat="4.0684780" lon="-76.1972490">
    <ele>1000.7</ele>
    <time>2025-11-16T12:09:24Z</time>
   </trkpt>
   <trkpt lat="4.0684550" lon="-76.1972350">
    <ele>1000.7</ele>
    <time>2025-11-16T12:09:25Z</time>
   </trkpt>
   <trkpt lat="4.0684260" lon="-76.1972230">
    <ele>1000.8</ele>
    <time>2025-11-16T12:09:26Z</time>
   </trkpt>
   <trkpt lat="4.0684170" lon="-76.1972210">
    <ele>1000.8</ele>
    <time>2025-11-16T12:09:27Z</time>
   </trkpt>
   <trkpt lat="4.0684000" lon="-76.1971980">
    <ele>1000.7</ele>
    <time>2025-11-16T12:09:28Z</time>
   </trkpt>
   <trkpt lat="4.0683920" lon="-76.1971600">
    <ele>1000.6</ele>
    <time>2025-11-16T12:09:29Z</time>
   </trkpt>
   <trkpt lat="4.0683890" lon="-76.1971450">
    <ele>1000.6</ele>
    <time>2025-11-16T12:09:30Z</time>
   </trkpt>
   <trkpt lat="4.0683880" lon="-76.1971100">
    <ele>1000.5</ele>
    <time>2025-11-16T12:09:31Z</time>
   </trkpt>
   <trkpt lat="4.0684100" lon="-76.1970750">
    <ele>1000.3</ele>
    <time>2025-11-16T12:09:32Z</time>
   </trkpt>
   <trkpt lat="4.0684280" lon="-76.1970640">
    <ele>1000.3</ele>
    <time>2025-11-16T12:09:33Z</time>
   </trkpt>
   <trkpt lat="4.0684590" lon="-76.1970480">
    <ele>1000.2</ele>
    <time>2025-11-16T12:09:34Z</time>
   </trkpt>
   <trkpt lat="4.0684680" lon="-76.1970430">
    <ele>1000.2</ele>
    <time>2025-11-16T12:09:35Z</time>
   </trkpt>
   <trkpt lat="4.0685020" lon="-76.1970490">
    <ele>1000.2</ele>
    <time>2025-11-16T12:09:36Z</time>
   </trkpt>
   <trkpt lat="4.0685200" lon="-76.1970470">
    <ele>1000.1</ele>
    <time>2025-11-16T12:09:37Z</time>
   </trkpt>
   <trkpt lat="4.0685520" lon="-76.1970340">
    <ele>1000.1</ele>
    <time>2025-11-16T12:09:38Z</time>
   </trkpt>
   <trkpt lat="4.0685940" lon="-76.1970180">
    <ele>1000.0</ele>
    <time>2025-11-16T12:09:39Z</time>
   </trkpt>
   <trkpt lat="4.0686100" lon="-76.1970050">
    <ele>1000.0</ele>
    <time>2025-11-16T12:09:40Z</time>
   </trkpt>
   <trkpt lat="4.0686440" lon="-76.1969950">
    <ele>1000.0</ele>
    <time>2025-11-16T12:09:41Z</time>
   </trkpt>
   <trkpt lat="4.0686730" lon="-76.1969950">
    <ele>1000.0</ele>
    <time>2025-11-16T12:09:42Z</time>
   </trkpt>
   <trkpt lat="4.0686830" lon="-76.1969920">
    <ele>999.9</ele>
    <time>2025-11-16T12:09:43Z</time>
   </trkpt>
   <trkpt lat="4.0687180" lon="-76.1969820">
    <ele>999.9</ele>
    <time>2025-11-16T12:09:44Z</time>
   </trkpt>
   <trkpt lat="4.0687330" lon="-76.1969830">
    <ele>999.9</ele>
    <time>2025-11-16T12:09:45Z</time>
   </trkpt>
   <trkpt lat="4.0687670" lon="-76.1969760">
    <ele>999.9</ele>
    <time>2025-11-16T12:09:46Z</time>
   </trkpt>
   <trkpt lat="4.0687770" lon="-76.1969740">
    <ele>999.9</ele>
    <time>2025-11-16T12:09:47Z</time>
   </trkpt>
   <trkpt lat="4.0688050" lon="-76.1969610">
    <ele>999.8</ele>
    <time>2025-11-16T12:09:48Z</time>
   </trkpt>
   <trkpt lat="4.0688340" lon="-76.1969550">
    <ele>999.8</ele>
    <time>2025-11-16T12:09:49Z</time>
   </trkpt>
   <trkpt lat="4.0688580" lon="-76.1969530">
    <ele>999.8</ele>
    <time>2025-11-16T12:09:50Z</time>
   </trkpt>
   <trkpt lat="4.0688710" lon="-76.1969530">
    <ele>999.8</ele>
    <time>2025-11-16T12:09:51Z</time>
   </trkpt>
   <trkpt lat="4.0689030" lon="-76.1969590">
    <ele>999.8</ele>
    <time>2025-11-16T12:09:52Z</time>
   </trkpt>
   <trkpt lat="4.0689120" lon="-76.1969600">
    <ele>999.8</ele>
    <time>2025-11-16T12:09:53Z</time>
   </trkpt>
   <trkpt lat="4.0689430" lon="-76.1969530">
    <ele>999.8</ele>
    <time>2025-11-16T12:09:54Z</time>
   </trkpt>
   <trkpt lat="4.0689710" lon="-76.1969510">
    <ele>999.7</ele>
    <time>2025-11-16T12:09:55Z</time>
   </trkpt>
   <trkpt lat="4.0690060" lon="-76.1969440">
    <ele>999.7</ele>
    <time>2025-11-16T12:09:56Z</time>
   </trkpt>
   <trkpt lat="4.0690210" lon="-76.1969460">
    <ele>999.7</ele>
    <time>2025-11-16T12:09:57Z</time>
   </trkpt>
   <trkpt lat="4.0690510" lon="-76.1969490">
    <ele>999.7</ele>
    <time>2025-11-16T12:09:58Z</time>
   </trkpt>
   <trkpt lat="4.0690860" lon="-76.1969490">
    <ele>999.6</ele>
    <time>2025-11-16T12:09:59Z</time>
   </trkpt>
   <trkpt lat="4.0690940" lon="-76.1969520">
    <ele>999.6</ele>
    <time>2025-11-16T12:10:00Z</time>
   </trkpt>
   <trkpt lat="4.0691340" lon="-76.1969550">
    <ele>999.6</ele>
    <time>2025-11-16T12:10:01Z</time>
   </trkpt>
   <trkpt lat="4.0691510" lon="-76.1969560">
    <ele>999.5</ele>
    <time>2025-11-16T12:10:02Z</time>
   </trkpt>
   <trkpt lat="4.0691760" lon="-76.1969470">
    <ele>999.5</ele>
    <time>2025-11-16T12:10:03Z</time>
   </trkpt>
   <trkpt lat="4.0692040" lon="-76.1969490">
    <ele>999.5</ele>
    <time>2025-11-16T12:10:04Z</time>
   </trkpt>
   <trkpt lat="4.0692400" lon="-76.1969570">
    <ele>999.5</ele>
    <time>2025-11-16T12:10:05Z</time>
   </trkpt>
   <trkpt lat="4.0692510" lon="-76.1969630">
    <ele>999.4</ele>
    <time>2025-11-16T12:10:06Z</time>
   </trkpt>
   <trkpt lat="4.0692880" lon="-76.1969630">
    <ele>999.4</ele>
    <time>2025-11-16T12:10:07Z</time>
   </trkpt>
   <trkpt lat="4.0693040" lon="-76.1969630">
    <ele>999.4</ele>
    <time>2025-11-16T12:10:08Z</time>
   </trkpt>
   <trkpt lat="4.0693360" lon="-76.1969620">
    <ele>999.3</ele>
    <time>2025-11-16T12:10:09Z</time>
   </trkpt>
   <trkpt lat="4.0693580" lon="-76.1969550">
    <ele>999.3</ele>
    <time>2025-11-16T12:10:10Z</time>
   </trkpt>
   <trkpt lat="4.0693690" lon="-76.1969530">
    <ele>999.3</ele>
    <time>2025-11-16T12:10:11Z</time>
   </trkpt>
   <trkpt lat="4.0693960" lon="-76.1969660">
    <ele>999.3</ele>
    <time>2025-11-16T12:10:12Z</time>
   </trkpt>
   <trkpt lat="4.0694340" lon="-76.1969660">
    <ele>999.2</ele>
    <time>2025-11-16T12:10:13Z</time>
   </trkpt>
   <trkpt lat="4.0694470" lon="-76.1969670">
    <ele>999.2</ele>
    <time>2025-11-16T12:10:14Z</time>
   </trkpt>
   <trkpt lat="4.0694740" lon="-76.1969770">
    <ele>999.2</ele>
    <time>2025-11-16T12:10:15Z</time>
   </trkpt>
   <trkpt lat="4.0695160" lon="-76.1969830">
    <ele>999.1</ele>
    <time>2025-11-16T12:10:16Z</time>
   </trkpt>
   <trkpt lat="4.0695320" lon="-76.1969830">
    <ele>999.1</ele>
    <time>2025-11-16T12:10:17Z</time>
   </trkpt>
   <trkpt lat="4.0695620" lon="-76.1969860">
    <ele>999.1</ele>
    <time>2025-11-16T12:10:18Z</time>
   </trkpt>
   <trkpt lat="4.0695750" lon="-76.1969870">
    <ele>999.1</ele>
    <time>2025-11-16T12:10:19Z</time>
   </trkpt>
   <trkpt lat="4.0696070" lon="-76.1969910">
    <ele>999.0</ele>
    <time>2025-11-16T12:10:20Z</time>
   </trkpt>
   <trkpt lat="4.0696420" lon="-76.1969870">
    <ele>999.0</ele>
    <time>2025-11-16T12:10:21Z</time>
   </trkpt>
   <trkpt lat="4.0696520" lon="-76.1969870">
    <ele>999.0</ele>
    <time>2025-11-16T12:10:22Z</time>
   </trkpt>
   <trkpt lat="4.0696860" lon="-76.1969800">
    <ele>999.0</ele>
    <time>2025-11-16T12:10:23Z</time>
   </trkpt>
   <trkpt lat="4.0696950" lon="-76.1969800">
    <ele>999.0</ele>
    <time>2025-11-16T12:10:24Z</time>
   </trkpt>
   <trkpt lat="4.0697250" lon="-76.1969720">
    <ele>998.9</ele>
    <time>2025-11-16T12:10:25Z</time>
   </trkpt>
   <trkpt lat="4.0697310" lon="-76.1969630">
    <ele>998.9</ele>
    <time>2025-11-16T12:10:26Z</time>
   </trkpt>
   <trkpt lat="4.0697710" lon="-76.1969590">
    <ele>998.9</ele>
    <time>2025-11-16T12:10:27Z</time>
   </trkpt>
   <trkpt lat="4.0697870" lon="-76.1969570">
    <ele>998.9</ele>
    <time>2025-11-16T12:10:28Z</time>
   </trkpt>
   <trkpt lat="4.0698270" lon="-76.1969440">
    <ele>998.8</ele>
    <time>2025-11-16T12:10:29Z</time>
   </trkpt>
   <trkpt lat="4.0698440" lon="-76.1969400">
    <ele>998.8</ele>
    <time>2025-11-16T12:10:30Z</time>
   </trkpt>
   <trkpt lat="4.0698730" lon="-76.1969420">
    <ele>998.8</ele>
    <time>2025-11-16T12:10:31Z</time>
   </trkpt>
   <trkpt lat="4.0698990" lon="-76.1969350">
    <ele>998.8</ele>
    <time>2025-11-16T12:10:32Z</time>
   </trkpt>
   <trkpt lat="4.0699350" lon="-76.1969210">
    <ele>998.7</ele>
    <time>2025-11-16T12:10:33Z</time>
   </trkpt>
   <trkpt lat="4.0699480" lon="-76.1969200">
    <ele>998.7</ele>
    <time>2025-11-16T12:10:34Z</time>
   </trkpt>
   <trkpt lat="4.0699820" lon="-76.1969260">
    <ele>998.7</ele>
    <time>2025-11-16T12:10:35Z</time>
   </trkpt>
   <trkpt lat="4.0700150" lon="-76.1969160">
    <ele>998.7</ele>
    <time>2025-11-16T12:10:36Z</time>
   </trkpt>
   <trkpt lat="4.0700270" lon="-76.1969160">
    <ele>998.6</ele>
    <time>2025-11-16T12:10:37Z</time>
   </trkpt>
   <trkpt lat="4.0700560" lon="-76.1969170">
    <ele>998.6</ele>
    <time>2025-11-16T12:10:38Z</time>
   </trkpt>
   <trkpt lat="4.0700890" lon="-76.1969170">
    <ele>998.6</ele>
    <time>2025-11-16T12:10:39Z</time>
   </trkpt>
   <trkpt lat="4.0701280" lon="-76.1969180">
    <ele>998.5</ele>
    <time>2025-11-16T12:10:40Z</time>
   </trkpt>
   <trkpt lat="4.0701400" lon="-76.1969130">
    <ele>998.5</ele>
    <time>2025-11-16T12:10:41Z</time>
   </trkpt>
   <trkpt lat="4.0701760" lon="-76.1969130">
    <ele>998.5</ele>
    <time>2025-11-16T12:10:42Z</time>
   </trkpt>
   <trkpt lat="4.0701900" lon="-76.1969130">
    <ele>998.5</ele>
    <time>2025-11-16T12:10:43Z</time>
   </trkpt>
   <trkpt lat="4.0702210" lon="-76.1969110">
    <ele>998.4</ele>
    <time>2025-11-16T12:10:44Z</time>
   </trkpt>
   <trkpt lat="4.0702330" lon="-76.1969110">
    <ele>998.4</ele>
    <time>2025-11-16T12:10:45Z</time>
   </trkpt>
   <trkpt lat="4.0702670" lon="-76.1969230">
    <ele>998.4</ele>
    <time>2025-11-16T12:10:46Z</time>
   </trkpt>
   <trkpt lat="4.0702800" lon="-76.1969250">
    <ele>998.4</ele>
    <time>2025-11-16T12:10:47Z</time>
   </trkpt>
   <trkpt lat="4.0703090" lon="-76.1969220">
    <ele>998.3</ele>
    <time>2025-11-16T12:10:48Z</time>
   </trkpt>
   <trkpt lat="4.0703450" lon="-76.1969130">
    <ele>998.3</ele>
    <time>2025-11-16T12:10:49Z</time>
   </trkpt>
   <trkpt lat="4.0703580" lon="-76.1969090">
    <ele>998.3</ele>
    <time>2025-11-16T12:10:50Z</time>
   </trkpt>
   <trkpt lat="4.0703900" lon="-76.1969070">
    <ele>998.2</ele>
    <time>2025-11-16T12:10:51Z</time>
   </trkpt>
   <trkpt lat="4.0704210" lon="-76.1969010">
    <ele>998.2</ele>
    <time>2025-11-16T12:10:52Z</time>
   </trkpt>
   <trkpt lat="4.0704310" lon="-76.1968980">
    <ele>998.2</ele>
    <time>2025-11-16T12:10:53Z</time>
   </trkpt>
   <trkpt lat="4.0704690" lon="-76.1968970">
    <ele>998.1</ele>
    <time>2025-11-16T12:10:54Z</time>
   </trkpt>
   <trkpt lat="4.0704830" lon="-76.1968950">
    <ele>998.1</ele>
    <time>2025-11-16T12:10:55Z</time>
   </trkpt>
   <trkpt lat="4.0705130" lon="-76.1968900">
    <ele>998.1</ele>
    <time>2025-11-16T12:10:56Z</time>
   </trkpt>
   <trkpt lat="4.0705490" lon="-76.1968790">
    <ele>998.0</ele>
    <time>2025-11-16T12:10:57Z</time>
   </trkpt>
   <trkpt lat="4.0705640" lon="-76.1968780">
    <ele>998.0</ele>
    <time>2025-11-16T12:10:58Z</time>
   </trkpt>
   <trkpt lat="4.0706030" lon="-76.1968860">
    <ele>997.9</ele>
    <time>2025-11-16T12:10:59Z</time>
   </trkpt>
   <trkpt lat="4.0706180" lon="-76.1968900">
    <ele>997.9</ele>
    <time>2025-11-16T12:11:00Z</time>
   </trkpt>
   <trkpt lat="4.0706580" lon="-76.1968910">
    <ele>997.9</ele>
    <time>2025-11-16T12:11:01Z</time>
   </trkpt>
   <trkpt lat="4.0706730" lon="-76.1968920">
    <ele>997.8</ele>
    <time>2025-11-16T12:11:02Z</time>
   </trkpt>
   <trkpt lat="4.0706920" lon="-76.1968990">
    <ele>997.8</ele>
    <time>2025-11-16T12:11:03Z</time>
   </trkpt>
   <trkpt lat="4.0707060" lon="-76.1968910">
    <ele>997.8</ele>
    <time>2025-11-16T12:11:04Z</time>
   </trkpt>
   <trkpt lat="4.0707390" lon="-76.1968880">
    <ele>997.8</ele>
    <time>2025-11-16T12:11:05Z</time>
   </trkpt>
   <trkpt lat="4.0707710" lon="-76.1968880">
    <ele>997.7</ele>
    <time>2025-11-16T12:11:06Z</time>
   </trkpt>
   <trkpt lat="4.0708120" lon="-76.1968840">
    <ele>997.7</ele>
    <time>2025-11-16T12:11:07Z</time>
   </trkpt>
   <trkpt lat="4.0708430" lon="-76.1968770">
    <ele>997.6</ele>
    <time>2025-11-16T12:11:08Z</time>
   </trkpt>
   <trkpt lat="4.0708580" lon="-76.1968780">
    <ele>997.6</ele>
    <time>2025-11-16T12:11:09Z</time>
   </trkpt>
   <trkpt lat="4.0708960" lon="-76.1968820">
    <ele>997.5</ele>
    <time>2025-11-16T12:11:10Z</time>
   </trkpt>
   <trkpt lat="4.0709080" lon="-76.1968870">
    <ele>997.5</ele>
    <time>2025-11-16T12:11:11Z</time>
   </trkpt>
   <trkpt lat="4.0709420" lon="-76.1968950">
    <ele>997.5</ele>
    <time>2025-11-16T12:11:12Z</time>
   </trkpt>
   <trkpt lat="4.0709560" lon="-76.1968960">
    <ele>997.4</ele>
    <time>2025-11-16T12:11:13Z</time>
   </trkpt>
   <trkpt lat="4.0709830" lon="-76.1968900">
    <ele>997.4</ele>
    <time>2025-11-16T12:11:14Z</time>
   </trkpt>
   <trkpt lat="4.0710190" lon="-76.1968840">
    <ele>997.3</ele>
    <time>2025-11-16T12:11:15Z</time>
   </trkpt>
   <trkpt lat="4.0710350" lon="-76.1968780">
    <ele>997.3</ele>
    <time>2025-11-16T12:11:16Z</time>
   </trkpt>
   <trkpt lat="4.0710770" lon="-76.1968800">
    <ele>997.2</ele>
    <time>2025-11-16T12:11:17Z</time>
   </trkpt>
   <trkpt lat="4.0710960" lon="-76.1968850">
    <ele>997.2</ele>
    <time>2025-11-16T12:11:18Z</time>
   </trkpt>
   <trkpt lat="4.0711320" lon="-76.1968860">
    <ele>997.1</ele>
    <time>2025-11-16T12:11:19Z</time>
   </trkpt>
   <trkpt lat="4.0711420" lon="-76.1968850">
    <ele>997.1</ele>
    <time>2025-11-16T12:11:20Z</time>
   </trkpt>
   <trkpt lat="4.0711750" lon="-76.1968750">
    <ele>997.1</ele>
    <time>2025-11-16T12:11:21Z</time>
   </trkpt>
   <trkpt lat="4.0711860" lon="-76.1968670">
    <ele>997.0</ele>
    <time>2025-11-16T12:11:22Z</time>
   </trkpt>
   <trkpt lat="4.0712180" lon="-76.1968560">
    <ele>997.0</ele>
    <time>2025-11-16T12:11:23Z</time>
   </trkpt>
   <trkpt lat="4.0712240" lon="-76.1968510">
    <ele>997.0</ele>
    <time>2025-11-16T12:11:24Z</time>
   </trkpt>
   <trkpt lat="4.0712560" lon="-76.1968530">
    <ele>996.9</ele>
    <time>2025-11-16T12:11:25Z</time>
   </trkpt>
   <trkpt lat="4.0712880" lon="-76.1968470">
    <ele>996.9</ele>
    <time>2025-11-16T12:11:26Z</time>
   </trkpt>
   <trkpt lat="4.0713250" lon="-76.1968460">
    <ele>996.8</ele>
    <time>2025-11-16T12:11:27Z</time>
   </trkpt>
   <trkpt lat="4.0713360" lon="-76.1968440">
    <ele>996.8</ele>
    <time>2025-11-16T12:11:28Z</time>
   </trkpt>
   <trkpt lat="4.0713660" lon="-76.1968370">
    <ele>996.8</ele>
    <time>2025-11-16T12:11:29Z</time>
   </trkpt>
   <trkpt lat="4.0714040" lon="-76.1968310">
    <ele>996.7</ele>
    <time>2025-11-16T12:11:30Z</time>
   </trkpt>
   <trkpt lat="4.0714150" lon="-76.1968280">
    <ele>996.7</ele>
    <time>2025-11-16T12:11:31Z</time>
   </trkpt>
   <trkpt lat="4.0714500" lon="-76.1968280">
    <ele>996.7</ele>
    <time>2025-11-16T12:11:32Z</time>
   </trkpt>
   <trkpt lat="4.0714600" lon="-76.1968260">
    <ele>996.6</ele>
    <time>2025-11-16T12:11:33Z</time>
   </trkpt>
   <trkpt lat="4.0715120" lon="-76.1968250">
    <ele>996.6</ele>
    <time>2025-11-16T12:11:34Z</time>
   </trkpt>
   <trkpt lat="4.0715450" lon="-76.1968390">
    <ele>996.5</ele>
    <time>2025-11-16T12:11:35Z</time>
   </trkpt>
   <trkpt lat="4.0715800" lon="-76.1968370">
    <ele>996.5</ele>
    <time>2025-11-16T12:11:36Z</time>
   </trkpt>
   <trkpt lat="4.0715960" lon="-76.1968390">
    <ele>996.4</ele>
    <time>2025-11-16T12:11:37Z</time>
   </trkpt>
   <trkpt lat="4.0716350" lon="-76.1968410">
    <ele>996.4</ele>
    <time>2025-11-16T12:11:38Z</time>
   </trkpt>
   <trkpt lat="4.0716750" lon="-76.1968400">
    <ele>996.3</ele>
    <time>2025-11-16T12:11:39Z</time>
   </trkpt>
   <trkpt lat="4.0716910" lon="-76.1968420">
    <ele>996.3</ele>
    <time>2025-11-16T12:11:40Z</time>
   </trkpt>
   <trkpt lat="4.0717290" lon="-76.1968320">
    <ele>996.2</ele>
    <time>2025-11-16T12:11:41Z</time>
   </trkpt>
   <trkpt lat="4.0717430" lon="-76.1968230">
    <ele>996.2</ele>
    <time>2025-11-16T12:11:42Z</time>
   </trkpt>
   <trkpt lat="4.0717560" lon="-76.1968120">
    <ele>996.2</ele>
    <time>2025-11-16T12:11:43Z</time>
   </trkpt>
   <trkpt lat="4.0717730" lon="-76.1968020">
    <ele>996.1</ele>
    <time>2025-11-16T12:11:44Z</time>
   </trkpt>
   <trkpt lat="4.0717990" lon="-76.1968030">
    <ele>996.1</ele>
    <time>2025-11-16T12:11:45Z</time>
   </trkpt>
   <trkpt lat="4.0718250" lon="-76.1967980">
    <ele>996.0</ele>
    <time>2025-11-16T12:11:46Z</time>
   </trkpt>
   <trkpt lat="4.0718680" lon="-76.1968010">
    <ele>995.9</ele>
    <time>2025-11-16T12:11:47Z</time>
   </trkpt>
   <trkpt lat="4.0718840" lon="-76.1968050">
    <ele>995.9</ele>
    <time>2025-11-16T12:11:48Z</time>
   </trkpt>
   <trkpt lat="4.0719120" lon="-76.1967930">
    <ele>995.9</ele>
    <time>2025-11-16T12:11:49Z</time>
   </trkpt>
   <trkpt lat="4.0719380" lon="-76.1968000">
    <ele>995.8</ele>
    <time>2025-11-16T12:11:50Z</time>
   </trkpt>
   <trkpt lat="4.0719690" lon="-76.1967920">
    <ele>995.8</ele>
    <time>2025-11-16T12:11:51Z</time>
   </trkpt>
   <trkpt lat="4.0719950" lon="-76.1967810">
    <ele>995.7</ele>
    <time>2025-11-16T12:11:52Z</time>
   </trkpt>
   <trkpt lat="4.0720230" lon="-76.1967670">
    <ele>995.7</ele>
    <time>2025-11-16T12:11:53Z</time>
   </trkpt>
   <trkpt lat="4.0720570" lon="-76.1967540">
    <ele>995.6</ele>
    <time>2025-11-16T12:11:54Z</time>
   </trkpt>
   <trkpt lat="4.0720700" lon="-76.1967500">
    <ele>995.6</ele>
    <time>2025-11-16T12:11:55Z</time>
   </trkpt>
   <trkpt lat="4.0721010" lon="-76.1967510">
    <ele>995.5</ele>
    <time>2025-11-16T12:11:56Z</time>
   </trkpt>
   <trkpt lat="4.0721220" lon="-76.1967300">
    <ele>995.5</ele>
    <time>2025-11-16T12:11:57Z</time>
   </trkpt>
   <trkpt lat="4.0721510" lon="-76.1967310">
    <ele>995.4</ele>
    <time>2025-11-16T12:11:58Z</time>
   </trkpt>
   <trkpt lat="4.0721900" lon="-76.1967170">
    <ele>995.4</ele>
    <time>2025-11-16T12:11:59Z</time>
   </trkpt>
   <trkpt lat="4.0722040" lon="-76.1967050">
    <ele>995.3</ele>
    <time>2025-11-16T12:12:00Z</time>
   </trkpt>
   <trkpt lat="4.0722320" lon="-76.1967020">
    <ele>995.3</ele>
    <time>2025-11-16T12:12:01Z</time>
   </trkpt>
   <trkpt lat="4.0722720" lon="-76.1966920">
    <ele>995.2</ele>
    <time>2025-11-16T12:12:02Z</time>
   </trkpt>
   <trkpt lat="4.0722860" lon="-76.1966880">
    <ele>995.2</ele>
    <time>2025-11-16T12:12:03Z</time>
   </trkpt>
   <trkpt lat="4.0723240" lon="-76.1966710">
    <ele>995.1</ele>
    <time>2025-11-16T12:12:04Z</time>
   </trkpt>
   <trkpt lat="4.0723390" lon="-76.1966680">
    <ele>995.1</ele>
    <time>2025-11-16T12:12:05Z</time>
   </trkpt>
   <trkpt lat="4.0723670" lon="-76.1966570">
    <ele>995.1</ele>
    <time>2025-11-16T12:12:06Z</time>
   </trkpt>
   <trkpt lat="4.0723920" lon="-76.1966450">
    <ele>995.0</ele>
    <time>2025-11-16T12:12:07Z</time>
   </trkpt>
   <trkpt lat="4.0724200" lon="-76.1966330">
    <ele>995.0</ele>
    <time>2025-11-16T12:12:08Z</time>
   </trkpt>
   <trkpt lat="4.0724460" lon="-76.1966240">
    <ele>994.9</ele>
    <time>2025-11-16T12:12:09Z</time>
   </trkpt>
   <trkpt lat="4.0724770" lon="-76.1966260">
    <ele>994.9</ele>
    <time>2025-11-16T12:12:10Z</time>
   </trkpt>
   <trkpt lat="4.0725170" lon="-76.1966170">
    <ele>994.8</ele>
    <time>2025-11-16T12:12:11Z</time>
   </trkpt>
   <trkpt lat="4.0725310" lon="-76.1966150">
    <ele>994.8</ele>
    <time>2025-11-16T12:12:12Z</time>
   </trkpt>
   <trkpt lat="4.0725680" lon="-76.1966020">
    <ele>994.7</ele>
    <time>2025-11-16T12:12:13Z</time>
   </trkpt>
   <trkpt lat="4.0725820" lon="-76.1965990">
    <ele>994.7</ele>
    <time>2025-11-16T12:12:14Z</time>
   </trkpt>
   <trkpt lat="4.0726090" lon="-76.1965920">
    <ele>994.7</ele>
    <time>2025-11-16T12:12:15Z</time>
   </trkpt>
   <trkpt lat="4.0726360" lon="-76.1965760">
    <ele>994.6</ele>
    <time>2025-11-16T12:12:16Z</time>
   </trkpt>
   <trkpt lat="4.0726680" lon="-76.1965730">
    <ele>994.6</ele>
    <time>2025-11-16T12:12:17Z</time>
   </trkpt>
   <trkpt lat="4.0727050" lon="-76.1965600">
    <ele>994.5</ele>
    <time>2025-11-16T12:12:18Z</time>
   </trkpt>
   <trkpt lat="4.0727150" lon="-76.1965530">
    <ele>994.5</ele>
    <time>2025-11-16T12:12:19Z</time>
   </trkpt>
   <trkpt lat="4.0727480" lon="-76.1965520">
    <ele>994.5</ele>
    <time>2025-11-16T12:12:20Z</time>
   </trkpt>
   <trkpt lat="4.0727840" lon="-76.1965340">
    <ele>994.4</ele>
    <time>2025-11-16T12:12:21Z</time>
   </trkpt>
   <trkpt lat="4.0727960" lon="-76.1965270">
    <ele>994.4</ele>
    <time>2025-11-16T12:12:22Z</time>
   </trkpt>
   <trkpt lat="4.0728250" lon="-76.1965170">
    <ele>994.3</ele>
    <time>2025-11-16T12:12:23Z</time>
   </trkpt>
   <trkpt lat="4.0728650" lon="-76.1965130">
    <ele>994.3</ele>
    <time>2025-11-16T12:12:24Z</time>
   </trkpt>
   <trkpt lat="4.0728800" lon="-76.1965100">
    <ele>994.3</ele>
    <time>2025-11-16T12:12:25Z</time>
   </trkpt>
   <trkpt lat="4.0729200" lon="-76.1965000">
    <ele>994.2</ele>
    <time>2025-11-16T12:12:26Z</time>
   </trkpt>
   <trkpt lat="4.0729360" lon="-76.1965020">
    <ele>994.2</ele>
    <time>2025-11-16T12:12:27Z</time>
   </trkpt>
   <trkpt lat="4.0729740" lon="-76.1964970">
    <ele>994.1</ele>
    <time>2025-11-16T12:12:28Z</time>
   </trkpt>
   <trkpt lat="4.0729860" lon="-76.1964960">
    <ele>994.1</ele>
    <time>2025-11-16T12:12:29Z</time>
   </trkpt>
   <trkpt lat="4.0730200" lon="-76.1964950">
    <ele>994.1</ele>
    <time>2025-11-16T12:12:30Z</time>
   </trkpt>
   <trkpt lat="4.0730480" lon="-76.1964920">
    <ele>994.1</ele>
    <time>2025-11-16T12:12:31Z</time>
   </trkpt>
   <trkpt lat="4.0730780" lon="-76.1964870">
    <ele>994.1</ele>
    <time>2025-11-16T12:12:32Z</time>
   </trkpt>
   <trkpt lat="4.0731150" lon="-76.1964800">
    <ele>994.0</ele>
    <time>2025-11-16T12:12:33Z</time>
   </trkpt>
   <trkpt lat="4.0731260" lon="-76.1964760">
    <ele>994.0</ele>
    <time>2025-11-16T12:12:34Z</time>
   </trkpt>
   <trkpt lat="4.0731570" lon="-76.1964670">
    <ele>994.0</ele>
    <time>2025-11-16T12:12:35Z</time>
   </trkpt>
   <trkpt lat="4.0731850" lon="-76.1964600">
    <ele>994.0</ele>
    <time>2025-11-16T12:12:36Z</time>
   </trkpt>
   <trkpt lat="4.0732120" lon="-76.1964500">
    <ele>993.9</ele>
    <time>2025-11-16T12:12:37Z</time>
   </trkpt>
   <trkpt lat="4.0732400" lon="-76.1964540">
    <ele>993.9</ele>
    <time>2025-11-16T12:12:38Z</time>
   </trkpt>
   <trkpt lat="4.0732670" lon="-76.1964490">
    <ele>993.9</ele>
    <time>2025-11-16T12:12:39Z</time>
   </trkpt>
   <trkpt lat="4.0733030" lon="-76.1964460">
    <ele>993.9</ele>
    <time>2025-11-16T12:12:40Z</time>
   </trkpt>
   <trkpt lat="4.0733170" lon="-76.1964420">
    <ele>993.8</ele>
    <time>2025-11-16T12:12:41Z</time>
   </trkpt>
   <trkpt lat="4.0733550" lon="-76.1964430">
    <ele>993.8</ele>
    <time>2025-11-16T12:12:42Z</time>
   </trkpt>
   <trkpt lat="4.0733690" lon="-76.1964450">
    <ele>993.8</ele>
    <time>2025-11-16T12:12:43Z</time>
   </trkpt>
   <trkpt lat="4.0733970" lon="-76.1964330">
    <ele>993.8</ele>
    <time>2025-11-16T12:12:44Z</time>
   </trkpt>
   <trkpt lat="4.0734340" lon="-76.1964320">
    <ele>993.8</ele>
    <time>2025-11-16T12:12:45Z</time>
   </trkpt>
   <trkpt lat="4.0734440" lon="-76.1964310">
    <ele>993.8</ele>
    <time>2025-11-16T12:12:46Z</time>
   </trkpt>
   <trkpt lat="4.0734740" lon="-76.1964140">
    <ele>993.7</ele>
    <time>2025-11-16T12:12:47Z</time>
   </trkpt>
   <trkpt lat="4.0735030" lon="-76.1964130">
    <ele>993.7</ele>
    <time>2025-11-16T12:12:48Z</time>
   </trkpt>
   <trkpt lat="4.0735360" lon="-76.1964150">
    <ele>993.7</ele>
    <time>2025-11-16T12:12:49Z</time>
   </trkpt>
   <trkpt lat="4.0735460" lon="-76.1964230">
    <ele>993.7</ele>
    <time>2025-11-16T12:12:50Z</time>
   </trkpt>
   <trkpt lat="4.0735800" lon="-76.1964080">
    <ele>993.7</ele>
    <time>2025-11-16T12:12:51Z</time>
   </trkpt>
   <trkpt lat="4.0736250" lon="-76.1963990">
    <ele>993.7</ele>
    <time>2025-11-16T12:12:52Z</time>
   </trkpt>
   <trkpt lat="4.0736440" lon="-76.1963980">
    <ele>993.6</ele>
    <time>2025-11-16T12:12:53Z</time>
   </trkpt>
   <trkpt lat="4.0736590" lon="-76.1964030">
    <ele>993.6</ele>
    <time>2025-11-16T12:12:54Z</time>
   </trkpt>
   <trkpt lat="4.0736720" lon="-76.1964070">
    <ele>993.6</ele>
    <time>2025-11-16T12:12:55Z</time>
   </trkpt>
   <trkpt lat="4.0737120" lon="-76.1964200">
    <ele>993.6</ele>
    <time>2025-11-16T12:12:56Z</time>
   </trkpt>
   <trkpt lat="4.0737300" lon="-76.1964240">
    <ele>993.6</ele>
    <time>2025-11-16T12:12:57Z</time>
   </trkpt>
   <trkpt lat="4.0737650" lon="-76.1964300">
    <ele>993.5</ele>
    <time>2025-11-16T12:12:58Z</time>
   </trkpt>
   <trkpt lat="4.0737950" lon="-76.1964110">
    <ele>993.5</ele>
    <time>2025-11-16T12:12:59Z</time>
   </trkpt>
   <trkpt lat="4.0738240" lon="-76.1964180">
    <ele>993.4</ele>
    <time>2025-11-16T12:13:00Z</time>
   </trkpt>
   <trkpt lat="4.0738370" lon="-76.1964130">
    <ele>993.4</ele>
    <time>2025-11-16T12:13:01Z</time>
   </trkpt>
   <trkpt lat="4.0738760" lon="-76.1964030">
    <ele>993.4</ele>
    <time>2025-11-16T12:13:02Z</time>
   </trkpt>
   <trkpt lat="4.0738910" lon="-76.1964010">
    <ele>993.3</ele>
    <time>2025-11-16T12:13:03Z</time>
   </trkpt>
   <trkpt lat="4.0739160" lon="-76.1963870">
    <ele>993.3</ele>
    <time>2025-11-16T12:13:04Z</time>
   </trkpt>
   <trkpt lat="4.0739510" lon="-76.1963760">
    <ele>993.2</ele>
    <time>2025-11-16T12:13:05Z</time>
   </trkpt>
   <trkpt lat="4.0739660" lon="-76.1963760">
    <ele>993.2</ele>
    <time>2025-11-16T12:13:06Z</time>
   </trkpt>
   <trkpt lat="4.0739970" lon="-76.1963820">
    <ele>993.1</ele>
    <time>2025-11-16T12:13:07Z</time>
   </trkpt>
   <trkpt lat="4.0740280" lon="-76.1963890">
    <ele>993.1</ele>
    <time>2025-11-16T12:13:08Z</time>
   </trkpt>
   <trkpt lat="4.0740540" lon="-76.1964020">
    <ele>993.0</ele>
    <time>2025-11-16T12:13:09Z</time>
   </trkpt>
   <trkpt lat="4.0740910" lon="-76.1964070">
    <ele>992.9</ele>
    <time>2025-11-16T12:13:10Z</time>
   </trkpt>
   <trkpt lat="4.0741020" lon="-76.1964050">
    <ele>992.9</ele>
    <time>2025-11-16T12:13:11Z</time>
   </trkpt>
   <trkpt lat="4.0741340" lon="-76.1964040">
    <ele>992.9</ele>
    <time>2025-11-16T12:13:12Z</time>
   </trkpt>
   <trkpt lat="4.0741760" lon="-76.1963990">
    <ele>992.8</ele>
    <time>2025-11-16T12:13:13Z</time>
   </trkpt>
   <trkpt lat="4.0741940" lon="-76.1963940">
    <ele>992.8</ele>
    <time>2025-11-16T12:13:14Z</time>
   </trkpt>
   <trkpt lat="4.0742220" lon="-76.1963950">
    <ele>992.7</ele>
    <time>2025-11-16T12:13:15Z</time>
   </trkpt>
   <trkpt lat="4.0742530" lon="-76.1963850">
    <ele>992.7</ele>
    <time>2025-11-16T12:13:16Z</time>
   </trkpt>
   <trkpt lat="4.0742660" lon="-76.1963840">
    <ele>992.6</ele>
    <time>2025-11-16T12:13:17Z</time>
   </trkpt>
   <trkpt lat="4.0743110" lon="-76.1963800">
    <ele>992.6</ele>
    <time>2025-11-16T12:13:18Z</time>
   </trkpt>
   <trkpt lat="4.0743310" lon="-76.1963810">
    <ele>992.6</ele>
    <time>2025-11-16T12:13:19Z</time>
   </trkpt>
   <trkpt lat="4.0743640" lon="-76.1963910">
    <ele>992.5</ele>
    <time>2025-11-16T12:13:20Z</time>
   </trkpt>
   <trkpt lat="4.0744000" lon="-76.1964030">
    <ele>992.5</ele>
    <time>2025-11-16T12:13:21Z</time>
   </trkpt>
   <trkpt lat="4.0744120" lon="-76.1964010">
    <ele>992.4</ele>
    <time>2025-11-16T12:13:22Z</time>
   </trkpt>
   <trkpt lat="4.0744440" lon="-76.1963980">
    <ele>992.4</ele>
    <time>2025-11-16T12:13:23Z</time>
   </trkpt>
   <trkpt lat="4.0744680" lon="-76.1963950">
    <ele>992.3</ele>
    <time>2025-11-16T12:13:24Z</time>
   </trkpt>
   <trkpt lat="4.0744930" lon="-76.1963910">
    <ele>992.3</ele>
    <time>2025-11-16T12:13:25Z</time>
   </trkpt>
   <trkpt lat="4.0745170" lon="-76.1963880">
    <ele>992.3</ele>
    <time>2025-11-16T12:13:26Z</time>
   </trkpt>
   <trkpt lat="4.0745420" lon="-76.1963850">
    <ele>992.2</ele>
    <time>2025-11-16T12:13:27Z</time>
   </trkpt>
   <trkpt lat="4.0745780" lon="-76.1963780">
    <ele>992.1</ele>
    <time>2025-11-16T12:13:28Z</time>
   </trkpt>
   <trkpt lat="4.0745900" lon="-76.1963750">
    <ele>992.1</ele>
    <time>2025-11-16T12:13:29Z</time>
   </trkpt>
   <trkpt lat="4.0746180" lon="-76.1963710">
    <ele>992.1</ele>
    <time>2025-11-16T12:13:30Z</time>
   </trkpt>
   <trkpt lat="4.0746450" lon="-76.1963690">
    <ele>992.0</ele>
    <time>2025-11-16T12:13:31Z</time>
   </trkpt>
   <trkpt lat="4.0746740" lon="-76.1963630">
    <ele>992.0</ele>
    <time>2025-11-16T12:13:32Z</time>
   </trkpt>
   <trkpt lat="4.0747030" lon="-76.1963660">
    <ele>991.9</ele>
    <time>2025-11-16T12:13:33Z</time>
   </trkpt>
   <trkpt lat="4.0747360" lon="-76.1963680">
    <ele>991.9</ele>
    <time>2025-11-16T12:13:34Z</time>
   </trkpt>
   <trkpt lat="4.0747500" lon="-76.1963680">
    <ele>991.8</ele>
    <time>2025-11-16T12:13:35Z</time>
   </trkpt>
   <trkpt lat="4.0747870" lon="-76.1963650">
    <ele>991.8</ele>
    <time>2025-11-16T12:13:36Z</time>
   </trkpt>
   <trkpt lat="4.0747990" lon="-76.1963610">
    <ele>991.8</ele>
    <time>2025-11-16T12:13:37Z</time>
   </trkpt>
   <trkpt lat="4.0748350" lon="-76.1963640">
    <ele>991.7</ele>
    <time>2025-11-16T12:13:38Z</time>
   </trkpt>
   <trkpt lat="4.0748470" lon="-76.1963590">
    <ele>991.7</ele>
    <time>2025-11-16T12:13:39Z</time>
   </trkpt>
   <trkpt lat="4.0748780" lon="-76.1963720">
    <ele>991.6</ele>
    <time>2025-11-16T12:13:40Z</time>
   </trkpt>
   <trkpt lat="4.0749160" lon="-76.1963680">
    <ele>991.5</ele>
    <time>2025-11-16T12:13:41Z</time>
   </trkpt>
   <trkpt lat="4.0749300" lon="-76.1963660">
    <ele>991.5</ele>
    <time>2025-11-16T12:13:42Z</time>
   </trkpt>
   <trkpt lat="4.0749580" lon="-76.1963640">
    <ele>991.5</ele>
    <time>2025-11-16T12:13:43Z</time>
   </trkpt>
   <trkpt lat="4.0749950" lon="-76.1963620">
    <ele>991.4</ele>
    <time>2025-11-16T12:13:44Z</time>
   </trkpt>
   <trkpt lat="4.0750090" lon="-76.1963650">
    <ele>991.4</ele>
    <time>2025-11-16T12:13:45Z</time>
   </trkpt>
   <trkpt lat="4.0750440" lon="-76.1963780">
    <ele>991.4</ele>
    <time>2025-11-16T12:13:46Z</time>
   </trkpt>
   <trkpt lat="4.0750570" lon="-76.1963790">
    <ele>991.4</ele>
    <time>2025-11-16T12:13:47Z</time>
   </trkpt>
   <trkpt lat="4.0750960" lon="-76.1963780">
    <ele>991.3</ele>
    <time>2025-11-16T12:13:48Z</time>
   </trkpt>
   <trkpt lat="4.0751100" lon="-76.1963820">
    <ele>991.3</ele>
    <time>2025-11-16T12:13:49Z</time>
   </trkpt>
   <trkpt lat="4.0751460" lon="-76.1963870">
    <ele>991.2</ele>
    <time>2025-11-16T12:13:50Z</time>
   </trkpt>
   <trkpt lat="4.0751580" lon="-76.1963880">
    <ele>991.2</ele>
    <time>2025-11-16T12:13:51Z</time>
   </trkpt>
   <trkpt lat="4.0751880" lon="-76.1963820">
    <ele>991.2</ele>
    <time>2025-11-16T12:13:52Z</time>
   </trkpt>
   <trkpt lat="4.0752250" lon="-76.1963810">
    <ele>991.1</ele>
    <time>2025-11-16T12:13:53Z</time>
   </trkpt>
   <trkpt lat="4.0752370" lon="-76.1963800">
    <ele>991.1</ele>
    <time>2025-11-16T12:13:54Z</time>
   </trkpt>
   <trkpt lat="4.0752700" lon="-76.1963760">
    <ele>991.0</ele>
    <time>2025-11-16T12:13:55Z</time>
   </trkpt>
   <trkpt lat="4.0753000" lon="-76.1963720">
    <ele>991.0</ele>
    <time>2025-11-16T12:13:56Z</time>
   </trkpt>
   <trkpt lat="4.0753090" lon="-76.1963750">
    <ele>991.0</ele>
    <time>2025-11-16T12:13:57Z</time>
   </trkpt>
   <trkpt lat="4.0753420" lon="-76.1963790">
    <ele>990.9</ele>
    <time>2025-11-16T12:13:58Z</time>
   </trkpt>
   <trkpt lat="4.0753690" lon="-76.1963680">
    <ele>990.8</ele>
    <time>2025-11-16T12:13:59Z</time>
   </trkpt>
   <trkpt lat="4.0754060" lon="-76.1963710">
    <ele>990.8</ele>
    <time>2025-11-16T12:14:00Z</time>
   </trkpt>
   <trkpt lat="4.0754150" lon="-76.1963750">
    <ele>990.8</ele>
    <time>2025-11-16T12:14:01Z</time>
   </trkpt>
   <trkpt lat="4.0754400" lon="-76.1963590">
    <ele>990.7</ele>
    <time>2025-11-16T12:14:02Z</time>
   </trkpt>
   <trkpt lat="4.0754650" lon="-76.1963570">
    <ele>990.7</ele>
    <time>2025-11-16T12:14:03Z</time>
   </trkpt>
   <trkpt lat="4.0754830" lon="-76.1963500">
    <ele>990.7</ele>
    <time>2025-11-16T12:14:04Z</time>
   </trkpt>
   <trkpt lat="4.0755220" lon="-76.1963410">
    <ele>990.6</ele>
    <time>2025-11-16T12:14:05Z</time>
   </trkpt>
   <trkpt lat="4.0755370" lon="-76.1963660">
    <ele>990.6</ele>
    <time>2025-11-16T12:14:06Z</time>
   </trkpt>
   <trkpt lat="4.0755720" lon="-76.1963650">
    <ele>990.5</ele>
    <time>2025-11-16T12:14:07Z</time>
   </trkpt>
   <trkpt lat="4.0755800" lon="-76.1963690">
    <ele>990.5</ele>
    <time>2025-11-16T12:14:08Z</time>
   </trkpt>
   <trkpt lat="4.0756220" lon="-76.1963690">
    <ele>990.4</ele>
    <time>2025-11-16T12:14:09Z</time>
   </trkpt>
   <trkpt lat="4.0756400" lon="-76.1963670">
    <ele>990.4</ele>
    <time>2025-11-16T12:14:10Z</time>
   </trkpt>
   <trkpt lat="4.0756710" lon="-76.1963560">
    <ele>990.4</ele>
    <time>2025-11-16T12:14:11Z</time>
   </trkpt>
   <trkpt lat="4.0756790" lon="-76.1963550">
    <ele>990.4</ele>
    <time>2025-11-16T12:14:12Z</time>
   </trkpt>
   <trkpt lat="4.0757150" lon="-76.1963490">
    <ele>990.3</ele>
    <time>2025-11-16T12:14:13Z</time>
   </trkpt>
   <trkpt lat="4.0757360" lon="-76.1963500">
    <ele>990.3</ele>
    <time>2025-11-16T12:14:14Z</time>
   </trkpt>
   <trkpt lat="4.0757740" lon="-76.1963520">
    <ele>990.2</ele>
    <time>2025-11-16T12:14:15Z</time>
   </trkpt>
   <trkpt lat="4.0757870" lon="-76.1963560">
    <ele>990.2</ele>
    <time>2025-11-16T12:14:16Z</time>
   </trkpt>
   <trkpt lat="4.0758180" lon="-76.1963610">
    <ele>990.1</ele>
    <time>2025-11-16T12:14:17Z</time>
   </trkpt>
   <trkpt lat="4.0758530" lon="-76.1963580">
    <ele>990.1</ele>
    <time>2025-11-16T12:14:18Z</time>
   </trkpt>
   <trkpt lat="4.0758640" lon="-76.1963570">
    <ele>990.1</ele>
    <time>2025-11-16T12:14:19Z</time>
   </trkpt>
   <trkpt lat="4.0759010" lon="-76.1963530">
    <ele>990.0</ele>
    <time>2025-11-16T12:14:20Z</time>
   </trkpt>
   <trkpt lat="4.0759160" lon="-76.1963560">
    <ele>990.0</ele>
    <time>2025-11-16T12:14:21Z</time>
   </trkpt>
   <trkpt lat="4.0759530" lon="-76.1963590">
    <ele>989.9</ele>
    <time>2025-11-16T12:14:22Z</time>
   </trkpt>
   <trkpt lat="4.0759670" lon="-76.1963540">
    <ele>989.9</ele>
    <time>2025-11-16T12:14:23Z</time>
   </trkpt>
   <trkpt lat="4.0760000" lon="-76.1963470">
    <ele>989.8</ele>
    <time>2025-11-16T12:14:24Z</time>
   </trkpt>
   <trkpt lat="4.0760130" lon="-76.1963450">
    <ele>989.8</ele>
    <time>2025-11-16T12:14:25Z</time>
   </trkpt>
   <trkpt lat="4.0760480" lon="-76.1963430">
    <ele>989.8</ele>
    <time>2025-11-16T12:14:26Z</time>
   </trkpt>
   <trkpt lat="4.0760600" lon="-76.1963460">
    <ele>989.7</ele>
    <time>2025-11-16T12:14:27Z</time>
   </trkpt>
   <trkpt lat="4.0760970" lon="-76.1963480">
    <ele>989.7</ele>
    <time>2025-11-16T12:14:28Z</time>
   </trkpt>
   <trkpt lat="4.0761130" lon="-76.1963510">
    <ele>989.6</ele>
    <time>2025-11-16T12:14:29Z</time>
   </trkpt>
   <trkpt lat="4.0761550" lon="-76.1963520">
    <ele>989.6</ele>
    <time>2025-11-16T12:14:30Z</time>
   </trkpt>
   <trkpt lat="4.0761700" lon="-76.1963500">
    <ele>989.5</ele>
    <time>2025-11-16T12:14:31Z</time>
   </trkpt>
   <trkpt lat="4.0761990" lon="-76.1963530">
    <ele>989.5</ele>
    <time>2025-11-16T12:14:32Z</time>
   </trkpt>
   <trkpt lat="4.0762070" lon="-76.1963530">
    <ele>989.5</ele>
    <time>2025-11-16T12:14:33Z</time>
   </trkpt>
   <trkpt lat="4.0762390" lon="-76.1963620">
    <ele>989.4</ele>
    <time>2025-11-16T12:14:34Z</time>
   </trkpt>
   <trkpt lat="4.0762560" lon="-76.1963630">
    <ele>989.4</ele>
    <time>2025-11-16T12:14:35Z</time>
   </trkpt>
   <trkpt lat="4.0762840" lon="-76.1963570">
    <ele>989.3</ele>
    <time>2025-11-16T12:14:36Z</time>
   </trkpt>
   <trkpt lat="4.0763260" lon="-76.1963600">
    <ele>989.2</ele>
    <time>2025-11-16T12:14:37Z</time>
   </trkpt>
   <trkpt lat="4.0763430" lon="-76.1963680">
    <ele>989.2</ele>
    <time>2025-11-16T12:14:38Z</time>
   </trkpt>
   <trkpt lat="4.0763710" lon="-76.1963680">
    <ele>989.2</ele>
    <time>2025-11-16T12:14:39Z</time>
   </trkpt>
   <trkpt lat="4.0764160" lon="-76.1963670">
    <ele>989.1</ele>
    <time>2025-11-16T12:14:40Z</time>
   </trkpt>
   <trkpt lat="4.0764330" lon="-76.1963640">
    <ele>989.1</ele>
    <time>2025-11-16T12:14:41Z</time>
   </trkpt>
   <trkpt lat="4.0764600" lon="-76.1963570">
    <ele>989.1</ele>
    <time>2025-11-16T12:14:42Z</time>
   </trkpt>
   <trkpt lat="4.0764900" lon="-76.1963530">
    <ele>989.1</ele>
    <time>2025-11-16T12:14:43Z</time>
   </trkpt>
   <trkpt lat="4.0765200" lon="-76.1963720">
    <ele>989.1</ele>
    <time>2025-11-16T12:14:44Z</time>
   </trkpt>
   <trkpt lat="4.0765530" lon="-76.1963830">
    <ele>989.1</ele>
    <time>2025-11-16T12:14:45Z</time>
   </trkpt>
   <trkpt lat="4.0765860" lon="-76.1963940">
    <ele>989.0</ele>
    <time>2025-11-16T12:14:46Z</time>
   </trkpt>
   <trkpt lat="4.0766110" lon="-76.1963820">
    <ele>989.0</ele>
    <time>2025-11-16T12:14:47Z</time>
   </trkpt>
   <trkpt lat="4.0766490" lon="-76.1963850">
    <ele>989.0</ele>
    <time>2025-11-16T12:14:48Z</time>
   </trkpt>
   <trkpt lat="4.0766610" lon="-76.1963900">
    <ele>989.0</ele>
    <time>2025-11-16T12:14:49Z</time>
   </trkpt>
   <trkpt lat="4.0766890" lon="-76.1963920">
    <ele>989.0</ele>
    <time>2025-11-16T12:14:50Z</time>
   </trkpt>
   <trkpt lat="4.0767270" lon="-76.1963970">
    <ele>989.0</ele>
    <time>2025-11-16T12:14:51Z</time>
   </trkpt>
   <trkpt lat="4.0767410" lon="-76.1963980">
    <ele>989.0</ele>
    <time>2025-11-16T12:14:52Z</time>
   </trkpt>
   <trkpt lat="4.0767760" lon="-76.1963970">
    <ele>989.0</ele>
    <time>2025-11-16T12:14:53Z</time>
   </trkpt>
   <trkpt lat="4.0767860" lon="-76.1963990">
    <ele>989.0</ele>
    <time>2025-11-16T12:14:54Z</time>
   </trkpt>
   <trkpt lat="4.0768130" lon="-76.1963840">
    <ele>989.0</ele>
    <time>2025-11-16T12:14:55Z</time>
   </trkpt>
   <trkpt lat="4.0768510" lon="-76.1963840">
    <ele>989.0</ele>
    <time>2025-11-16T12:14:56Z</time>
   </trkpt>
   <trkpt lat="4.0768630" lon="-76.1963840">
    <ele>989.0</ele>
    <time>2025-11-16T12:14:57Z</time>
   </trkpt>
   <trkpt lat="4.0768940" lon="-76.1963810">
    <ele>989.0</ele>
    <time>2025-11-16T12:14:58Z</time>
   </trkpt>
   <trkpt lat="4.0769320" lon="-76.1963890">
    <ele>989.0</ele>
    <time>2025-11-16T12:14:59Z</time>
   </trkpt>
   <trkpt lat="4.0769430" lon="-76.1963910">
    <ele>989.0</ele>
    <time>2025-11-16T12:15:00Z</time>
   </trkpt>
   <trkpt lat="4.0769790" lon="-76.1963980">
    <ele>989.0</ele>
    <time>2025-11-16T12:15:01Z</time>
   </trkpt>
   <trkpt lat="4.0769920" lon="-76.1964000">
    <ele>989.0</ele>
    <time>2025-11-16T12:15:02Z</time>
   </trkpt>
   <trkpt lat="4.0770310" lon="-76.1964040">
    <ele>989.0</ele>
    <time>2025-11-16T12:15:03Z</time>
   </trkpt>
   <trkpt lat="4.0770450" lon="-76.1964020">
    <ele>989.0</ele>
    <time>2025-11-16T12:15:04Z</time>
   </trkpt>
   <trkpt lat="4.0770720" lon="-76.1964050">
    <ele>989.0</ele>
    <time>2025-11-16T12:15:05Z</time>
   </trkpt>
   <trkpt lat="4.0771010" lon="-76.1964090">
    <ele>989.0</ele>
    <time>2025-11-16T12:15:06Z</time>
   </trkpt>
   <trkpt lat="4.0771350" lon="-76.1964220">
    <ele>989.0</ele>
    <time>2025-11-16T12:15:07Z</time>
   </trkpt>
   <trkpt lat="4.0771470" lon="-76.1964280">
    <ele>989.0</ele>
    <time>2025-11-16T12:15:08Z</time>
   </trkpt>
   <trkpt lat="4.0771860" lon="-76.1964210">
    <ele>988.9</ele>
    <time>2025-11-16T12:15:09Z</time>
   </trkpt>
   <trkpt lat="4.0771990" lon="-76.1964240">
    <ele>988.9</ele>
    <time>2025-11-16T12:15:10Z</time>
   </trkpt>
   <trkpt lat="4.0772360" lon="-76.1964370">
    <ele>988.9</ele>
    <time>2025-11-16T12:15:11Z</time>
   </trkpt>
   <trkpt lat="4.0772510" lon="-76.1964400">
    <ele>988.9</ele>
    <time>2025-11-16T12:15:12Z</time>
   </trkpt>
   <trkpt lat="4.0772910" lon="-76.1964370">
    <ele>988.8</ele>
    <time>2025-11-16T12:15:13Z</time>
   </trkpt>
   <trkpt lat="4.0773040" lon="-76.1964410">
    <ele>988.8</ele>
    <time>2025-11-16T12:15:14Z</time>
   </trkpt>
   <trkpt lat="4.0773310" lon="-76.1964520">
    <ele>988.8</ele>
    <time>2025-11-16T12:15:15Z</time>
   </trkpt>
   <trkpt lat="4.0773640" lon="-76.1964510">
    <ele>988.7</ele>
    <time>2025-11-16T12:15:16Z</time>
   </trkpt>
   <trkpt lat="4.0774060" lon="-76.1964440">
    <ele>988.7</ele>
    <time>2025-11-16T12:15:17Z</time>
   </trkpt>
   <trkpt lat="4.0774230" lon="-76.1964420">
    <ele>988.7</ele>
    <time>2025-11-16T12:15:18Z</time>
   </trkpt>
   <trkpt lat="4.0774560" lon="-76.1964340">
    <ele>988.6</ele>
    <time>2025-11-16T12:15:19Z</time>
   </trkpt>
   <trkpt lat="4.0774640" lon="-76.1964610">
    <ele>988.6</ele>
    <time>2025-11-16T12:15:20Z</time>
   </trkpt>
   <trkpt lat="4.0775060" lon="-76.1964580">
    <ele>988.5</ele>
    <time>2025-11-16T12:15:21Z</time>
   </trkpt>
   <trkpt lat="4.0775220" lon="-76.1964490">
    <ele>988.5</ele>
    <time>2025-11-16T12:15:22Z</time>
   </trkpt>
   <trkpt lat="4.0775600" lon="-76.1964600">
    <ele>988.5</ele>
    <time>2025-11-16T12:15:23Z</time>
   </trkpt>
   <trkpt lat="4.0775750" lon="-76.1964640">
    <ele>988.5</ele>
    <time>2025-11-16T12:15:24Z</time>
   </trkpt>
   <trkpt lat="4.0776110" lon="-76.1964700">
    <ele>988.4</ele>
    <time>2025-11-16T12:15:25Z</time>
   </trkpt>
   <trkpt lat="4.0776220" lon="-76.1964720">
    <ele>988.4</ele>
    <time>2025-11-16T12:15:26Z</time>
   </trkpt>
   <trkpt lat="4.0776570" lon="-76.1964640">
    <ele>988.4</ele>
    <time>2025-11-16T12:15:27Z</time>
   </trkpt>
   <trkpt lat="4.0776690" lon="-76.1964630">
    <ele>988.4</ele>
    <time>2025-11-16T12:15:28Z</time>
   </trkpt>
   <trkpt lat="4.0777100" lon="-76.1964600">
    <ele>988.3</ele>
    <time>2025-11-16T12:15:29Z</time>
   </trkpt>
   <trkpt lat="4.0777240" lon="-76.1964590">
    <ele>988.3</ele>
    <time>2025-11-16T12:15:30Z</time>
   </trkpt>
   <trkpt lat="4.0777570" lon="-76.1964590">
    <ele>988.3</ele>
    <time>2025-11-16T12:15:31Z</time>
   </trkpt>
   <trkpt lat="4.0777930" lon="-76.1964500">
    <ele>988.3</ele>
    <time>2025-11-16T12:15:32Z</time>
   </trkpt>
   <trkpt lat="4.0778050" lon="-76.1964470">
    <ele>988.3</ele>
    <time>2025-11-16T12:15:33Z</time>
   </trkpt>
   <trkpt lat="4.0778470" lon="-76.1964400">
    <ele>988.3</ele>
    <time>2025-11-16T12:15:34Z</time>
   </trkpt>
   <trkpt lat="4.0778610" lon="-76.1964350">
    <ele>988.3</ele>
    <time>2025-11-16T12:15:35Z</time>
   </trkpt>
   <trkpt lat="4.0778930" lon="-76.1964290">
    <ele>988.4</ele>
    <time>2025-11-16T12:15:36Z</time>
   </trkpt>
   <trkpt lat="4.0779040" lon="-76.1964180">
    <ele>988.4</ele>
    <time>2025-11-16T12:15:37Z</time>
   </trkpt>
   <trkpt lat="4.0779330" lon="-76.1964050">
    <ele>988.4</ele>
    <time>2025-11-16T12:15:38Z</time>
   </trkpt>
   <trkpt lat="4.0779440" lon="-76.1963950">
    <ele>988.4</ele>
    <time>2025-11-16T12:15:39Z</time>
   </trkpt>
   <trkpt lat="4.0779550" lon="-76.1963590">
    <ele>988.4</ele>
    <time>2025-11-16T12:15:40Z</time>
   </trkpt>
   <trkpt lat="4.0779570" lon="-76.1963460">
    <ele>988.5</ele>
    <time>2025-11-16T12:15:41Z</time>
   </trkpt>
   <trkpt lat="4.0779650" lon="-76.1963340">
    <ele>988.5</ele>
    <time>2025-11-16T12:15:42Z</time>
   </trkpt>
   <trkpt lat="4.0779590" lon="-76.1963170">
    <ele>988.5</ele>
    <time>2025-11-16T12:15:43Z</time>
   </trkpt>
   <trkpt lat="4.0779510" lon="-76.1962890">
    <ele>988.5</ele>
    <time>2025-11-16T12:15:44Z</time>
   </trkpt>
   <trkpt lat="4.0779470" lon="-76.1962730">
    <ele>988.5</ele>
    <time>2025-11-16T12:15:45Z</time>
   </trkpt>
   <trkpt lat="4.0779370" lon="-76.1962590">
    <ele>988.6</ele>
    <time>2025-11-16T12:15:46Z</time>
   </trkpt>
   <trkpt lat="4.0779360" lon="-76.1962240">
    <ele>988.6</ele>
    <time>2025-11-16T12:15:47Z</time>
   </trkpt>
   <trkpt lat="4.0779350" lon="-76.1962130">
    <ele>988.6</ele>
    <time>2025-11-16T12:15:48Z</time>
   </trkpt>
   <trkpt lat="4.0779250" lon="-76.1961850">
    <ele>988.6</ele>
    <time>2025-11-16T12:15:49Z</time>
   </trkpt>
   <trkpt lat="4.0779190" lon="-76.1961740">
    <ele>988.6</ele>
    <time>2025-11-16T12:15:50Z</time>
   </trkpt>
   <trkpt lat="4.0779210" lon="-76.1961460">
    <ele>988.6</ele>
    <time>2025-11-16T12:15:51Z</time>
   </trkpt>
   <trkpt lat="4.0779130" lon="-76.1961090">
    <ele>988.6</ele>
    <time>2025-11-16T12:15:52Z</time>
   </trkpt>
   <trkpt lat="4.0779070" lon="-76.1960960">
    <ele>988.6</ele>
    <time>2025-11-16T12:15:53Z</time>
   </trkpt>
   <trkpt lat="4.0778970" lon="-76.1960620">
    <ele>988.6</ele>
    <time>2025-11-16T12:15:54Z</time>
   </trkpt>
   <trkpt lat="4.0778940" lon="-76.1960480">
    <ele>988.6</ele>
    <time>2025-11-16T12:15:55Z</time>
   </trkpt>
   <trkpt lat="4.0778900" lon="-76.1960170">
    <ele>988.6</ele>
    <time>2025-11-16T12:15:56Z</time>
   </trkpt>
   <trkpt lat="4.0778930" lon="-76.1960060">
    <ele>988.6</ele>
    <time>2025-11-16T12:15:57Z</time>
   </trkpt>
   <trkpt lat="4.0778840" lon="-76.1959740">
    <ele>988.6</ele>
    <time>2025-11-16T12:15:58Z</time>
   </trkpt>
   <trkpt lat="4.0778820" lon="-76.1959630">
    <ele>988.6</ele>
    <time>2025-11-16T12:15:59Z</time>
   </trkpt>
   <trkpt lat="4.0778710" lon="-76.1959230">
    <ele>988.6</ele>
    <time>2025-11-16T12:16:00Z</time>
   </trkpt>
   <trkpt lat="4.0778690" lon="-76.1959070">
    <ele>988.6</ele>
    <time>2025-11-16T12:16:01Z</time>
   </trkpt>
   <trkpt lat="4.0778720" lon="-76.1958780">
    <ele>988.6</ele>
    <time>2025-11-16T12:16:02Z</time>
   </trkpt>
   <trkpt lat="4.0778540" lon="-76.1958490">
    <ele>988.6</ele>
    <time>2025-11-16T12:16:03Z</time>
   </trkpt>
   <trkpt lat="4.0778420" lon="-76.1958140">
    <ele>988.6</ele>
    <time>2025-11-16T12:16:04Z</time>
   </trkpt>
   <trkpt lat="4.0778380" lon="-76.1958000">
    <ele>988.6</ele>
    <time>2025-11-16T12:16:05Z</time>
   </trkpt>
   <trkpt lat="4.0778390" lon="-76.1957600">
    <ele>988.6</ele>
    <time>2025-11-16T12:16:06Z</time>
   </trkpt>
   <trkpt lat="4.0778370" lon="-76.1957450">
    <ele>988.6</ele>
    <time>2025-11-16T12:16:07Z</time>
   </trkpt>
   <trkpt lat="4.0778350" lon="-76.1957070">
    <ele>988.6</ele>
    <time>2025-11-16T12:16:08Z</time>
   </trkpt>
   <trkpt lat="4.0778300" lon="-76.1956930">
    <ele>988.6</ele>
    <time>2025-11-16T12:16:09Z</time>
   </trkpt>
   <trkpt lat="4.0778310" lon="-76.1956580">
    <ele>988.6</ele>
    <time>2025-11-16T12:16:10Z</time>
   </trkpt>
   <trkpt lat="4.0778280" lon="-76.1956460">
    <ele>988.6</ele>
    <time>2025-11-16T12:16:11Z</time>
   </trkpt>
   <trkpt lat="4.0778220" lon="-76.1956110">
    <ele>988.6</ele>
    <time>2025-11-16T12:16:12Z</time>
   </trkpt>
   <trkpt lat="4.0778200" lon="-76.1955990">
    <ele>988.6</ele>
    <time>2025-11-16T12:16:13Z</time>
   </trkpt>
   <trkpt lat="4.0778110" lon="-76.1955670">
    <ele>988.6</ele>
    <time>2025-11-16T12:16:14Z</time>
   </trkpt>
   <trkpt lat="4.0778090" lon="-76.1955500">
    <ele>988.6</ele>
    <time>2025-11-16T12:16:15Z</time>
   </trkpt>
   <trkpt lat="4.0777940" lon="-76.1955210">
    <ele>988.6</ele>
    <time>2025-11-16T12:16:16Z</time>
   </trkpt>
   <trkpt lat="4.0777880" lon="-76.1955100">
    <ele>988.6</ele>
    <time>2025-11-16T12:16:17Z</time>
   </trkpt>
   <trkpt lat="4.0777480" lon="-76.1955000">
    <ele>988.7</ele>
    <time>2025-11-16T12:16:18Z</time>
   </trkpt>
   <trkpt lat="4.0777320" lon="-76.1954990">
    <ele>988.7</ele>
    <time>2025-11-16T12:16:19Z</time>
   </trkpt>
   <trkpt lat="4.0777020" lon="-76.1955040">
    <ele>988.7</ele>
    <time>2025-11-16T12:16:20Z</time>
   </trkpt>
   <trkpt lat="4.0776890" lon="-76.1955030">
    <ele>988.8</ele>
    <time>2025-11-16T12:16:21Z</time>
   </trkpt>
   <trkpt lat="4.0776760" lon="-76.1954960">
    <ele>988.8</ele>
    <time>2025-11-16T12:16:22Z</time>
   </trkpt>
   <trkpt lat="4.0776420" lon="-76.1955010">
    <ele>988.8</ele>
    <time>2025-11-16T12:16:24Z</time>
   </trkpt>
   <trkpt lat="4.0776060" lon="-76.1955030">
    <ele>988.9</ele>
    <time>2025-11-16T12:16:25Z</time>
   </trkpt>
   <trkpt lat="4.0775940" lon="-76.1955020">
    <ele>988.9</ele>
    <time>2025-11-16T12:16:26Z</time>
   </trkpt>
   <trkpt lat="4.0775620" lon="-76.1955070">
    <ele>989.0</ele>
    <time>2025-11-16T12:16:27Z</time>
   </trkpt>
   <trkpt lat="4.0775490" lon="-76.1955070">
    <ele>989.0</ele>
    <time>2025-11-16T12:16:28Z</time>
   </trkpt>
   <trkpt lat="4.0775220" lon="-76.1955150">
    <ele>989.0</ele>
    <time>2025-11-16T12:16:29Z</time>
   </trkpt>
   <trkpt lat="4.0774890" lon="-76.1955150">
    <ele>989.1</ele>
    <time>2025-11-16T12:16:30Z</time>
   </trkpt>
   <trkpt lat="4.0774800" lon="-76.1955150">
    <ele>989.1</ele>
    <time>2025-11-16T12:16:31Z</time>
   </trkpt>
   <trkpt lat="4.0774490" lon="-76.1955130">
    <ele>989.2</ele>
    <time>2025-11-16T12:16:32Z</time>
   </trkpt>
   <trkpt lat="4.0774130" lon="-76.1955000">
    <ele>989.2</ele>
    <time>2025-11-16T12:16:33Z</time>
   </trkpt>
   <trkpt lat="4.0774000" lon="-76.1954920">
    <ele>989.3</ele>
    <time>2025-11-16T12:16:34Z</time>
   </trkpt>
   <trkpt lat="4.0773710" lon="-76.1954740">
    <ele>989.3</ele>
    <time>2025-11-16T12:16:35Z</time>
   </trkpt>
   <trkpt lat="4.0773570" lon="-76.1954700">
    <ele>989.3</ele>
    <time>2025-11-16T12:16:36Z</time>
   </trkpt>
   <trkpt lat="4.0773210" lon="-76.1954720">
    <ele>989.4</ele>
    <time>2025-11-16T12:16:37Z</time>
   </trkpt>
   <trkpt lat="4.0773090" lon="-76.1954740">
    <ele>989.4</ele>
    <time>2025-11-16T12:16:38Z</time>
   </trkpt>
   <trkpt lat="4.0772790" lon="-76.1954720">
    <ele>989.5</ele>
    <time>2025-11-16T12:16:39Z</time>
   </trkpt>
   <trkpt lat="4.0772660" lon="-76.1954740">
    <ele>989.5</ele>
    <time>2025-11-16T12:16:40Z</time>
   </trkpt>
   <trkpt lat="4.0772160" lon="-76.1954590">
    <ele>989.6</ele>
    <time>2025-11-16T12:16:41Z</time>
   </trkpt>
   <trkpt lat="4.0771980" lon="-76.1954530">
    <ele>989.6</ele>
    <time>2025-11-16T12:16:42Z</time>
   </trkpt>
   <trkpt lat="4.0771620" lon="-76.1954500">
    <ele>989.6</ele>
    <time>2025-11-16T12:16:43Z</time>
   </trkpt>
   <trkpt lat="4.0771490" lon="-76.1954480">
    <ele>989.7</ele>
    <time>2025-11-16T12:16:44Z</time>
   </trkpt>
   <trkpt lat="4.0771210" lon="-76.1954410">
    <ele>989.7</ele>
    <time>2025-11-16T12:16:45Z</time>
   </trkpt>
   <trkpt lat="4.0771130" lon="-76.1954390">
    <ele>989.7</ele>
    <time>2025-11-16T12:16:46Z</time>
   </trkpt>
   <trkpt lat="4.0770780" lon="-76.1954350">
    <ele>989.8</ele>
    <time>2025-11-16T12:16:47Z</time>
   </trkpt>
   <trkpt lat="4.0770660" lon="-76.1954370">
    <ele>989.8</ele>
    <time>2025-11-16T12:16:48Z</time>
   </trkpt>
   <trkpt lat="4.0770300" lon="-76.1954400">
    <ele>989.8</ele>
    <time>2025-11-16T12:16:49Z</time>
   </trkpt>
   <trkpt lat="4.0770170" lon="-76.1954380">
    <ele>989.9</ele>
    <time>2025-11-16T12:16:50Z</time>
   </trkpt>
   <trkpt lat="4.0769840" lon="-76.1954260">
    <ele>989.9</ele>
    <time>2025-11-16T12:16:51Z</time>
   </trkpt>
   <trkpt lat="4.0769730" lon="-76.1954210">
    <ele>989.9</ele>
    <time>2025-11-16T12:16:52Z</time>
   </trkpt>
   <trkpt lat="4.0769430" lon="-76.1954090">
    <ele>990.0</ele>
    <time>2025-11-16T12:16:53Z</time>
   </trkpt>
   <trkpt lat="4.0769350" lon="-76.1954080">
    <ele>990.0</ele>
    <time>2025-11-16T12:16:54Z</time>
   </trkpt>
   <trkpt lat="4.0769030" lon="-76.1954050">
    <ele>990.0</ele>
    <time>2025-11-16T12:16:55Z</time>
   </trkpt>
   <trkpt lat="4.0768900" lon="-76.1954040">
    <ele>990.1</ele>
    <time>2025-11-16T12:16:56Z</time>
   </trkpt>
   <trkpt lat="4.0768580" lon="-76.1954000">
    <ele>990.1</ele>
    <time>2025-11-16T12:16:57Z</time>
   </trkpt>
   <trkpt lat="4.0768460" lon="-76.1954070">
    <ele>990.1</ele>
    <time>2025-11-16T12:16:58Z</time>
   </trkpt>
   <trkpt lat="4.0768200" lon="-76.1953900">
    <ele>990.2</ele>
    <time>2025-11-16T12:16:59Z</time>
   </trkpt>
   <trkpt lat="4.0768130" lon="-76.1953750">
    <ele>990.2</ele>
    <time>2025-11-16T12:17:00Z</time>
   </trkpt>
   <trkpt lat="4.0767790" lon="-76.1953640">
    <ele>990.3</ele>
    <time>2025-11-16T12:17:01Z</time>
   </trkpt>
   <trkpt lat="4.0767670" lon="-76.1953620">
    <ele>990.3</ele>
    <time>2025-11-16T12:17:02Z</time>
   </trkpt>
   <trkpt lat="4.0767360" lon="-76.1953450">
    <ele>990.4</ele>
    <time>2025-11-16T12:17:03Z</time>
   </trkpt>
   <trkpt lat="4.0767260" lon="-76.1953370">
    <ele>990.4</ele>
    <time>2025-11-16T12:17:04Z</time>
   </trkpt>
   <trkpt lat="4.0766960" lon="-76.1953230">
    <ele>990.4</ele>
    <time>2025-11-16T12:17:05Z</time>
   </trkpt>
   <trkpt lat="4.0766860" lon="-76.1953200">
    <ele>990.5</ele>
    <time>2025-11-16T12:17:06Z</time>
   </trkpt>
   <trkpt lat="4.0766620" lon="-76.1953020">
    <ele>990.5</ele>
    <time>2025-11-16T12:17:07Z</time>
   </trkpt>
   <trkpt lat="4.0766440" lon="-76.1953010">
    <ele>990.5</ele>
    <time>2025-11-16T12:17:08Z</time>
   </trkpt>
   <trkpt lat="4.0766330" lon="-76.1952970">
    <ele>990.6</ele>
    <time>2025-11-16T12:17:09Z</time>
   </trkpt>
   <trkpt lat="4.0765980" lon="-76.1952900">
    <ele>990.6</ele>
    <time>2025-11-16T12:17:10Z</time>
   </trkpt>
   <trkpt lat="4.0765880" lon="-76.1952900">
    <ele>990.7</ele>
    <time>2025-11-16T12:17:11Z</time>
   </trkpt>
   <trkpt lat="4.0765560" lon="-76.1952920">
    <ele>990.7</ele>
    <time>2025-11-16T12:17:12Z</time>
   </trkpt>
   <trkpt lat="4.0765440" lon="-76.1952960">
    <ele>990.7</ele>
    <time>2025-11-16T12:17:13Z</time>
   </trkpt>
   <trkpt lat="4.0765240" lon="-76.1952930">
    <ele>990.8</ele>
    <time>2025-11-16T12:17:14Z</time>
   </trkpt>
   <trkpt lat="4.0765130" lon="-76.1952830">
    <ele>990.8</ele>
    <time>2025-11-16T12:17:15Z</time>
   </trkpt>
   <trkpt lat="4.0764840" lon="-76.1952690">
    <ele>990.9</ele>
    <time>2025-11-16T12:17:16Z</time>
   </trkpt>
   <trkpt lat="4.0764770" lon="-76.1952660">
    <ele>990.9</ele>
    <time>2025-11-16T12:17:17Z</time>
   </trkpt>
   <trkpt lat="4.0764520" lon="-76.1952540">
    <ele>990.9</ele>
    <time>2025-11-16T12:17:18Z</time>
   </trkpt>
   <trkpt lat="4.0764190" lon="-76.1952540">
    <ele>991.0</ele>
    <time>2025-11-16T12:17:19Z</time>
   </trkpt>
   <trkpt lat="4.0764110" lon="-76.1952520">
    <ele>991.0</ele>
    <time>2025-11-16T12:17:20Z</time>
   </trkpt>
   <trkpt lat="4.0763820" lon="-76.1952420">
    <ele>991.1</ele>
    <time>2025-11-16T12:17:21Z</time>
   </trkpt>
   <trkpt lat="4.0763700" lon="-76.1952380">
    <ele>991.1</ele>
    <time>2025-11-16T12:17:22Z</time>
   </trkpt>
   <trkpt lat="4.0763360" lon="-76.1952300">
    <ele>991.2</ele>
    <time>2025-11-16T12:17:23Z</time>
   </trkpt>
   <trkpt lat="4.0763260" lon="-76.1952300">
    <ele>991.2</ele>
    <time>2025-11-16T12:17:24Z</time>
   </trkpt>
   <trkpt lat="4.0762960" lon="-76.1952210">
    <ele>991.2</ele>
    <time>2025-11-16T12:17:25Z</time>
   </trkpt>
   <trkpt lat="4.0762880" lon="-76.1952160">
    <ele>991.2</ele>
    <time>2025-11-16T12:17:26Z</time>
   </trkpt>
   <trkpt lat="4.0762540" lon="-76.1952050">
    <ele>991.3</ele>
    <time>2025-11-16T12:17:27Z</time>
   </trkpt>
   <trkpt lat="4.0762440" lon="-76.1952030">
    <ele>991.3</ele>
    <time>2025-11-16T12:17:28Z</time>
   </trkpt>
   <trkpt lat="4.0762130" lon="-76.1952010">
    <ele>991.4</ele>
    <time>2025-11-16T12:17:29Z</time>
   </trkpt>
   <trkpt lat="4.0762040" lon="-76.1952000">
    <ele>991.4</ele>
    <time>2025-11-16T12:17:30Z</time>
   </trkpt>
   <trkpt lat="4.0761680" lon="-76.1951940">
    <ele>991.4</ele>
    <time>2025-11-16T12:17:31Z</time>
   </trkpt>
   <trkpt lat="4.0761570" lon="-76.1951930">
    <ele>991.4</ele>
    <time>2025-11-16T12:17:32Z</time>
   </trkpt>
   <trkpt lat="4.0761230" lon="-76.1951900">
    <ele>991.5</ele>
    <time>2025-11-16T12:17:33Z</time>
   </trkpt>
   <trkpt lat="4.0761120" lon="-76.1951890">
    <ele>991.5</ele>
    <time>2025-11-16T12:17:34Z</time>
   </trkpt>
   <trkpt lat="4.0760830" lon="-76.1951870">
    <ele>991.5</ele>
    <time>2025-11-16T12:17:35Z</time>
   </trkpt>
   <trkpt lat="4.0760500" lon="-76.1951810">
    <ele>991.5</ele>
    <time>2025-11-16T12:17:36Z</time>
   </trkpt>
   <trkpt lat="4.0760410" lon="-76.1951790">
    <ele>991.5</ele>
    <time>2025-11-16T12:17:37Z</time>
   </trkpt>
   <trkpt lat="4.0760120" lon="-76.1951820">
    <ele>991.5</ele>
    <time>2025-11-16T12:17:38Z</time>
   </trkpt>
   <trkpt lat="4.0760010" lon="-76.1951830">
    <ele>991.6</ele>
    <time>2025-11-16T12:17:39Z</time>
   </trkpt>
   <trkpt lat="4.0759680" lon="-76.1951840">
    <ele>991.6</ele>
    <time>2025-11-16T12:17:40Z</time>
   </trkpt>
   <trkpt lat="4.0759570" lon="-76.1951860">
    <ele>991.6</ele>
    <time>2025-11-16T12:17:41Z</time>
   </trkpt>
   <trkpt lat="4.0759260" lon="-76.1951820">
    <ele>991.6</ele>
    <time>2025-11-16T12:17:42Z</time>
   </trkpt>
   <trkpt lat="4.0759150" lon="-76.1951810">
    <ele>991.6</ele>
    <time>2025-11-16T12:17:43Z</time>
   </trkpt>
   <trkpt lat="4.0758840" lon="-76.1951800">
    <ele>991.6</ele>
    <time>2025-11-16T12:17:44Z</time>
   </trkpt>
   <trkpt lat="4.0758740" lon="-76.1951810">
    <ele>991.6</ele>
    <time>2025-11-16T12:17:45Z</time>
   </trkpt>
   <trkpt lat="4.0758420" lon="-76.1951800">
    <ele>991.6</ele>
    <time>2025-11-16T12:17:46Z</time>
   </trkpt>
   <trkpt lat="4.0758310" lon="-76.1951800">
    <ele>991.6</ele>
    <time>2025-11-16T12:17:47Z</time>
   </trkpt>
   <trkpt lat="4.0758020" lon="-76.1951730">
    <ele>991.6</ele>
    <time>2025-11-16T12:17:48Z</time>
   </trkpt>
   <trkpt lat="4.0757670" lon="-76.1951760">
    <ele>991.6</ele>
    <time>2025-11-16T12:17:49Z</time>
   </trkpt>
   <trkpt lat="4.0757550" lon="-76.1951750">
    <ele>991.6</ele>
    <time>2025-11-16T12:17:50Z</time>
   </trkpt>
   <trkpt lat="4.0757180" lon="-76.1951810">
    <ele>991.7</ele>
    <time>2025-11-16T12:17:51Z</time>
   </trkpt>
   <trkpt lat="4.0757000" lon="-76.1951780">
    <ele>991.7</ele>
    <time>2025-11-16T12:17:52Z</time>
   </trkpt>
   <trkpt lat="4.0756670" lon="-76.1951620">
    <ele>991.7</ele>
    <time>2025-11-16T12:17:53Z</time>
   </trkpt>
   <trkpt lat="4.0756540" lon="-76.1951600">
    <ele>991.7</ele>
    <time>2025-11-16T12:17:54Z</time>
   </trkpt>
   <trkpt lat="4.0756210" lon="-76.1951430">
    <ele>991.7</ele>
    <time>2025-11-16T12:17:55Z</time>
   </trkpt>
   <trkpt lat="4.0756070" lon="-76.1951360">
    <ele>991.7</ele>
    <time>2025-11-16T12:17:56Z</time>
   </trkpt>
   <trkpt lat="4.0755880" lon="-76.1951400">
    <ele>991.7</ele>
    <time>2025-11-16T12:17:57Z</time>
   </trkpt>
   <trkpt lat="4.0755700" lon="-76.1951400">
    <ele>991.7</ele>
    <time>2025-11-16T12:17:58Z</time>
   </trkpt>
   <trkpt lat="4.0755360" lon="-76.1951440">
    <ele>991.8</ele>
    <time>2025-11-16T12:17:59Z</time>
   </trkpt>
   <trkpt lat="4.0755250" lon="-76.1951470">
    <ele>991.8</ele>
    <time>2025-11-16T12:18:00Z</time>
   </trkpt>
   <trkpt lat="4.0754920" lon="-76.1951500">
    <ele>991.8</ele>
    <time>2025-11-16T12:18:01Z</time>
   </trkpt>
   <trkpt lat="4.0754800" lon="-76.1951490">
    <ele>991.8</ele>
    <time>2025-11-16T12:18:02Z</time>
   </trkpt>
   <trkpt lat="4.0754640" lon="-76.1951480">
    <ele>991.8</ele>
    <time>2025-11-16T12:18:03Z</time>
   </trkpt>
   <trkpt lat="4.0754460" lon="-76.1951500">
    <ele>991.8</ele>
    <time>2025-11-16T12:18:04Z</time>
   </trkpt>
   <trkpt lat="4.0754130" lon="-76.1951520">
    <ele>991.8</ele>
    <time>2025-11-16T12:18:05Z</time>
   </trkpt>
   <trkpt lat="4.0754010" lon="-76.1951550">
    <ele>991.8</ele>
    <time>2025-11-16T12:18:06Z</time>
   </trkpt>
   <trkpt lat="4.0753730" lon="-76.1951600">
    <ele>991.8</ele>
    <time>2025-11-16T12:18:07Z</time>
   </trkpt>
   <trkpt lat="4.0753610" lon="-76.1951620">
    <ele>991.9</ele>
    <time>2025-11-16T12:18:08Z</time>
   </trkpt>
   <trkpt lat="4.0753300" lon="-76.1951590">
    <ele>991.9</ele>
    <time>2025-11-16T12:18:09Z</time>
   </trkpt>
   <trkpt lat="4.0753190" lon="-76.1951550">
    <ele>991.9</ele>
    <time>2025-11-16T12:18:10Z</time>
   </trkpt>
   <trkpt lat="4.0752870" lon="-76.1951560">
    <ele>991.9</ele>
    <time>2025-11-16T12:18:11Z</time>
   </trkpt>
   <trkpt lat="4.0752760" lon="-76.1951550">
    <ele>991.9</ele>
    <time>2025-11-16T12:18:12Z</time>
   </trkpt>
   <trkpt lat="4.0752410" lon="-76.1951630">
    <ele>991.9</ele>
    <time>2025-11-16T12:18:13Z</time>
   </trkpt>
   <trkpt lat="4.0752280" lon="-76.1951630">
    <ele>991.9</ele>
    <time>2025-11-16T12:18:14Z</time>
   </trkpt>
   <trkpt lat="4.0751930" lon="-76.1951600">
    <ele>991.9</ele>
    <time>2025-11-16T12:18:15Z</time>
   </trkpt>
   <trkpt lat="4.0751830" lon="-76.1951580">
    <ele>991.9</ele>
    <time>2025-11-16T12:18:16Z</time>
   </trkpt>
   <trkpt lat="4.0751510" lon="-76.1951590">
    <ele>991.9</ele>
    <time>2025-11-16T12:18:17Z</time>
   </trkpt>
   <trkpt lat="4.0751410" lon="-76.1951540">
    <ele>991.9</ele>
    <time>2025-11-16T12:18:18Z</time>
   </trkpt>
   <trkpt lat="4.0751080" lon="-76.1951510">
    <ele>991.9</ele>
    <time>2025-11-16T12:18:19Z</time>
   </trkpt>
   <trkpt lat="4.0750960" lon="-76.1951510">
    <ele>991.9</ele>
    <time>2025-11-16T12:18:20Z</time>
   </trkpt>
   <trkpt lat="4.0750660" lon="-76.1951510">
    <ele>992.0</ele>
    <time>2025-11-16T12:18:21Z</time>
   </trkpt>
   <trkpt lat="4.0750550" lon="-76.1951490">
    <ele>992.0</ele>
    <time>2025-11-16T12:18:22Z</time>
   </trkpt>
   <trkpt lat="4.0750200" lon="-76.1951510">
    <ele>992.0</ele>
    <time>2025-11-16T12:18:23Z</time>
   </trkpt>
   <trkpt lat="4.0750080" lon="-76.1951520">
    <ele>992.0</ele>
    <time>2025-11-16T12:18:24Z</time>
   </trkpt>
   <trkpt lat="4.0749770" lon="-76.1951620">
    <ele>992.1</ele>
    <time>2025-11-16T12:18:25Z</time>
   </trkpt>
   <trkpt lat="4.0749670" lon="-76.1951640">
    <ele>992.1</ele>
    <time>2025-11-16T12:18:26Z</time>
   </trkpt>
   <trkpt lat="4.0749260" lon="-76.1951540">
    <ele>992.1</ele>
    <time>2025-11-16T12:18:27Z</time>
   </trkpt>
   <trkpt lat="4.0749080" lon="-76.1951440">
    <ele>992.2</ele>
    <time>2025-11-16T12:18:28Z</time>
   </trkpt>
   <trkpt lat="4.0748760" lon="-76.1951400">
    <ele>992.2</ele>
    <time>2025-11-16T12:18:29Z</time>
   </trkpt>
   <trkpt lat="4.0748640" lon="-76.1951410">
    <ele>992.2</ele>
    <time>2025-11-16T12:18:30Z</time>
   </trkpt>
   <trkpt lat="4.0748360" lon="-76.1951410">
    <ele>992.2</ele>
    <time>2025-11-16T12:18:31Z</time>
   </trkpt>
   <trkpt lat="4.0748260" lon="-76.1951440">
    <ele>992.2</ele>
    <time>2025-11-16T12:18:32Z</time>
   </trkpt>
   <trkpt lat="4.0747910" lon="-76.1951450">
    <ele>992.3</ele>
    <time>2025-11-16T12:18:33Z</time>
   </trkpt>
   <trkpt lat="4.0747790" lon="-76.1951460">
    <ele>992.3</ele>
    <time>2025-11-16T12:18:34Z</time>
   </trkpt>
   <trkpt lat="4.0747430" lon="-76.1951450">
    <ele>992.3</ele>
    <time>2025-11-16T12:18:35Z</time>
   </trkpt>
   <trkpt lat="4.0747310" lon="-76.1951440">
    <ele>992.3</ele>
    <time>2025-11-16T12:18:36Z</time>
   </trkpt>
   <trkpt lat="4.0746980" lon="-76.1951420">
    <ele>992.4</ele>
    <time>2025-11-16T12:18:37Z</time>
   </trkpt>
   <trkpt lat="4.0746880" lon="-76.1951410">
    <ele>992.4</ele>
    <time>2025-11-16T12:18:38Z</time>
   </trkpt>
   <trkpt lat="4.0746630" lon="-76.1951390">
    <ele>992.4</ele>
    <time>2025-11-16T12:18:39Z</time>
   </trkpt>
   <trkpt lat="4.0746500" lon="-76.1951320">
    <ele>992.4</ele>
    <time>2025-11-16T12:18:40Z</time>
   </trkpt>
   <trkpt lat="4.0746130" lon="-76.1951390">
    <ele>992.5</ele>
    <time>2025-11-16T12:18:41Z</time>
   </trkpt>
   <trkpt lat="4.0745990" lon="-76.1951390">
    <ele>992.5</ele>
    <time>2025-11-16T12:18:42Z</time>
   </trkpt>
   <trkpt lat="4.0745610" lon="-76.1951420">
    <ele>992.6</ele>
    <time>2025-11-16T12:18:43Z</time>
   </trkpt>
   <trkpt lat="4.0745460" lon="-76.1951410">
    <ele>992.6</ele>
    <time>2025-11-16T12:18:44Z</time>
   </trkpt>
   <trkpt lat="4.0745180" lon="-76.1951370">
    <ele>992.7</ele>
    <time>2025-11-16T12:18:45Z</time>
   </trkpt>
   <trkpt lat="4.0745060" lon="-76.1951360">
    <ele>992.7</ele>
    <time>2025-11-16T12:18:46Z</time>
   </trkpt>
   <trkpt lat="4.0744730" lon="-76.1951330">
    <ele>992.7</ele>
    <time>2025-11-16T12:18:47Z</time>
   </trkpt>
   <trkpt lat="4.0744600" lon="-76.1951320">
    <ele>992.7</ele>
    <time>2025-11-16T12:18:48Z</time>
   </trkpt>
   <trkpt lat="4.0744300" lon="-76.1951310">
    <ele>992.8</ele>
    <time>2025-11-16T12:18:49Z</time>
   </trkpt>
   <trkpt lat="4.0744160" lon="-76.1951290">
    <ele>992.8</ele>
    <time>2025-11-16T12:18:50Z</time>
   </trkpt>
   <trkpt lat="4.0743860" lon="-76.1951280">
    <ele>992.9</ele>
    <time>2025-11-16T12:18:51Z</time>
   </trkpt>
   <trkpt lat="4.0743500" lon="-76.1951280">
    <ele>992.9</ele>
    <time>2025-11-16T12:18:52Z</time>
   </trkpt>
   <trkpt lat="4.0743400" lon="-76.1951280">
    <ele>992.9</ele>
    <time>2025-11-16T12:18:53Z</time>
   </trkpt>
   <trkpt lat="4.0743140" lon="-76.1951350">
    <ele>993.0</ele>
    <time>2025-11-16T12:18:54Z</time>
   </trkpt>
   <trkpt lat="4.0743030" lon="-76.1951360">
    <ele>993.0</ele>
    <time>2025-11-16T12:18:55Z</time>
   </trkpt>
   <trkpt lat="4.0742750" lon="-76.1951440">
    <ele>993.0</ele>
    <time>2025-11-16T12:18:56Z</time>
   </trkpt>
   <trkpt lat="4.0742650" lon="-76.1951440">
    <ele>993.1</ele>
    <time>2025-11-16T12:18:57Z</time>
   </trkpt>
   <trkpt lat="4.0742370" lon="-76.1951420">
    <ele>993.1</ele>
    <time>2025-11-16T12:18:58Z</time>
   </trkpt>
   <trkpt lat="4.0742070" lon="-76.1951340">
    <ele>993.2</ele>
    <time>2025-11-16T12:18:59Z</time>
   </trkpt>
   <trkpt lat="4.0741780" lon="-76.1951320">
    <ele>993.2</ele>
    <time>2025-11-16T12:19:00Z</time>
   </trkpt>
   <trkpt lat="4.0741680" lon="-76.1951320">
    <ele>993.2</ele>
    <time>2025-11-16T12:19:01Z</time>
   </trkpt>
   <trkpt lat="4.0741310" lon="-76.1951340">
    <ele>993.3</ele>
    <time>2025-11-16T12:19:02Z</time>
   </trkpt>
   <trkpt lat="4.0741170" lon="-76.1951360">
    <ele>993.3</ele>
    <time>2025-11-16T12:19:03Z</time>
   </trkpt>
   <trkpt lat="4.0740800" lon="-76.1951300">
    <ele>993.4</ele>
    <time>2025-11-16T12:19:04Z</time>
   </trkpt>
   <trkpt lat="4.0740680" lon="-76.1951310">
    <ele>993.4</ele>
    <time>2025-11-16T12:19:05Z</time>
   </trkpt>
   <trkpt lat="4.0740340" lon="-76.1951200">
    <ele>993.5</ele>
    <time>2025-11-16T12:19:06Z</time>
   </trkpt>
   <trkpt lat="4.0740200" lon="-76.1951130">
    <ele>993.5</ele>
    <time>2025-11-16T12:19:07Z</time>
   </trkpt>
   <trkpt lat="4.0739840" lon="-76.1951060">
    <ele>993.6</ele>
    <time>2025-11-16T12:19:08Z</time>
   </trkpt>
   <trkpt lat="4.0739710" lon="-76.1951060">
    <ele>993.6</ele>
    <time>2025-11-16T12:19:09Z</time>
   </trkpt>
   <trkpt lat="4.0739430" lon="-76.1951060">
    <ele>993.6</ele>
    <time>2025-11-16T12:19:10Z</time>
   </trkpt>
   <trkpt lat="4.0739120" lon="-76.1950960">
    <ele>993.7</ele>
    <time>2025-11-16T12:19:11Z</time>
   </trkpt>
   <trkpt lat="4.0739000" lon="-76.1950950">
    <ele>993.7</ele>
    <time>2025-11-16T12:19:12Z</time>
   </trkpt>
   <trkpt lat="4.0738680" lon="-76.1950880">
    <ele>993.8</ele>
    <time>2025-11-16T12:19:13Z</time>
   </trkpt>
   <trkpt lat="4.0738580" lon="-76.1950820">
    <ele>993.8</ele>
    <time>2025-11-16T12:19:14Z</time>
   </trkpt>
   <trkpt lat="4.0738230" lon="-76.1950800">
    <ele>993.8</ele>
    <time>2025-11-16T12:19:15Z</time>
   </trkpt>
   <trkpt lat="4.0738110" lon="-76.1950780">
    <ele>993.9</ele>
    <time>2025-11-16T12:19:16Z</time>
   </trkpt>
   <trkpt lat="4.0737830" lon="-76.1950670">
    <ele>993.9</ele>
    <time>2025-11-16T12:19:17Z</time>
   </trkpt>
   <trkpt lat="4.0737690" lon="-76.1950630">
    <ele>993.9</ele>
    <time>2025-11-16T12:19:18Z</time>
   </trkpt>
   <trkpt lat="4.0737390" lon="-76.1950590">
    <ele>994.0</ele>
    <time>2025-11-16T12:19:19Z</time>
   </trkpt>
   <trkpt lat="4.0737050" lon="-76.1950550">
    <ele>994.0</ele>
    <time>2025-11-16T12:19:20Z</time>
   </trkpt>
   <trkpt lat="4.0736950" lon="-76.1950510">
    <ele>994.0</ele>
    <time>2025-11-16T12:19:21Z</time>
   </trkpt>
   <trkpt lat="4.0736600" lon="-76.1950470">
    <ele>994.1</ele>
    <time>2025-11-16T12:19:22Z</time>
   </trkpt>
   <trkpt lat="4.0736470" lon="-76.1950480">
    <ele>994.1</ele>
    <time>2025-11-16T12:19:23Z</time>
   </trkpt>
   <trkpt lat="4.0736130" lon="-76.1950470">
    <ele>994.2</ele>
    <time>2025-11-16T12:19:24Z</time>
   </trkpt>
   <trkpt lat="4.0736010" lon="-76.1950450">
    <ele>994.2</ele>
    <time>2025-11-16T12:19:25Z</time>
   </trkpt>
   <trkpt lat="4.0735700" lon="-76.1950280">
    <ele>994.2</ele>
    <time>2025-11-16T12:19:26Z</time>
   </trkpt>
   <trkpt lat="4.0735580" lon="-76.1950240">
    <ele>994.2</ele>
    <time>2025-11-16T12:19:27Z</time>
   </trkpt>
   <trkpt lat="4.0735220" lon="-76.1950200">
    <ele>994.3</ele>
    <time>2025-11-16T12:19:28Z</time>
   </trkpt>
   <trkpt lat="4.0735120" lon="-76.1950190">
    <ele>994.3</ele>
    <time>2025-11-16T12:19:29Z</time>
   </trkpt>
   <trkpt lat="4.0734790" lon="-76.1950100">
    <ele>994.3</ele>
    <time>2025-11-16T12:19:30Z</time>
   </trkpt>
   <trkpt lat="4.0734650" lon="-76.1950050">
    <ele>994.4</ele>
    <time>2025-11-16T12:19:31Z</time>
   </trkpt>
   <trkpt lat="4.0734320" lon="-76.1949990">
    <ele>994.4</ele>
    <time>2025-11-16T12:19:32Z</time>
   </trkpt>
   <trkpt lat="4.0734200" lon="-76.1949970">
    <ele>994.4</ele>
    <time>2025-11-16T12:19:33Z</time>
   </trkpt>
   <trkpt lat="4.0733840" lon="-76.1949930">
    <ele>994.4</ele>
    <time>2025-11-16T12:19:34Z</time>
   </trkpt>
   <trkpt lat="4.0733720" lon="-76.1949890">
    <ele>994.5</ele>
    <time>2025-11-16T12:19:35Z</time>
   </trkpt>
   <trkpt lat="4.0733380" lon="-76.1949850">
    <ele>994.5</ele>
    <time>2025-11-16T12:19:36Z</time>
   </trkpt>
   <trkpt lat="4.0733270" lon="-76.1949830">
    <ele>994.5</ele>
    <time>2025-11-16T12:19:37Z</time>
   </trkpt>
   <trkpt lat="4.0733020" lon="-76.1949720">
    <ele>994.5</ele>
    <time>2025-11-16T12:19:38Z</time>
   </trkpt>
   <trkpt lat="4.0732920" lon="-76.1949700">
    <ele>994.5</ele>
    <time>2025-11-16T12:19:39Z</time>
   </trkpt>
   <trkpt lat="4.0732630" lon="-76.1949730">
    <ele>994.6</ele>
    <time>2025-11-16T12:19:40Z</time>
   </trkpt>
   <trkpt lat="4.0732350" lon="-76.1949610">
    <ele>994.6</ele>
    <time>2025-11-16T12:19:41Z</time>
   </trkpt>
   <trkpt lat="4.0732260" lon="-76.1949590">
    <ele>994.6</ele>
    <time>2025-11-16T12:19:42Z</time>
   </trkpt>
   <trkpt lat="4.0731960" lon="-76.1949510">
    <ele>994.6</ele>
    <time>2025-11-16T12:19:43Z</time>
   </trkpt>
   <trkpt lat="4.0731850" lon="-76.1949470">
    <ele>994.6</ele>
    <time>2025-11-16T12:19:44Z</time>
   </trkpt>
   <trkpt lat="4.0731560" lon="-76.1949260">
    <ele>994.6</ele>
    <time>2025-11-16T12:19:45Z</time>
   </trkpt>
   <trkpt lat="4.0731470" lon="-76.1949190">
    <ele>994.7</ele>
    <time>2025-11-16T12:19:46Z</time>
   </trkpt>
   <trkpt lat="4.0731090" lon="-76.1949220">
    <ele>994.7</ele>
    <time>2025-11-16T12:19:47Z</time>
   </trkpt>
   <trkpt lat="4.0730970" lon="-76.1949200">
    <ele>994.7</ele>
    <time>2025-11-16T12:19:48Z</time>
   </trkpt>
   <trkpt lat="4.0730620" lon="-76.1949190">
    <ele>994.7</ele>
    <time>2025-11-16T12:19:49Z</time>
   </trkpt>
   <trkpt lat="4.0730500" lon="-76.1949210">
    <ele>994.7</ele>
    <time>2025-11-16T12:19:50Z</time>
   </trkpt>
   <trkpt lat="4.0730150" lon="-76.1949160">
    <ele>994.7</ele>
    <time>2025-11-16T12:19:51Z</time>
   </trkpt>
   <trkpt lat="4.0729970" lon="-76.1949180">
    <ele>994.8</ele>
    <time>2025-11-16T12:19:52Z</time>
   </trkpt>
   <trkpt lat="4.0729690" lon="-76.1949200">
    <ele>994.8</ele>
    <time>2025-11-16T12:19:53Z</time>
   </trkpt>
   <trkpt lat="4.0729600" lon="-76.1949200">
    <ele>994.8</ele>
    <time>2025-11-16T12:19:54Z</time>
   </trkpt>
   <trkpt lat="4.0729270" lon="-76.1949070">
    <ele>994.8</ele>
    <time>2025-11-16T12:19:55Z</time>
   </trkpt>
   <trkpt lat="4.0729180" lon="-76.1949020">
    <ele>994.8</ele>
    <time>2025-11-16T12:19:56Z</time>
   </trkpt>
   <trkpt lat="4.0728870" lon="-76.1948930">
    <ele>994.8</ele>
    <time>2025-11-16T12:19:57Z</time>
   </trkpt>
   <trkpt lat="4.0728730" lon="-76.1948910">
    <ele>994.8</ele>
    <time>2025-11-16T12:19:58Z</time>
   </trkpt>
   <trkpt lat="4.0728390" lon="-76.1948820">
    <ele>994.9</ele>
    <time>2025-11-16T12:19:59Z</time>
   </trkpt>
   <trkpt lat="4.0728270" lon="-76.1948760">
    <ele>994.9</ele>
    <time>2025-11-16T12:20:00Z</time>
   </trkpt>
   <trkpt lat="4.0727900" lon="-76.1948590">
    <ele>994.9</ele>
    <time>2025-11-16T12:20:01Z</time>
   </trkpt>
   <trkpt lat="4.0727760" lon="-76.1948540">
    <ele>995.0</ele>
    <time>2025-11-16T12:20:02Z</time>
   </trkpt>
   <trkpt lat="4.0727440" lon="-76.1948480">
    <ele>995.0</ele>
    <time>2025-11-16T12:20:03Z</time>
   </trkpt>
   <trkpt lat="4.0727330" lon="-76.1948470">
    <ele>995.0</ele>
    <time>2025-11-16T12:20:04Z</time>
   </trkpt>
   <trkpt lat="4.0726940" lon="-76.1948400">
    <ele>995.1</ele>
    <time>2025-11-16T12:20:05Z</time>
   </trkpt>
   <trkpt lat="4.0726810" lon="-76.1948400">
    <ele>995.1</ele>
    <time>2025-11-16T12:20:06Z</time>
   </trkpt>
   <trkpt lat="4.0726620" lon="-76.1948320">
    <ele>995.1</ele>
    <time>2025-11-16T12:20:07Z</time>
   </trkpt>
   <trkpt lat="4.0726450" lon="-76.1948340">
    <ele>995.1</ele>
    <time>2025-11-16T12:20:08Z</time>
   </trkpt>
   <trkpt lat="4.0726270" lon="-76.1948120">
    <ele>995.1</ele>
    <time>2025-11-16T12:20:09Z</time>
   </trkpt>
   <trkpt lat="4.0725990" lon="-76.1948040">
    <ele>995.2</ele>
    <time>2025-11-16T12:20:10Z</time>
   </trkpt>
   <trkpt lat="4.0725910" lon="-76.1948050">
    <ele>995.2</ele>
    <time>2025-11-16T12:20:11Z</time>
   </trkpt>
   <trkpt lat="4.0725780" lon="-76.1948040">
    <ele>995.2</ele>
    <time>2025-11-16T12:20:12Z</time>
   </trkpt>
   <trkpt lat="4.0725560" lon="-76.1948030">
    <ele>995.2</ele>
    <time>2025-11-16T12:20:13Z</time>
   </trkpt>
   <trkpt lat="4.0725200" lon="-76.1947950">
    <ele>995.3</ele>
    <time>2025-11-16T12:20:14Z</time>
   </trkpt>
   <trkpt lat="4.0725080" lon="-76.1947930">
    <ele>995.3</ele>
    <time>2025-11-16T12:20:15Z</time>
   </trkpt>
   <trkpt lat="4.0724780" lon="-76.1947890">
    <ele>995.3</ele>
    <time>2025-11-16T12:20:16Z</time>
   </trkpt>
   <trkpt lat="4.0724660" lon="-76.1947860">
    <ele>995.3</ele>
    <time>2025-11-16T12:20:17Z</time>
   </trkpt>
   <trkpt lat="4.0724380" lon="-76.1947850">
    <ele>995.3</ele>
    <time>2025-11-16T12:20:18Z</time>
   </trkpt>
   <trkpt lat="4.0724290" lon="-76.1947850">
    <ele>995.3</ele>
    <time>2025-11-16T12:20:19Z</time>
   </trkpt>
   <trkpt lat="4.0723920" lon="-76.1947780">
    <ele>995.4</ele>
    <time>2025-11-16T12:20:20Z</time>
   </trkpt>
   <trkpt lat="4.0723770" lon="-76.1947780">
    <ele>995.4</ele>
    <time>2025-11-16T12:20:21Z</time>
   </trkpt>
   <trkpt lat="4.0723480" lon="-76.1947730">
    <ele>995.4</ele>
    <time>2025-11-16T12:20:22Z</time>
   </trkpt>
   <trkpt lat="4.0723390" lon="-76.1947740">
    <ele>995.4</ele>
    <time>2025-11-16T12:20:23Z</time>
   </trkpt>
   <trkpt lat="4.0723140" lon="-76.1947610">
    <ele>995.5</ele>
    <time>2025-11-16T12:20:24Z</time>
   </trkpt>
   <trkpt lat="4.0722880" lon="-76.1947490">
    <ele>995.5</ele>
    <time>2025-11-16T12:20:25Z</time>
   </trkpt>
   <trkpt lat="4.0722520" lon="-76.1947440">
    <ele>995.5</ele>
    <time>2025-11-16T12:20:26Z</time>
   </trkpt>
   <trkpt lat="4.0722380" lon="-76.1947450">
    <ele>995.6</ele>
    <time>2025-11-16T12:20:27Z</time>
   </trkpt>
   <trkpt lat="4.0722040" lon="-76.1947360">
    <ele>995.6</ele>
    <time>2025-11-16T12:20:28Z</time>
   </trkpt>
   <trkpt lat="4.0721890" lon="-76.1947320">
    <ele>995.6</ele>
    <time>2025-11-16T12:20:29Z</time>
   </trkpt>
   <trkpt lat="4.0721530" lon="-76.1947360">
    <ele>995.7</ele>
    <time>2025-11-16T12:20:30Z</time>
   </trkpt>
   <trkpt lat="4.0721420" lon="-76.1947360">
    <ele>995.7</ele>
    <time>2025-11-16T12:20:31Z</time>
   </trkpt>
   <trkpt lat="4.0721150" lon="-76.1947310">
    <ele>995.7</ele>
    <time>2025-11-16T12:20:32Z</time>
   </trkpt>
   <trkpt lat="4.0721000" lon="-76.1947280">
    <ele>995.7</ele>
    <time>2025-11-16T12:20:33Z</time>
   </trkpt>
   <trkpt lat="4.0720860" lon="-76.1947260">
    <ele>995.8</ele>
    <time>2025-11-16T12:20:34Z</time>
   </trkpt>
   <trkpt lat="4.0720550" lon="-76.1947220">
    <ele>995.8</ele>
    <time>2025-11-16T12:20:35Z</time>
   </trkpt>
   <trkpt lat="4.0720260" lon="-76.1947160">
    <ele>995.8</ele>
    <time>2025-11-16T12:20:36Z</time>
   </trkpt>
   <trkpt lat="4.0720180" lon="-76.1947130">
    <ele>995.8</ele>
    <time>2025-11-16T12:20:37Z</time>
   </trkpt>
   <trkpt lat="4.0719890" lon="-76.1947130">
    <ele>995.9</ele>
    <time>2025-11-16T12:20:38Z</time>
   </trkpt>
   <trkpt lat="4.0719560" lon="-76.1947020">
    <ele>995.9</ele>
    <time>2025-11-16T12:20:39Z</time>
   </trkpt>
   <trkpt lat="4.0719450" lon="-76.1946990">
    <ele>995.9</ele>
    <time>2025-11-16T12:20:40Z</time>
   </trkpt>
   <trkpt lat="4.0719220" lon="-76.1946790">
    <ele>996.0</ele>
    <time>2025-11-16T12:20:41Z</time>
   </trkpt>
   <trkpt lat="4.0718940" lon="-76.1946720">
    <ele>996.0</ele>
    <time>2025-11-16T12:20:42Z</time>
   </trkpt>
   <trkpt lat="4.0718620" lon="-76.1946590">
    <ele>996.1</ele>
    <time>2025-11-16T12:20:43Z</time>
   </trkpt>
   <trkpt lat="4.0718500" lon="-76.1946570">
    <ele>996.1</ele>
    <time>2025-11-16T12:20:44Z</time>
   </trkpt>
   <trkpt lat="4.0718150" lon="-76.1946600">
    <ele>996.1</ele>
    <time>2025-11-16T12:20:45Z</time>
   </trkpt>
   <trkpt lat="4.0718020" lon="-76.1946600">
    <ele>996.2</ele>
    <time>2025-11-16T12:20:46Z</time>
   </trkpt>
   <trkpt lat="4.0717670" lon="-76.1946570">
    <ele>996.2</ele>
    <time>2025-11-16T12:20:47Z</time>
   </trkpt>
   <trkpt lat="4.0717550" lon="-76.1946580">
    <ele>996.2</ele>
    <time>2025-11-16T12:20:48Z</time>
   </trkpt>
   <trkpt lat="4.0717260" lon="-76.1946440">
    <ele>996.3</ele>
    <time>2025-11-16T12:20:49Z</time>
   </trkpt>
   <trkpt lat="4.0717150" lon="-76.1946440">
    <ele>996.3</ele>
    <time>2025-11-16T12:20:50Z</time>
   </trkpt>
   <trkpt lat="4.0716830" lon="-76.1946550">
    <ele>996.3</ele>
    <time>2025-11-16T12:20:51Z</time>
   </trkpt>
   <trkpt lat="4.0716720" lon="-76.1946560">
    <ele>996.4</ele>
    <time>2025-11-16T12:20:52Z</time>
   </trkpt>
   <trkpt lat="4.0716350" lon="-76.1946460">
    <ele>996.4</ele>
    <time>2025-11-16T12:20:53Z</time>
   </trkpt>
   <trkpt lat="4.0716240" lon="-76.1946420">
    <ele>996.4</ele>
    <time>2025-11-16T12:20:54Z</time>
   </trkpt>
   <trkpt lat="4.0716080" lon="-76.1946530">
    <ele>996.4</ele>
    <time>2025-11-16T12:20:55Z</time>
   </trkpt>
   <trkpt lat="4.0715890" lon="-76.1946470">
    <ele>996.5</ele>
    <time>2025-11-16T12:20:56Z</time>
   </trkpt>
   <trkpt lat="4.0715580" lon="-76.1946490">
    <ele>996.5</ele>
    <time>2025-11-16T12:20:57Z</time>
   </trkpt>
   <trkpt lat="4.0715470" lon="-76.1946520">
    <ele>996.5</ele>
    <time>2025-11-16T12:20:58Z</time>
   </trkpt>
   <trkpt lat="4.0715120" lon="-76.1946550">
    <ele>996.6</ele>
    <time>2025-11-16T12:20:59Z</time>
   </trkpt>
   <trkpt lat="4.0715020" lon="-76.1946550">
    <ele>996.6</ele>
    <time>2025-11-16T12:21:00Z</time>
   </trkpt>
   <trkpt lat="4.0714850" lon="-76.1946560">
    <ele>996.6</ele>
    <time>2025-11-16T12:21:01Z</time>
   </trkpt>
   <trkpt lat="4.0714660" lon="-76.1946560">
    <ele>996.6</ele>
    <time>2025-11-16T12:21:02Z</time>
   </trkpt>
   <trkpt lat="4.0714340" lon="-76.1946590">
    <ele>996.7</ele>
    <time>2025-11-16T12:21:03Z</time>
   </trkpt>
   <trkpt lat="4.0714230" lon="-76.1946550">
    <ele>996.7</ele>
    <time>2025-11-16T12:21:04Z</time>
   </trkpt>
   <trkpt lat="4.0713860" lon="-76.1946560">
    <ele>996.8</ele>
    <time>2025-11-16T12:21:05Z</time>
   </trkpt>
   <trkpt lat="4.0713740" lon="-76.1946560">
    <ele>996.8</ele>
    <time>2025-11-16T12:21:06Z</time>
   </trkpt>
   <trkpt lat="4.0713380" lon="-76.1946610">
    <ele>996.8</ele>
    <time>2025-11-16T12:21:07Z</time>
   </trkpt>
   <trkpt lat="4.0713270" lon="-76.1946620">
    <ele>996.9</ele>
    <time>2025-11-16T12:21:08Z</time>
   </trkpt>
   <trkpt lat="4.0712960" lon="-76.1946570">
    <ele>996.9</ele>
    <time>2025-11-16T12:21:09Z</time>
   </trkpt>
   <trkpt lat="4.0712790" lon="-76.1946560">
    <ele>996.9</ele>
    <time>2025-11-16T12:21:10Z</time>
   </trkpt>
   <trkpt lat="4.0712410" lon="-76.1946580">
    <ele>997.0</ele>
    <time>2025-11-16T12:21:11Z</time>
   </trkpt>
   <trkpt lat="4.0712270" lon="-76.1946580">
    <ele>997.0</ele>
    <time>2025-11-16T12:21:12Z</time>
   </trkpt>
   <trkpt lat="4.0711950" lon="-76.1946630">
    <ele>997.1</ele>
    <time>2025-11-16T12:21:13Z</time>
   </trkpt>
   <trkpt lat="4.0711830" lon="-76.1946640">
    <ele>997.1</ele>
    <time>2025-11-16T12:21:14Z</time>
   </trkpt>
   <trkpt lat="4.0711480" lon="-76.1946760">
    <ele>997.1</ele>
    <time>2025-11-16T12:21:15Z</time>
   </trkpt>
   <trkpt lat="4.0711370" lon="-76.1946760">
    <ele>997.2</ele>
    <time>2025-11-16T12:21:16Z</time>
   </trkpt>
   <trkpt lat="4.0711060" lon="-76.1946720">
    <ele>997.2</ele>
    <time>2025-11-16T12:21:17Z</time>
   </trkpt>
   <trkpt lat="4.0710940" lon="-76.1946710">
    <ele>997.2</ele>
    <time>2025-11-16T12:21:18Z</time>
   </trkpt>
   <trkpt lat="4.0710610" lon="-76.1946810">
    <ele>997.3</ele>
    <time>2025-11-16T12:21:19Z</time>
   </trkpt>
   <trkpt lat="4.0710510" lon="-76.1946830">
    <ele>997.3</ele>
    <time>2025-11-16T12:21:20Z</time>
   </trkpt>
   <trkpt lat="4.0710210" lon="-76.1946910">
    <ele>997.3</ele>
    <time>2025-11-16T12:21:21Z</time>
   </trkpt>
   <trkpt lat="4.0710100" lon="-76.1946900">
    <ele>997.3</ele>
    <time>2025-11-16T12:21:22Z</time>
   </trkpt>
   <trkpt lat="4.0709800" lon="-76.1947020">
    <ele>997.4</ele>
    <time>2025-11-16T12:21:23Z</time>
   </trkpt>
   <trkpt lat="4.0709680" lon="-76.1947040">
    <ele>997.4</ele>
    <time>2025-11-16T12:21:24Z</time>
   </trkpt>
   <trkpt lat="4.0709390" lon="-76.1946870">
    <ele>997.5</ele>
    <time>2025-11-16T12:21:25Z</time>
   </trkpt>
   <trkpt lat="4.0709250" lon="-76.1946840">
    <ele>997.5</ele>
    <time>2025-11-16T12:21:26Z</time>
   </trkpt>
   <trkpt lat="4.0708980" lon="-76.1946960">
    <ele>997.5</ele>
    <time>2025-11-16T12:21:27Z</time>
   </trkpt>
   <trkpt lat="4.0708670" lon="-76.1946950">
    <ele>997.6</ele>
    <time>2025-11-16T12:21:28Z</time>
   </trkpt>
   <trkpt lat="4.0708540" lon="-76.1946940">
    <ele>997.6</ele>
    <time>2025-11-16T12:21:29Z</time>
   </trkpt>
   <trkpt lat="4.0708220" lon="-76.1946860">
    <ele>997.6</ele>
    <time>2025-11-16T12:21:30Z</time>
   </trkpt>
   <trkpt lat="4.0708090" lon="-76.1946880">
    <ele>997.6</ele>
    <time>2025-11-16T12:21:31Z</time>
   </trkpt>
   <trkpt lat="4.0707740" lon="-76.1946960">
    <ele>997.7</ele>
    <time>2025-11-16T12:21:32Z</time>
   </trkpt>
   <trkpt lat="4.0707620" lon="-76.1946980">
    <ele>997.7</ele>
    <time>2025-11-16T12:21:33Z</time>
   </trkpt>
   <trkpt lat="4.0707300" lon="-76.1947070">
    <ele>997.8</ele>
    <time>2025-11-16T12:21:34Z</time>
   </trkpt>
   <trkpt lat="4.0707190" lon="-76.1947050">
    <ele>997.8</ele>
    <time>2025-11-16T12:21:35Z</time>
   </trkpt>
   <trkpt lat="4.0706900" lon="-76.1947040">
    <ele>997.8</ele>
    <time>2025-11-16T12:21:36Z</time>
   </trkpt>
   <trkpt lat="4.0706800" lon="-76.1947020">
    <ele>997.8</ele>
    <time>2025-11-16T12:21:37Z</time>
   </trkpt>
   <trkpt lat="4.0706380" lon="-76.1947120">
    <ele>997.9</ele>
    <time>2025-11-16T12:21:38Z</time>
   </trkpt>
   <trkpt lat="4.0706180" lon="-76.1947200">
    <ele>997.9</ele>
    <time>2025-11-16T12:21:39Z</time>
   </trkpt>
   <trkpt lat="4.0705850" lon="-76.1947370">
    <ele>998.0</ele>
    <time>2025-11-16T12:21:40Z</time>
   </trkpt>
   <trkpt lat="4.0705730" lon="-76.1947370">
    <ele>998.0</ele>
    <time>2025-11-16T12:21:41Z</time>
   </trkpt>
   <trkpt lat="4.0705460" lon="-76.1947220">
    <ele>998.0</ele>
    <time>2025-11-16T12:21:42Z</time>
   </trkpt>
   <trkpt lat="4.0705340" lon="-76.1947190">
    <ele>998.1</ele>
    <time>2025-11-16T12:21:43Z</time>
   </trkpt>
   <trkpt lat="4.0705060" lon="-76.1947240">
    <ele>998.1</ele>
    <time>2025-11-16T12:21:44Z</time>
   </trkpt>
   <trkpt lat="4.0704760" lon="-76.1947260">
    <ele>998.1</ele>
    <time>2025-11-16T12:21:45Z</time>
   </trkpt>
   <trkpt lat="4.0704670" lon="-76.1947250">
    <ele>998.2</ele>
    <time>2025-11-16T12:21:46Z</time>
   </trkpt>
   <trkpt lat="4.0704340" lon="-76.1947270">
    <ele>998.2</ele>
    <time>2025-11-16T12:21:47Z</time>
   </trkpt>
   <trkpt lat="4.0704200" lon="-76.1947260">
    <ele>998.2</ele>
    <time>2025-11-16T12:21:48Z</time>
   </trkpt>
   <trkpt lat="4.0703910" lon="-76.1947320">
    <ele>998.2</ele>
    <time>2025-11-16T12:21:49Z</time>
   </trkpt>
   <trkpt lat="4.0703810" lon="-76.1947330">
    <ele>998.2</ele>
    <time>2025-11-16T12:21:50Z</time>
   </trkpt>
   <trkpt lat="4.0703510" lon="-76.1947390">
    <ele>998.3</ele>
    <time>2025-11-16T12:21:51Z</time>
   </trkpt>
   <trkpt lat="4.0703370" lon="-76.1947380">
    <ele>998.3</ele>
    <time>2025-11-16T12:21:52Z</time>
   </trkpt>
   <trkpt lat="4.0703080" lon="-76.1947480">
    <ele>998.4</ele>
    <time>2025-11-16T12:21:53Z</time>
   </trkpt>
   <trkpt lat="4.0702970" lon="-76.1947510">
    <ele>998.4</ele>
    <time>2025-11-16T12:21:54Z</time>
   </trkpt>
   <trkpt lat="4.0702620" lon="-76.1947490">
    <ele>998.5</ele>
    <time>2025-11-16T12:21:55Z</time>
   </trkpt>
   <trkpt lat="4.0702490" lon="-76.1947430">
    <ele>998.5</ele>
    <time>2025-11-16T12:21:56Z</time>
   </trkpt>
   <trkpt lat="4.0702150" lon="-76.1947460">
    <ele>998.6</ele>
    <time>2025-11-16T12:21:57Z</time>
   </trkpt>
   <trkpt lat="4.0702030" lon="-76.1947480">
    <ele>998.6</ele>
    <time>2025-11-16T12:21:58Z</time>
   </trkpt>
   <trkpt lat="4.0701750" lon="-76.1947560">
    <ele>998.6</ele>
    <time>2025-11-16T12:21:59Z</time>
   </trkpt>
   <trkpt lat="4.0701620" lon="-76.1947540">
    <ele>998.7</ele>
    <time>2025-11-16T12:22:00Z</time>
   </trkpt>
   <trkpt lat="4.0701260" lon="-76.1947620">
    <ele>998.7</ele>
    <time>2025-11-16T12:22:01Z</time>
   </trkpt>
   <trkpt lat="4.0701150" lon="-76.1947620">
    <ele>998.8</ele>
    <time>2025-11-16T12:22:02Z</time>
   </trkpt>
   <trkpt lat="4.0700840" lon="-76.1947620">
    <ele>998.8</ele>
    <time>2025-11-16T12:22:03Z</time>
   </trkpt>
   <trkpt lat="4.0700720" lon="-76.1947590">
    <ele>998.9</ele>
    <time>2025-11-16T12:22:04Z</time>
   </trkpt>
   <trkpt lat="4.0700380" lon="-76.1947680">
    <ele>998.9</ele>
    <time>2025-11-16T12:22:05Z</time>
   </trkpt>
   <trkpt lat="4.0700280" lon="-76.1947730">
    <ele>998.9</ele>
    <time>2025-11-16T12:22:06Z</time>
   </trkpt>
   <trkpt lat="4.0700080" lon="-76.1947700">
    <ele>999.0</ele>
    <time>2025-11-16T12:22:07Z</time>
   </trkpt>
   <trkpt lat="4.0699930" lon="-76.1947660">
    <ele>999.0</ele>
    <time>2025-11-16T12:22:08Z</time>
   </trkpt>
   <trkpt lat="4.0699560" lon="-76.1947640">
    <ele>999.1</ele>
    <time>2025-11-16T12:22:09Z</time>
   </trkpt>
   <trkpt lat="4.0699460" lon="-76.1947630">
    <ele>999.1</ele>
    <time>2025-11-16T12:22:10Z</time>
   </trkpt>
   <trkpt lat="4.0699120" lon="-76.1947650">
    <ele>999.2</ele>
    <time>2025-11-16T12:22:11Z</time>
   </trkpt>
   <trkpt lat="4.0699020" lon="-76.1947670">
    <ele>999.2</ele>
    <time>2025-11-16T12:22:12Z</time>
   </trkpt>
   <trkpt lat="4.0698750" lon="-76.1947760">
    <ele>999.2</ele>
    <time>2025-11-16T12:22:13Z</time>
   </trkpt>
   <trkpt lat="4.0698440" lon="-76.1947710">
    <ele>999.3</ele>
    <time>2025-11-16T12:22:14Z</time>
   </trkpt>
   <trkpt lat="4.0698320" lon="-76.1947710">
    <ele>999.3</ele>
    <time>2025-11-16T12:22:15Z</time>
   </trkpt>
   <trkpt lat="4.0698030" lon="-76.1947690">
    <ele>999.4</ele>
    <time>2025-11-16T12:22:16Z</time>
   </trkpt>
   <trkpt lat="4.0697920" lon="-76.1947710">
    <ele>999.4</ele>
    <time>2025-11-16T12:22:17Z</time>
   </trkpt>
   <trkpt lat="4.0697570" lon="-76.1947760">
    <ele>999.5</ele>
    <time>2025-11-16T12:22:18Z</time>
   </trkpt>
   <trkpt lat="4.0697460" lon="-76.1947780">
    <ele>999.5</ele>
    <time>2025-11-16T12:22:19Z</time>
   </trkpt>
   <trkpt lat="4.0697280" lon="-76.1947770">
    <ele>999.5</ele>
    <time>2025-11-16T12:22:20Z</time>
   </trkpt>
   <trkpt lat="4.0697100" lon="-76.1947800">
    <ele>999.6</ele>
    <time>2025-11-16T12:22:21Z</time>
   </trkpt>
   <trkpt lat="4.0696750" lon="-76.1947920">
    <ele>999.6</ele>
    <time>2025-11-16T12:22:22Z</time>
   </trkpt>
   <trkpt lat="4.0696650" lon="-76.1947980">
    <ele>999.6</ele>
    <time>2025-11-16T12:22:23Z</time>
   </trkpt>
   <trkpt lat="4.0696340" lon="-76.1948010">
    <ele>999.7</ele>
    <time>2025-11-16T12:22:24Z</time>
   </trkpt>
   <trkpt lat="4.0696240" lon="-76.1948010">
    <ele>999.7</ele>
    <time>2025-11-16T12:22:25Z</time>
   </trkpt>
   <trkpt lat="4.0695940" lon="-76.1947960">
    <ele>999.8</ele>
    <time>2025-11-16T12:22:26Z</time>
   </trkpt>
   <trkpt lat="4.0695630" lon="-76.1948020">
    <ele>999.8</ele>
    <time>2025-11-16T12:22:27Z</time>
   </trkpt>
   <trkpt lat="4.0695490" lon="-76.1948010">
    <ele>999.8</ele>
    <time>2025-11-16T12:22:28Z</time>
   </trkpt>
   <trkpt lat="4.0695330" lon="-76.1948030">
    <ele>999.9</ele>
    <time>2025-11-16T12:22:29Z</time>
   </trkpt>
   <trkpt lat="4.0695170" lon="-76.1947990">
    <ele>999.9</ele>
    <time>2025-11-16T12:22:30Z</time>
   </trkpt>
   <trkpt lat="4.0694870" lon="-76.1947950">
    <ele>999.9</ele>
    <time>2025-11-16T12:22:31Z</time>
   </trkpt>
   <trkpt lat="4.0694780" lon="-76.1947940">
    <ele>1000.0</ele>
    <time>2025-11-16T12:22:32Z</time>
   </trkpt>
   <trkpt lat="4.0694490" lon="-76.1947970">
    <ele>1000.0</ele>
    <time>2025-11-16T12:22:33Z</time>
   </trkpt>
   <trkpt lat="4.0694370" lon="-76.1947970">
    <ele>1000.0</ele>
    <time>2025-11-16T12:22:34Z</time>
   </trkpt>
   <trkpt lat="4.0694160" lon="-76.1948020">
    <ele>1000.1</ele>
    <time>2025-11-16T12:22:35Z</time>
   </trkpt>
   <trkpt lat="4.0694010" lon="-76.1947990">
    <ele>1000.1</ele>
    <time>2025-11-16T12:22:36Z</time>
   </trkpt>
   <trkpt lat="4.0693720" lon="-76.1948090">
    <ele>1000.2</ele>
    <time>2025-11-16T12:22:37Z</time>
   </trkpt>
   <trkpt lat="4.0693630" lon="-76.1948100">
    <ele>1000.2</ele>
    <time>2025-11-16T12:22:38Z</time>
   </trkpt>
   <trkpt lat="4.0693320" lon="-76.1948180">
    <ele>1000.2</ele>
    <time>2025-11-16T12:22:39Z</time>
   </trkpt>
   <trkpt lat="4.0693210" lon="-76.1948200">
    <ele>1000.3</ele>
    <time>2025-11-16T12:22:40Z</time>
   </trkpt>
   <trkpt lat="4.0693030" lon="-76.1948110">
    <ele>1000.3</ele>
    <time>2025-11-16T12:22:41Z</time>
   </trkpt>
   <trkpt lat="4.0692890" lon="-76.1948060">
    <ele>1000.3</ele>
    <time>2025-11-16T12:22:42Z</time>
   </trkpt>
   <trkpt lat="4.0692660" lon="-76.1947810">
    <ele>1000.4</ele>
    <time>2025-11-16T12:22:43Z</time>
   </trkpt>
   <trkpt lat="4.0692890" lon="-76.1947560">
    <ele>1000.3</ele>
    <time>2025-11-16T12:22:44Z</time>
   </trkpt>
   <trkpt lat="4.0693200" lon="-76.1947440">
    <ele>1000.2</ele>
    <time>2025-11-16T12:22:45Z</time>
   </trkpt>
   <trkpt lat="4.0693320" lon="-76.1947430">
    <ele>1000.2</ele>
    <time>2025-11-16T12:22:46Z</time>
   </trkpt>
   <trkpt lat="4.0693640" lon="-76.1947490">
    <ele>1000.2</ele>
    <time>2025-11-16T12:22:47Z</time>
   </trkpt>
   <trkpt lat="4.0694080" lon="-76.1947460">
    <ele>1000.1</ele>
    <time>2025-11-16T12:22:49Z</time>
   </trkpt>
   <trkpt lat="4.0694350" lon="-76.1947440">
    <ele>1000.0</ele>
    <time>2025-11-16T12:22:50Z</time>
   </trkpt>
   <trkpt lat="4.0694810" lon="-76.1947490">
    <ele>999.9</ele>
    <time>2025-11-16T12:22:52Z</time>
   </trkpt>
   <trkpt lat="4.0695050" lon="-76.1947470">
    <ele>999.9</ele>
    <time>2025-11-16T12:22:53Z</time>
   </trkpt>
   <trkpt lat="4.0695460" lon="-76.1947410">
    <ele>999.8</ele>
    <time>2025-11-16T12:22:55Z</time>
   </trkpt>
   <trkpt lat="4.0695760" lon="-76.1947380">
    <ele>999.8</ele>
    <time>2025-11-16T12:22:56Z</time>
   </trkpt>
   <trkpt lat="4.0696090" lon="-76.1947300">
    <ele>999.7</ele>
    <time>2025-11-16T12:22:57Z</time>
   </trkpt>
   <trkpt lat="4.0696230" lon="-76.1947320">
    <ele>999.7</ele>
    <time>2025-11-16T12:22:58Z</time>
   </trkpt>
   <trkpt lat="4.0696590" lon="-76.1947240">
    <ele>999.7</ele>
    <time>2025-11-16T12:22:59Z</time>
   </trkpt>
   <trkpt lat="4.0696720" lon="-76.1947170">
    <ele>999.6</ele>
    <time>2025-11-16T12:23:00Z</time>
   </trkpt>
   <trkpt lat="4.0696900" lon="-76.1947050">
    <ele>999.6</ele>
    <time>2025-11-16T12:23:01Z</time>
   </trkpt>
   <trkpt lat="4.0697020" lon="-76.1947030">
    <ele>999.6</ele>
    <time>2025-11-16T12:23:02Z</time>
   </trkpt>
   <trkpt lat="4.0697320" lon="-76.1946910">
    <ele>999.5</ele>
    <time>2025-11-16T12:23:03Z</time>
   </trkpt>
   <trkpt lat="4.0697420" lon="-76.1946830">
    <ele>999.5</ele>
    <time>2025-11-16T12:23:04Z</time>
   </trkpt>
   <trkpt lat="4.0697790" lon="-76.1946700">
    <ele>999.4</ele>
    <time>2025-11-16T12:23:05Z</time>
   </trkpt>
   <trkpt lat="4.0697910" lon="-76.1946680">
    <ele>999.4</ele>
    <time>2025-11-16T12:23:06Z</time>
   </trkpt>
   <trkpt lat="4.0698260" lon="-76.1946640">
    <ele>999.3</ele>
    <time>2025-11-16T12:23:07Z</time>
   </trkpt>
   <trkpt lat="4.0698360" lon="-76.1946580">
    <ele>999.3</ele>
    <time>2025-11-16T12:23:08Z</time>
   </trkpt>
   <trkpt lat="4.0698730" lon="-76.1946530">
    <ele>999.3</ele>
    <time>2025-11-16T12:23:09Z</time>
   </trkpt>
   <trkpt lat="4.0698830" lon="-76.1946480">
    <ele>999.2</ele>
    <time>2025-11-16T12:23:10Z</time>
   </trkpt>
   <trkpt lat="4.0699120" lon="-76.1946520">
    <ele>999.2</ele>
    <time>2025-11-16T12:23:11Z</time>
   </trkpt>
   <trkpt lat="4.0699220" lon="-76.1946500">
    <ele>999.2</ele>
    <time>2025-11-16T12:23:12Z</time>
   </trkpt>
   <trkpt lat="4.0699550" lon="-76.1946460">
    <ele>999.1</ele>
    <time>2025-11-16T12:23:13Z</time>
   </trkpt>
   <trkpt lat="4.0699660" lon="-76.1946460">
    <ele>999.1</ele>
    <time>2025-11-16T12:23:14Z</time>
   </trkpt>
   <trkpt lat="4.0699820" lon="-76.1946430">
    <ele>999.1</ele>
    <time>2025-11-16T12:23:15Z</time>
   </trkpt>
   <trkpt lat="4.0699990" lon="-76.1946380">
    <ele>999.0</ele>
    <time>2025-11-16T12:23:16Z</time>
   </trkpt>
   <trkpt lat="4.0700360" lon="-76.1946420">
    <ele>999.0</ele>
    <time>2025-11-16T12:23:17Z</time>
   </trkpt>
   <trkpt lat="4.0700490" lon="-76.1946460">
    <ele>998.9</ele>
    <time>2025-11-16T12:23:18Z</time>
   </trkpt>
   <trkpt lat="4.0700760" lon="-76.1946400">
    <ele>998.9</ele>
    <time>2025-11-16T12:23:19Z</time>
   </trkpt>
   <trkpt lat="4.0700880" lon="-76.1946350">
    <ele>998.9</ele>
    <time>2025-11-16T12:23:20Z</time>
   </trkpt>
   <trkpt lat="4.0701160" lon="-76.1946340">
    <ele>998.8</ele>
    <time>2025-11-16T12:23:21Z</time>
   </trkpt>
   <trkpt lat="4.0701510" lon="-76.1946280">
    <ele>998.8</ele>
    <time>2025-11-16T12:23:22Z</time>
   </trkpt>
   <trkpt lat="4.0701610" lon="-76.1946310">
    <ele>998.7</ele>
    <time>2025-11-16T12:23:23Z</time>
   </trkpt>
   <trkpt lat="4.0701970" lon="-76.1946270">
    <ele>998.7</ele>
    <time>2025-11-16T12:23:24Z</time>
   </trkpt>
   <trkpt lat="4.0702110" lon="-76.1946260">
    <ele>998.6</ele>
    <time>2025-11-16T12:23:25Z</time>
   </trkpt>
   <trkpt lat="4.0702450" lon="-76.1946190">
    <ele>998.6</ele>
    <time>2025-11-16T12:23:26Z</time>
   </trkpt>
   <trkpt lat="4.0702580" lon="-76.1946140">
    <ele>998.5</ele>
    <time>2025-11-16T12:23:27Z</time>
   </trkpt>
   <trkpt lat="4.0702870" lon="-76.1946180">
    <ele>998.5</ele>
    <time>2025-11-16T12:23:28Z</time>
   </trkpt>
   <trkpt lat="4.0703190" lon="-76.1946040">
    <ele>998.4</ele>
    <time>2025-11-16T12:23:29Z</time>
   </trkpt>
   <trkpt lat="4.0703460" lon="-76.1946000">
    <ele>998.4</ele>
    <time>2025-11-16T12:23:30Z</time>
   </trkpt>
   <trkpt lat="4.0703680" lon="-76.1946160">
    <ele>998.3</ele>
    <time>2025-11-16T12:23:31Z</time>
   </trkpt>
   <trkpt lat="4.0704040" lon="-76.1946120">
    <ele>998.3</ele>
    <time>2025-11-16T12:23:32Z</time>
   </trkpt>
   <trkpt lat="4.0704170" lon="-76.1946090">
    <ele>998.2</ele>
    <time>2025-11-16T12:23:33Z</time>
   </trkpt>
   <trkpt lat="4.0704500" lon="-76.1946180">
    <ele>998.2</ele>
    <time>2025-11-16T12:23:34Z</time>
   </trkpt>
   <trkpt lat="4.0704670" lon="-76.1946230">
    <ele>998.2</ele>
    <time>2025-11-16T12:23:35Z</time>
   </trkpt>
   <trkpt lat="4.0704950" lon="-76.1946310">
    <ele>998.1</ele>
    <time>2025-11-16T12:23:36Z</time>
   </trkpt>
   <trkpt lat="4.0705280" lon="-76.1946350">
    <ele>998.1</ele>
    <time>2025-11-16T12:23:37Z</time>
   </trkpt>
   <trkpt lat="4.0705390" lon="-76.1946330">
    <ele>998.1</ele>
    <time>2025-11-16T12:23:38Z</time>
   </trkpt>
   <trkpt lat="4.0705750" lon="-76.1946300">
    <ele>998.0</ele>
    <time>2025-11-16T12:23:39Z</time>
   </trkpt>
   <trkpt lat="4.0705880" lon="-76.1946290">
    <ele>998.0</ele>
    <time>2025-11-16T12:23:40Z</time>
   </trkpt>
   <trkpt lat="4.0706230" lon="-76.1946300">
    <ele>998.0</ele>
    <time>2025-11-16T12:23:41Z</time>
   </trkpt>
   <trkpt lat="4.0706330" lon="-76.1946320">
    <ele>998.0</ele>
    <time>2025-11-16T12:23:42Z</time>
   </trkpt>
   <trkpt lat="4.0706720" lon="-76.1946370">
    <ele>997.9</ele>
    <time>2025-11-16T12:23:43Z</time>
   </trkpt>
   <trkpt lat="4.0706870" lon="-76.1946390">
    <ele>997.9</ele>
    <time>2025-11-16T12:23:44Z</time>
   </trkpt>
   <trkpt lat="4.0707180" lon="-76.1946370">
    <ele>997.8</ele>
    <time>2025-11-16T12:23:45Z</time>
   </trkpt>
   <trkpt lat="4.0707300" lon="-76.1946370">
    <ele>997.8</ele>
    <time>2025-11-16T12:23:46Z</time>
   </trkpt>
   <trkpt lat="4.0707620" lon="-76.1946360">
    <ele>997.8</ele>
    <time>2025-11-16T12:23:47Z</time>
   </trkpt>
   <trkpt lat="4.0707740" lon="-76.1946390">
    <ele>997.8</ele>
    <time>2025-11-16T12:23:48Z</time>
   </trkpt>
   <trkpt lat="4.0707890" lon="-76.1946410">
    <ele>997.7</ele>
    <time>2025-11-16T12:23:49Z</time>
   </trkpt>
   <trkpt lat="4.0708030" lon="-76.1946390">
    <ele>997.7</ele>
    <time>2025-11-16T12:23:50Z</time>
   </trkpt>
   <trkpt lat="4.0708350" lon="-76.1946340">
    <ele>997.7</ele>
    <time>2025-11-16T12:23:51Z</time>
   </trkpt>
   <trkpt lat="4.0708440" lon="-76.1946340">
    <ele>997.6</ele>
    <time>2025-11-16T12:23:52Z</time>
   </trkpt>
   <trkpt lat="4.0708610" lon="-76.1946330">
    <ele>997.6</ele>
    <time>2025-11-16T12:23:53Z</time>
   </trkpt>
   <trkpt lat="4.0708750" lon="-76.1946320">
    <ele>997.6</ele>
    <time>2025-11-16T12:23:54Z</time>
   </trkpt>
   <trkpt lat="4.0708970" lon="-76.1946310">
    <ele>997.6</ele>
    <time>2025-11-16T12:23:55Z</time>
   </trkpt>
   <trkpt lat="4.0709110" lon="-76.1946310">
    <ele>997.6</ele>
    <time>2025-11-16T12:23:56Z</time>
   </trkpt>
   <trkpt lat="4.0709380" lon="-76.1946380">
    <ele>997.5</ele>
    <time>2025-11-16T12:23:57Z</time>
   </trkpt>
   <trkpt lat="4.0709710" lon="-76.1946330">
    <ele>997.5</ele>
    <time>2025-11-16T12:23:58Z</time>
   </trkpt>
   <trkpt lat="4.0709820" lon="-76.1946260">
    <ele>997.5</ele>
    <time>2025-11-16T12:23:59Z</time>
   </trkpt>
   <trkpt lat="4.0710180" lon="-76.1946240">
    <ele>997.4</ele>
    <time>2025-11-16T12:24:00Z</time>
   </trkpt>
   <trkpt lat="4.0710260" lon="-76.1946250">
    <ele>997.4</ele>
    <time>2025-11-16T12:24:01Z</time>
   </trkpt>
   <trkpt lat="4.0710550" lon="-76.1946190">
    <ele>997.4</ele>
    <time>2025-11-16T12:24:02Z</time>
   </trkpt>
   <trkpt lat="4.0710930" lon="-76.1946100">
    <ele>997.3</ele>
    <time>2025-11-16T12:24:03Z</time>
   </trkpt>
   <trkpt lat="4.0711120" lon="-76.1946090">
    <ele>997.3</ele>
    <time>2025-11-16T12:24:04Z</time>
   </trkpt>
   <trkpt lat="4.0711600" lon="-76.1946040">
    <ele>997.3</ele>
    <time>2025-11-16T12:24:05Z</time>
   </trkpt>
   <trkpt lat="4.0711830" lon="-76.1946110">
    <ele>997.2</ele>
    <time>2025-11-16T12:24:06Z</time>
   </trkpt>
   <trkpt lat="4.0712070" lon="-76.1946060">
    <ele>997.2</ele>
    <time>2025-11-16T12:24:07Z</time>
   </trkpt>
   <trkpt lat="4.0712200" lon="-76.1946050">
    <ele>997.2</ele>
    <time>2025-11-16T12:24:08Z</time>
   </trkpt>
   <trkpt lat="4.0712370" lon="-76.1946080">
    <ele>997.2</ele>
    <time>2025-11-16T12:24:09Z</time>
   </trkpt>
   <trkpt lat="4.0712480" lon="-76.1946000">
    <ele>997.1</ele>
    <time>2025-11-16T12:24:10Z</time>
   </trkpt>
   <trkpt lat="4.0712750" lon="-76.1946040">
    <ele>997.1</ele>
    <time>2025-11-16T12:24:11Z</time>
   </trkpt>
   <trkpt lat="4.0713160" lon="-76.1945870">
    <ele>997.0</ele>
    <time>2025-11-16T12:24:12Z</time>
   </trkpt>
   <trkpt lat="4.0713370" lon="-76.1945630">
    <ele>997.0</ele>
    <time>2025-11-16T12:24:13Z</time>
   </trkpt>
   <trkpt lat="4.0713660" lon="-76.1945710">
    <ele>996.9</ele>
    <time>2025-11-16T12:24:14Z</time>
   </trkpt>
   <trkpt lat="4.0713980" lon="-76.1945650">
    <ele>996.9</ele>
    <time>2025-11-16T12:24:15Z</time>
   </trkpt>
   <trkpt lat="4.0714250" lon="-76.1945730">
    <ele>996.9</ele>
    <time>2025-11-16T12:24:16Z</time>
   </trkpt>
   <trkpt lat="4.0714570" lon="-76.1945700">
    <ele>996.8</ele>
    <time>2025-11-16T12:24:17Z</time>
   </trkpt>
   <trkpt lat="4.0714850" lon="-76.1945630">
    <ele>996.8</ele>
    <time>2025-11-16T12:24:18Z</time>
   </trkpt>
   <trkpt lat="4.0714940" lon="-76.1945580">
    <ele>996.7</ele>
    <time>2025-11-16T12:24:19Z</time>
   </trkpt>
   <trkpt lat="4.0715200" lon="-76.1945480">
    <ele>996.7</ele>
    <time>2025-11-16T12:24:20Z</time>
   </trkpt>
   <trkpt lat="4.0715610" lon="-76.1945520">
    <ele>996.6</ele>
    <time>2025-11-16T12:24:21Z</time>
   </trkpt>
   <trkpt lat="4.0715920" lon="-76.1945520">
    <ele>996.6</ele>
    <time>2025-11-16T12:24:22Z</time>
   </trkpt>
   <trkpt lat="4.0716250" lon="-76.1945530">
    <ele>996.6</ele>
    <time>2025-11-16T12:24:23Z</time>
   </trkpt>
   <trkpt lat="4.0716520" lon="-76.1945670">
    <ele>996.5</ele>
    <time>2025-11-16T12:24:24Z</time>
   </trkpt>
   <trkpt lat="4.0716640" lon="-76.1945680">
    <ele>996.5</ele>
    <time>2025-11-16T12:24:25Z</time>
   </trkpt>
   <trkpt lat="4.0717000" lon="-76.1945650">
    <ele>996.4</ele>
    <time>2025-11-16T12:24:26Z</time>
   </trkpt>
   <trkpt lat="4.0717110" lon="-76.1945650">
    <ele>996.4</ele>
    <time>2025-11-16T12:24:27Z</time>
   </trkpt>
   <trkpt lat="4.0717370" lon="-76.1945540">
    <ele>996.4</ele>
    <time>2025-11-16T12:24:28Z</time>
   </trkpt>
   <trkpt lat="4.0717710" lon="-76.1945490">
    <ele>996.3</ele>
    <time>2025-11-16T12:24:29Z</time>
   </trkpt>
   <trkpt lat="4.0718060" lon="-76.1945600">
    <ele>996.3</ele>
    <time>2025-11-16T12:24:30Z</time>
   </trkpt>
   <trkpt lat="4.0718230" lon="-76.1945660">
    <ele>996.3</ele>
    <time>2025-11-16T12:24:31Z</time>
   </trkpt>
   <trkpt lat="4.0718580" lon="-76.1945820">
    <ele>996.2</ele>
    <time>2025-11-16T12:24:32Z</time>
   </trkpt>
   <trkpt lat="4.0718720" lon="-76.1945830">
    <ele>996.2</ele>
    <time>2025-11-16T12:24:33Z</time>
   </trkpt>
   <trkpt lat="4.0719090" lon="-76.1945880">
    <ele>996.2</ele>
    <time>2025-11-16T12:24:34Z</time>
   </trkpt>
   <trkpt lat="4.0719210" lon="-76.1945880">
    <ele>996.1</ele>
    <time>2025-11-16T12:24:35Z</time>
   </trkpt>
   <trkpt lat="4.0719460" lon="-76.1946020">
    <ele>996.1</ele>
    <time>2025-11-16T12:24:36Z</time>
   </trkpt>
   <trkpt lat="4.0719840" lon="-76.1946000">
    <ele>996.1</ele>
    <time>2025-11-16T12:24:37Z</time>
   </trkpt>
   <trkpt lat="4.0719970" lon="-76.1945990">
    <ele>996.1</ele>
    <time>2025-11-16T12:24:38Z</time>
   </trkpt>
   <trkpt lat="4.0720390" lon="-76.1945950">
    <ele>996.0</ele>
    <time>2025-11-16T12:24:39Z</time>
   </trkpt>
   <trkpt lat="4.0720550" lon="-76.1945960">
    <ele>996.0</ele>
    <time>2025-11-16T12:24:40Z</time>
   </trkpt>
   <trkpt lat="4.0720880" lon="-76.1946010">
    <ele>996.0</ele>
    <time>2025-11-16T12:24:41Z</time>
   </trkpt>
   <trkpt lat="4.0720960" lon="-76.1946040">
    <ele>996.0</ele>
    <time>2025-11-16T12:24:42Z</time>
   </trkpt>
   <trkpt lat="4.0721260" lon="-76.1946130">
    <ele>995.9</ele>
    <time>2025-11-16T12:24:43Z</time>
   </trkpt>
   <trkpt lat="4.0721580" lon="-76.1946030">
    <ele>995.9</ele>
    <time>2025-11-16T12:24:44Z</time>
   </trkpt>
   <trkpt lat="4.0721950" lon="-76.1946120">
    <ele>995.9</ele>
    <time>2025-11-16T12:24:45Z</time>
   </trkpt>
   <trkpt lat="4.0722060" lon="-76.1946150">
    <ele>995.9</ele>
    <time>2025-11-16T12:24:46Z</time>
   </trkpt>
   <trkpt lat="4.0722350" lon="-76.1946120">
    <ele>995.8</ele>
    <time>2025-11-16T12:24:47Z</time>
   </trkpt>
   <trkpt lat="4.0722620" lon="-76.1946290">
    <ele>995.8</ele>
    <time>2025-11-16T12:24:48Z</time>
   </trkpt>
   <trkpt lat="4.0722880" lon="-76.1946370">
    <ele>995.8</ele>
    <time>2025-11-16T12:24:49Z</time>
   </trkpt>
   <trkpt lat="4.0723210" lon="-76.1946520">
    <ele>995.7</ele>
    <time>2025-11-16T12:24:50Z</time>
   </trkpt>
   <trkpt lat="4.0723320" lon="-76.1946540">
    <ele>995.7</ele>
    <time>2025-11-16T12:24:51Z</time>
   </trkpt>
   <trkpt lat="4.0723580" lon="-76.1946630">
    <ele>995.7</ele>
    <time>2025-11-16T12:24:52Z</time>
   </trkpt>
   <trkpt lat="4.0723890" lon="-76.1946770">
    <ele>995.7</ele>
    <time>2025-11-16T12:24:53Z</time>
   </trkpt>
   <trkpt lat="4.0724280" lon="-76.1946870">
    <ele>995.6</ele>
    <time>2025-11-16T12:24:54Z</time>
   </trkpt>
   <trkpt lat="4.0724420" lon="-76.1946930">
    <ele>995.6</ele>
    <time>2025-11-16T12:24:55Z</time>
   </trkpt>
   <trkpt lat="4.0724770" lon="-76.1947040">
    <ele>995.6</ele>
    <time>2025-11-16T12:24:56Z</time>
   </trkpt>
   <trkpt lat="4.0724900" lon="-76.1947060">
    <ele>995.6</ele>
    <time>2025-11-16T12:24:57Z</time>
   </trkpt>
   <trkpt lat="4.0725240" lon="-76.1947070">
    <ele>995.5</ele>
    <time>2025-11-16T12:24:58Z</time>
   </trkpt>
   <trkpt lat="4.0725360" lon="-76.1947100">
    <ele>995.5</ele>
    <time>2025-11-16T12:24:59Z</time>
   </trkpt>
   <trkpt lat="4.0725710" lon="-76.1947150">
    <ele>995.5</ele>
    <time>2025-11-16T12:25:00Z</time>
   </trkpt>
   <trkpt lat="4.0725830" lon="-76.1947180">
    <ele>995.5</ele>
    <time>2025-11-16T12:25:01Z</time>
   </trkpt>
   <trkpt lat="4.0726180" lon="-76.1947230">
    <ele>995.4</ele>
    <time>2025-11-16T12:25:02Z</time>
   </trkpt>
   <trkpt lat="4.0726290" lon="-76.1947270">
    <ele>995.4</ele>
    <time>2025-11-16T12:25:03Z</time>
   </trkpt>
   <trkpt lat="4.0726610" lon="-76.1947300">
    <ele>995.4</ele>
    <time>2025-11-16T12:25:04Z</time>
   </trkpt>
   <trkpt lat="4.0726740" lon="-76.1947300">
    <ele>995.4</ele>
    <time>2025-11-16T12:25:05Z</time>
   </trkpt>
   <trkpt lat="4.0727080" lon="-76.1947340">
    <ele>995.3</ele>
    <time>2025-11-16T12:25:06Z</time>
   </trkpt>
   <trkpt lat="4.0727210" lon="-76.1947360">
    <ele>995.3</ele>
    <time>2025-11-16T12:25:07Z</time>
   </trkpt>
   <trkpt lat="4.0727560" lon="-76.1947420">
    <ele>995.3</ele>
    <time>2025-11-16T12:25:08Z</time>
   </trkpt>
   <trkpt lat="4.0727650" lon="-76.1947460">
    <ele>995.3</ele>
    <time>2025-11-16T12:25:09Z</time>
   </trkpt>
   <trkpt lat="4.0728000" lon="-76.1947500">
    <ele>995.3</ele>
    <time>2025-11-16T12:25:10Z</time>
   </trkpt>
   <trkpt lat="4.0728110" lon="-76.1947550">
    <ele>995.2</ele>
    <time>2025-11-16T12:25:11Z</time>
   </trkpt>
   <trkpt lat="4.0728410" lon="-76.1947640">
    <ele>995.2</ele>
    <time>2025-11-16T12:25:12Z</time>
   </trkpt>
   <trkpt lat="4.0728490" lon="-76.1947680">
    <ele>995.2</ele>
    <time>2025-11-16T12:25:13Z</time>
   </trkpt>
   <trkpt lat="4.0728840" lon="-76.1947800">
    <ele>995.2</ele>
    <time>2025-11-16T12:25:14Z</time>
   </trkpt>
   <trkpt lat="4.0728970" lon="-76.1947850">
    <ele>995.2</ele>
    <time>2025-11-16T12:25:15Z</time>
   </trkpt>
   <trkpt lat="4.0729270" lon="-76.1948000">
    <ele>995.1</ele>
    <time>2025-11-16T12:25:16Z</time>
   </trkpt>
   <trkpt lat="4.0729370" lon="-76.1948070">
    <ele>995.1</ele>
    <time>2025-11-16T12:25:17Z</time>
   </trkpt>
   <trkpt lat="4.0729720" lon="-76.1948160">
    <ele>995.1</ele>
    <time>2025-11-16T12:25:18Z</time>
   </trkpt>
   <trkpt lat="4.0729830" lon="-76.1948190">
    <ele>995.1</ele>
    <time>2025-11-16T12:25:19Z</time>
   </trkpt>
   <trkpt lat="4.0730170" lon="-76.1948270">
    <ele>995.0</ele>
    <time>2025-11-16T12:25:20Z</time>
   </trkpt>
   <trkpt lat="4.0730270" lon="-76.1948290">
    <ele>995.0</ele>
    <time>2025-11-16T12:25:21Z</time>
   </trkpt>
   <trkpt lat="4.0730600" lon="-76.1948420">
    <ele>995.0</ele>
    <time>2025-11-16T12:25:22Z</time>
   </trkpt>
   <trkpt lat="4.0730710" lon="-76.1948460">
    <ele>995.0</ele>
    <time>2025-11-16T12:25:23Z</time>
   </trkpt>
   <trkpt lat="4.0731040" lon="-76.1948510">
    <ele>994.9</ele>
    <time>2025-11-16T12:25:24Z</time>
   </trkpt>
   <trkpt lat="4.0731140" lon="-76.1948490">
    <ele>994.9</ele>
    <time>2025-11-16T12:25:25Z</time>
   </trkpt>
   <trkpt lat="4.0731480" lon="-76.1948510">
    <ele>994.9</ele>
    <time>2025-11-16T12:25:26Z</time>
   </trkpt>
   <trkpt lat="4.0731600" lon="-76.1948530">
    <ele>994.9</ele>
    <time>2025-11-16T12:25:27Z</time>
   </trkpt>
   <trkpt lat="4.0731860" lon="-76.1948600">
    <ele>994.8</ele>
    <time>2025-11-16T12:25:28Z</time>
   </trkpt>
   <trkpt lat="4.0732130" lon="-76.1948650">
    <ele>994.8</ele>
    <time>2025-11-16T12:25:29Z</time>
   </trkpt>
   <trkpt lat="4.0732420" lon="-76.1948690">
    <ele>994.8</ele>
    <time>2025-11-16T12:25:30Z</time>
   </trkpt>
   <trkpt lat="4.0732530" lon="-76.1948720">
    <ele>994.8</ele>
    <time>2025-11-16T12:25:31Z</time>
   </trkpt>
   <trkpt lat="4.0732890" lon="-76.1948840">
    <ele>994.7</ele>
    <time>2025-11-16T12:25:32Z</time>
   </trkpt>
   <trkpt lat="4.0732990" lon="-76.1948880">
    <ele>994.7</ele>
    <time>2025-11-16T12:25:33Z</time>
   </trkpt>
   <trkpt lat="4.0733310" lon="-76.1948890">
    <ele>994.7</ele>
    <time>2025-11-16T12:25:34Z</time>
   </trkpt>
   <trkpt lat="4.0733390" lon="-76.1948920">
    <ele>994.7</ele>
    <time>2025-11-16T12:25:35Z</time>
   </trkpt>
   <trkpt lat="4.0733770" lon="-76.1948960">
    <ele>994.6</ele>
    <time>2025-11-16T12:25:36Z</time>
   </trkpt>
   <trkpt lat="4.0733880" lon="-76.1948980">
    <ele>994.6</ele>
    <time>2025-11-16T12:25:37Z</time>
   </trkpt>
   <trkpt lat="4.0734180" lon="-76.1949050">
    <ele>994.6</ele>
    <time>2025-11-16T12:25:38Z</time>
   </trkpt>
   <trkpt lat="4.0734280" lon="-76.1949080">
    <ele>994.5</ele>
    <time>2025-11-16T12:25:39Z</time>
   </trkpt>
   <trkpt lat="4.0734650" lon="-76.1949200">
    <ele>994.5</ele>
    <time>2025-11-16T12:25:40Z</time>
   </trkpt>
   <trkpt lat="4.0734800" lon="-76.1949230">
    <ele>994.5</ele>
    <time>2025-11-16T12:25:41Z</time>
   </trkpt>
   <trkpt lat="4.0735130" lon="-76.1949310">
    <ele>994.4</ele>
    <time>2025-11-16T12:25:42Z</time>
   </trkpt>
   <trkpt lat="4.0735210" lon="-76.1949360">
    <ele>994.4</ele>
    <time>2025-11-16T12:25:43Z</time>
   </trkpt>
   <trkpt lat="4.0735620" lon="-76.1949400">
    <ele>994.4</ele>
    <time>2025-11-16T12:25:44Z</time>
   </trkpt>
   <trkpt lat="4.0735760" lon="-76.1949450">
    <ele>994.3</ele>
    <time>2025-11-16T12:25:45Z</time>
   </trkpt>
   <trkpt lat="4.0736060" lon="-76.1949540">
    <ele>994.3</ele>
    <time>2025-11-16T12:25:46Z</time>
   </trkpt>
   <trkpt lat="4.0736180" lon="-76.1949560">
    <ele>994.3</ele>
    <time>2025-11-16T12:25:47Z</time>
   </trkpt>
   <trkpt lat="4.0736520" lon="-76.1949630">
    <ele>994.2</ele>
    <time>2025-11-16T12:25:48Z</time>
   </trkpt>
   <trkpt lat="4.0736630" lon="-76.1949650">
    <ele>994.2</ele>
    <time>2025-11-16T12:25:49Z</time>
   </trkpt>
   <trkpt lat="4.0736930" lon="-76.1949670">
    <ele>994.1</ele>
    <time>2025-11-16T12:25:50Z</time>
   </trkpt>
   <trkpt lat="4.0737040" lon="-76.1949670">
    <ele>994.1</ele>
    <time>2025-11-16T12:25:51Z</time>
   </trkpt>
   <trkpt lat="4.0737260" lon="-76.1949830">
    <ele>994.1</ele>
    <time>2025-11-16T12:25:52Z</time>
   </trkpt>
   <trkpt lat="4.0737580" lon="-76.1949940">
    <ele>994.0</ele>
    <time>2025-11-16T12:25:53Z</time>
   </trkpt>
   <trkpt lat="4.0737680" lon="-76.1949940">
    <ele>994.0</ele>
    <time>2025-11-16T12:25:54Z</time>
   </trkpt>
   <trkpt lat="4.0737860" lon="-76.1950160">
    <ele>994.0</ele>
    <time>2025-11-16T12:25:55Z</time>
   </trkpt>
   <trkpt lat="4.0738170" lon="-76.1950230">
    <ele>993.9</ele>
    <time>2025-11-16T12:25:56Z</time>
   </trkpt>
   <trkpt lat="4.0738260" lon="-76.1950240">
    <ele>993.9</ele>
    <time>2025-11-16T12:25:57Z</time>
   </trkpt>
   <trkpt lat="4.0738520" lon="-76.1950400">
    <ele>993.9</ele>
    <time>2025-11-16T12:25:58Z</time>
   </trkpt>
   <trkpt lat="4.0738620" lon="-76.1950440">
    <ele>993.9</ele>
    <time>2025-11-16T12:25:59Z</time>
   </trkpt>
   <trkpt lat="4.0738980" lon="-76.1950470">
    <ele>993.8</ele>
    <time>2025-11-16T12:26:00Z</time>
   </trkpt>
   <trkpt lat="4.0739090" lon="-76.1950470">
    <ele>993.8</ele>
    <time>2025-11-16T12:26:01Z</time>
   </trkpt>
   <trkpt lat="4.0739350" lon="-76.1950450">
    <ele>993.7</ele>
    <time>2025-11-16T12:26:02Z</time>
   </trkpt>
   <trkpt lat="4.0739470" lon="-76.1950420">
    <ele>993.7</ele>
    <time>2025-11-16T12:26:03Z</time>
   </trkpt>
   <trkpt lat="4.0739820" lon="-76.1950530">
    <ele>993.7</ele>
    <time>2025-11-16T12:26:04Z</time>
   </trkpt>
   <trkpt lat="4.0739950" lon="-76.1950550">
    <ele>993.6</ele>
    <time>2025-11-16T12:26:05Z</time>
   </trkpt>
   <trkpt lat="4.0740270" lon="-76.1950550">
    <ele>993.6</ele>
    <time>2025-11-16T12:26:06Z</time>
   </trkpt>
   <trkpt lat="4.0740360" lon="-76.1950590">
    <ele>993.6</ele>
    <time>2025-11-16T12:26:07Z</time>
   </trkpt>
   <trkpt lat="4.0740640" lon="-76.1950580">
    <ele>993.5</ele>
    <time>2025-11-16T12:26:08Z</time>
   </trkpt>
   <trkpt lat="4.0740960" lon="-76.1950620">
    <ele>993.5</ele>
    <time>2025-11-16T12:26:09Z</time>
   </trkpt>
   <trkpt lat="4.0741090" lon="-76.1950650">
    <ele>993.4</ele>
    <time>2025-11-16T12:26:10Z</time>
   </trkpt>
   <trkpt lat="4.0741460" lon="-76.1950660">
    <ele>993.4</ele>
    <time>2025-11-16T12:26:11Z</time>
   </trkpt>
   <trkpt lat="4.0741560" lon="-76.1950670">
    <ele>993.4</ele>
    <time>2025-11-16T12:26:12Z</time>
   </trkpt>
   <trkpt lat="4.0741850" lon="-76.1950680">
    <ele>993.3</ele>
    <time>2025-11-16T12:26:13Z</time>
   </trkpt>
   <trkpt lat="4.0741960" lon="-76.1950670">
    <ele>993.3</ele>
    <time>2025-11-16T12:26:14Z</time>
   </trkpt>
   <trkpt lat="4.0742330" lon="-76.1950750">
    <ele>993.2</ele>
    <time>2025-11-16T12:26:15Z</time>
   </trkpt>
   <trkpt lat="4.0742440" lon="-76.1950790">
    <ele>993.2</ele>
    <time>2025-11-16T12:26:16Z</time>
   </trkpt>
   <trkpt lat="4.0742780" lon="-76.1950720">
    <ele>993.2</ele>
    <time>2025-11-16T12:26:17Z</time>
   </trkpt>
   <trkpt lat="4.0742900" lon="-76.1950740">
    <ele>993.1</ele>
    <time>2025-11-16T12:26:18Z</time>
   </trkpt>
   <trkpt lat="4.0743250" lon="-76.1950780">
    <ele>993.1</ele>
    <time>2025-11-16T12:26:19Z</time>
   </trkpt>
   <trkpt lat="4.0743370" lon="-76.1950800">
    <ele>993.1</ele>
    <time>2025-11-16T12:26:20Z</time>
   </trkpt>
   <trkpt lat="4.0743720" lon="-76.1950750">
    <ele>993.0</ele>
    <time>2025-11-16T12:26:21Z</time>
   </trkpt>
   <trkpt lat="4.0743840" lon="-76.1950750">
    <ele>993.0</ele>
    <time>2025-11-16T12:26:22Z</time>
   </trkpt>
   <trkpt lat="4.0744180" lon="-76.1950780">
    <ele>992.9</ele>
    <time>2025-11-16T12:26:23Z</time>
   </trkpt>
   <trkpt lat="4.0744310" lon="-76.1950810">
    <ele>992.9</ele>
    <time>2025-11-16T12:26:24Z</time>
   </trkpt>
   <trkpt lat="4.0744580" lon="-76.1950840">
    <ele>992.9</ele>
    <time>2025-11-16T12:26:25Z</time>
   </trkpt>
   <trkpt lat="4.0744670" lon="-76.1950870">
    <ele>992.9</ele>
    <time>2025-11-16T12:26:26Z</time>
   </trkpt>
   <trkpt lat="4.0745000" lon="-76.1950830">
    <ele>992.8</ele>
    <time>2025-11-16T12:26:27Z</time>
   </trkpt>
   <trkpt lat="4.0745110" lon="-76.1950810">
    <ele>992.8</ele>
    <time>2025-11-16T12:26:28Z</time>
   </trkpt>
   <trkpt lat="4.0745460" lon="-76.1950790">
    <ele>992.8</ele>
    <time>2025-11-16T12:26:29Z</time>
   </trkpt>
   <trkpt lat="4.0745560" lon="-76.1950750">
    <ele>992.7</ele>
    <time>2025-11-16T12:26:30Z</time>
   </trkpt>
   <trkpt lat="4.0745860" lon="-76.1950760">
    <ele>992.7</ele>
    <time>2025-11-16T12:26:31Z</time>
   </trkpt>
   <trkpt lat="4.0745980" lon="-76.1950770">
    <ele>992.7</ele>
    <time>2025-11-16T12:26:32Z</time>
   </trkpt>
   <trkpt lat="4.0746250" lon="-76.1950800">
    <ele>992.6</ele>
    <time>2025-11-16T12:26:33Z</time>
   </trkpt>
   <trkpt lat="4.0746570" lon="-76.1950840">
    <ele>992.6</ele>
    <time>2025-11-16T12:26:34Z</time>
   </trkpt>
   <trkpt lat="4.0746680" lon="-76.1950850">
    <ele>992.6</ele>
    <time>2025-11-16T12:26:35Z</time>
   </trkpt>
   <trkpt lat="4.0746970" lon="-76.1950810">
    <ele>992.5</ele>
    <time>2025-11-16T12:26:36Z</time>
   </trkpt>
   <trkpt lat="4.0747070" lon="-76.1950790">
    <ele>992.5</ele>
    <time>2025-11-16T12:26:37Z</time>
   </trkpt>
   <trkpt lat="4.0747390" lon="-76.1950730">
    <ele>992.5</ele>
    <time>2025-11-16T12:26:38Z</time>
   </trkpt>
   <trkpt lat="4.0747480" lon="-76.1950710">
    <ele>992.5</ele>
    <time>2025-11-16T12:26:39Z</time>
   </trkpt>
   <trkpt lat="4.0747860" lon="-76.1950740">
    <ele>992.4</ele>
    <time>2025-11-16T12:26:40Z</time>
   </trkpt>
   <trkpt lat="4.0747970" lon="-76.1950740">
    <ele>992.4</ele>
    <time>2025-11-16T12:26:41Z</time>
   </trkpt>
   <trkpt lat="4.0748250" lon="-76.1950680">
    <ele>992.4</ele>
    <time>2025-11-16T12:26:42Z</time>
   </trkpt>
   <trkpt lat="4.0748360" lon="-76.1950700">
    <ele>992.4</ele>
    <time>2025-11-16T12:26:43Z</time>
   </trkpt>
   <trkpt lat="4.0748700" lon="-76.1950790">
    <ele>992.4</ele>
    <time>2025-11-16T12:26:44Z</time>
   </trkpt>
   <trkpt lat="4.0748790" lon="-76.1950850">
    <ele>992.4</ele>
    <time>2025-11-16T12:26:45Z</time>
   </trkpt>
   <trkpt lat="4.0749110" lon="-76.1950910">
    <ele>992.3</ele>
    <time>2025-11-16T12:26:46Z</time>
   </trkpt>
   <trkpt lat="4.0749200" lon="-76.1950940">
    <ele>992.3</ele>
    <time>2025-11-16T12:26:47Z</time>
   </trkpt>
   <trkpt lat="4.0749370" lon="-76.1951000">
    <ele>992.3</ele>
    <time>2025-11-16T12:26:48Z</time>
   </trkpt>
   <trkpt lat="4.0749530" lon="-76.1951040">
    <ele>992.3</ele>
    <time>2025-11-16T12:26:49Z</time>
   </trkpt>
   <trkpt lat="4.0749870" lon="-76.1951040">
    <ele>992.2</ele>
    <time>2025-11-16T12:26:50Z</time>
   </trkpt>
   <trkpt lat="4.0749980" lon="-76.1951040">
    <ele>992.2</ele>
    <time>2025-11-16T12:26:51Z</time>
   </trkpt>
   <trkpt lat="4.0750310" lon="-76.1951060">
    <ele>992.2</ele>
    <time>2025-11-16T12:26:52Z</time>
   </trkpt>
   <trkpt lat="4.0750610" lon="-76.1951100">
    <ele>992.2</ele>
    <time>2025-11-16T12:26:53Z</time>
   </trkpt>
   <trkpt lat="4.0750700" lon="-76.1951110">
    <ele>992.2</ele>
    <time>2025-11-16T12:26:54Z</time>
   </trkpt>
   <trkpt lat="4.0751010" lon="-76.1951120">
    <ele>992.1</ele>
    <time>2025-11-16T12:26:55Z</time>
   </trkpt>
   <trkpt lat="4.0751140" lon="-76.1951160">
    <ele>992.1</ele>
    <time>2025-11-16T12:26:56Z</time>
   </trkpt>
   <trkpt lat="4.0751450" lon="-76.1951200">
    <ele>992.1</ele>
    <time>2025-11-16T12:26:57Z</time>
   </trkpt>
   <trkpt lat="4.0751570" lon="-76.1951260">
    <ele>992.1</ele>
    <time>2025-11-16T12:26:58Z</time>
   </trkpt>
   <trkpt lat="4.0751890" lon="-76.1951270">
    <ele>992.1</ele>
    <time>2025-11-16T12:26:59Z</time>
   </trkpt>
   <trkpt lat="4.0751970" lon="-76.1951240">
    <ele>992.1</ele>
    <time>2025-11-16T12:27:00Z</time>
   </trkpt>
   <trkpt lat="4.0752290" lon="-76.1951250">
    <ele>992.1</ele>
    <time>2025-11-16T12:27:01Z</time>
   </trkpt>
   <trkpt lat="4.0752600" lon="-76.1951230">
    <ele>992.1</ele>
    <time>2025-11-16T12:27:02Z</time>
   </trkpt>
   <trkpt lat="4.0752760" lon="-76.1951210">
    <ele>992.1</ele>
    <time>2025-11-16T12:27:03Z</time>
   </trkpt>
   <trkpt lat="4.0752920" lon="-76.1951130">
    <ele>992.1</ele>
    <time>2025-11-16T12:27:04Z</time>
   </trkpt>
   <trkpt lat="4.0753270" lon="-76.1951030">
    <ele>992.1</ele>
    <time>2025-11-16T12:27:05Z</time>
   </trkpt>
   <trkpt lat="4.0753380" lon="-76.1950950">
    <ele>992.1</ele>
    <time>2025-11-16T12:27:06Z</time>
   </trkpt>
   <trkpt lat="4.0753740" lon="-76.1950980">
    <ele>992.1</ele>
    <time>2025-11-16T12:27:07Z</time>
   </trkpt>
   <trkpt lat="4.0753850" lon="-76.1951010">
    <ele>992.1</ele>
    <time>2025-11-16T12:27:08Z</time>
   </trkpt>
   <trkpt lat="4.0754190" lon="-76.1950970">
    <ele>992.1</ele>
    <time>2025-11-16T12:27:09Z</time>
   </trkpt>
   <trkpt lat="4.0754300" lon="-76.1950920">
    <ele>992.1</ele>
    <time>2025-11-16T12:27:10Z</time>
   </trkpt>
   <trkpt lat="4.0754660" lon="-76.1950940">
    <ele>992.1</ele>
    <time>2025-11-16T12:27:11Z</time>
   </trkpt>
   <trkpt lat="4.0754750" lon="-76.1950970">
    <ele>992.1</ele>
    <time>2025-11-16T12:27:12Z</time>
   </trkpt>
   <trkpt lat="4.0755090" lon="-76.1950900">
    <ele>992.1</ele>
    <time>2025-11-16T12:27:13Z</time>
   </trkpt>
   <trkpt lat="4.0755200" lon="-76.1950890">
    <ele>992.1</ele>
    <time>2025-11-16T12:27:14Z</time>
   </trkpt>
   <trkpt lat="4.0755580" lon="-76.1950970">
    <ele>992.0</ele>
    <time>2025-11-16T12:27:15Z</time>
   </trkpt>
   <trkpt lat="4.0755700" lon="-76.1951000">
    <ele>992.0</ele>
    <time>2025-11-16T12:27:16Z</time>
   </trkpt>
   <trkpt lat="4.0756060" lon="-76.1950990">
    <ele>992.0</ele>
    <time>2025-11-16T12:27:17Z</time>
   </trkpt>
   <trkpt lat="4.0756170" lon="-76.1950980">
    <ele>992.0</ele>
    <time>2025-11-16T12:27:18Z</time>
   </trkpt>
   <trkpt lat="4.0756460" lon="-76.1951160">
    <ele>992.0</ele>
    <time>2025-11-16T12:27:19Z</time>
   </trkpt>
   <trkpt lat="4.0756810" lon="-76.1951210">
    <ele>992.0</ele>
    <time>2025-11-16T12:27:20Z</time>
   </trkpt>
   <trkpt lat="4.0756940" lon="-76.1951210">
    <ele>992.0</ele>
    <time>2025-11-16T12:27:21Z</time>
   </trkpt>
   <trkpt lat="4.0757310" lon="-76.1951140">
    <ele>992.0</ele>
    <time>2025-11-16T12:27:22Z</time>
   </trkpt>
   <trkpt lat="4.0757450" lon="-76.1951160">
    <ele>992.0</ele>
    <time>2025-11-16T12:27:23Z</time>
   </trkpt>
   <trkpt lat="4.0757790" lon="-76.1951090">
    <ele>991.9</ele>
    <time>2025-11-16T12:27:24Z</time>
   </trkpt>
   <trkpt lat="4.0757910" lon="-76.1951060">
    <ele>991.9</ele>
    <time>2025-11-16T12:27:25Z</time>
   </trkpt>
   <trkpt lat="4.0758160" lon="-76.1950920">
    <ele>991.9</ele>
    <time>2025-11-16T12:27:26Z</time>
   </trkpt>
   <trkpt lat="4.0758420" lon="-76.1951010">
    <ele>991.9</ele>
    <time>2025-11-16T12:27:27Z</time>
   </trkpt>
   <trkpt lat="4.0758740" lon="-76.1951010">
    <ele>991.9</ele>
    <time>2025-11-16T12:27:28Z</time>
   </trkpt>
   <trkpt lat="4.0758870" lon="-76.1951000">
    <ele>991.9</ele>
    <time>2025-11-16T12:27:29Z</time>
   </trkpt>
   <trkpt lat="4.0759260" lon="-76.1950960">
    <ele>991.9</ele>
    <time>2025-11-16T12:27:30Z</time>
   </trkpt>
   <trkpt lat="4.0759400" lon="-76.1950960">
    <ele>991.9</ele>
    <time>2025-11-16T12:27:31Z</time>
   </trkpt>
   <trkpt lat="4.0759750" lon="-76.1951080">
    <ele>991.9</ele>
    <time>2025-11-16T12:27:32Z</time>
   </trkpt>
   <trkpt lat="4.0759870" lon="-76.1951110">
    <ele>991.9</ele>
    <time>2025-11-16T12:27:33Z</time>
   </trkpt>
   <trkpt lat="4.0760220" lon="-76.1951010">
    <ele>991.9</ele>
    <time>2025-11-16T12:27:34Z</time>
   </trkpt>
   <trkpt lat="4.0760340" lon="-76.1951040">
    <ele>991.9</ele>
    <time>2025-11-16T12:27:35Z</time>
   </trkpt>
   <trkpt lat="4.0760700" lon="-76.1951030">
    <ele>991.9</ele>
    <time>2025-11-16T12:27:36Z</time>
   </trkpt>
   <trkpt lat="4.0760810" lon="-76.1951050">
    <ele>991.9</ele>
    <time>2025-11-16T12:27:37Z</time>
   </trkpt>
   <trkpt lat="4.0761190" lon="-76.1951030">
    <ele>991.9</ele>
    <time>2025-11-16T12:27:38Z</time>
   </trkpt>
   <trkpt lat="4.0761320" lon="-76.1951070">
    <ele>991.8</ele>
    <time>2025-11-16T12:27:39Z</time>
   </trkpt>
   <trkpt lat="4.0761620" lon="-76.1951130">
    <ele>991.8</ele>
    <time>2025-11-16T12:27:40Z</time>
   </trkpt>
   <trkpt lat="4.0761730" lon="-76.1951160">
    <ele>991.8</ele>
    <time>2025-11-16T12:27:41Z</time>
   </trkpt>
   <trkpt lat="4.0762060" lon="-76.1951290">
    <ele>991.8</ele>
    <time>2025-11-16T12:27:42Z</time>
   </trkpt>
   <trkpt lat="4.0762160" lon="-76.1951380">
    <ele>991.8</ele>
    <time>2025-11-16T12:27:43Z</time>
   </trkpt>
   <trkpt lat="4.0762480" lon="-76.1951470">
    <ele>991.7</ele>
    <time>2025-11-16T12:27:44Z</time>
   </trkpt>
   <trkpt lat="4.0762590" lon="-76.1951490">
    <ele>991.7</ele>
    <time>2025-11-16T12:27:45Z</time>
   </trkpt>
   <trkpt lat="4.0762980" lon="-76.1951550">
    <ele>991.6</ele>
    <time>2025-11-16T12:27:46Z</time>
   </trkpt>
   <trkpt lat="4.0763110" lon="-76.1951590">
    <ele>991.6</ele>
    <time>2025-11-16T12:27:47Z</time>
   </trkpt>
   <trkpt lat="4.0763520" lon="-76.1951630">
    <ele>991.5</ele>
    <time>2025-11-16T12:27:48Z</time>
   </trkpt>
   <trkpt lat="4.0763670" lon="-76.1951690">
    <ele>991.5</ele>
    <time>2025-11-16T12:27:49Z</time>
   </trkpt>
   <trkpt lat="4.0764020" lon="-76.1951770">
    <ele>991.4</ele>
    <time>2025-11-16T12:27:50Z</time>
   </trkpt>
   <trkpt lat="4.0764130" lon="-76.1951790">
    <ele>991.4</ele>
    <time>2025-11-16T12:27:51Z</time>
   </trkpt>
   <trkpt lat="4.0764490" lon="-76.1951930">
    <ele>991.3</ele>
    <time>2025-11-16T12:27:52Z</time>
   </trkpt>
   <trkpt lat="4.0764590" lon="-76.1952000">
    <ele>991.3</ele>
    <time>2025-11-16T12:27:53Z</time>
   </trkpt>
   <trkpt lat="4.0764860" lon="-76.1951900">
    <ele>991.2</ele>
    <time>2025-11-16T12:27:54Z</time>
   </trkpt>
   <trkpt lat="4.0765210" lon="-76.1952100">
    <ele>991.1</ele>
    <time>2025-11-16T12:27:55Z</time>
   </trkpt>
   <trkpt lat="4.0765320" lon="-76.1952200">
    <ele>991.1</ele>
    <time>2025-11-16T12:27:56Z</time>
   </trkpt>
   <trkpt lat="4.0765700" lon="-76.1952310">
    <ele>991.0</ele>
    <time>2025-11-16T12:27:57Z</time>
   </trkpt>
   <trkpt lat="4.0765860" lon="-76.1952370">
    <ele>990.9</ele>
    <time>2025-11-16T12:27:58Z</time>
   </trkpt>
   <trkpt lat="4.0766140" lon="-76.1952420">
    <ele>990.9</ele>
    <time>2025-11-16T12:27:59Z</time>
   </trkpt>
   <trkpt lat="4.0766440" lon="-76.1952510">
    <ele>990.8</ele>
    <time>2025-11-16T12:28:00Z</time>
   </trkpt>
   <trkpt lat="4.0766520" lon="-76.1952540">
    <ele>990.8</ele>
    <time>2025-11-16T12:28:01Z</time>
   </trkpt>
   <trkpt lat="4.0766870" lon="-76.1952700">
    <ele>990.7</ele>
    <time>2025-11-16T12:28:02Z</time>
   </trkpt>
   <trkpt lat="4.0767120" lon="-76.1952830">
    <ele>990.6</ele>
    <time>2025-11-16T12:28:03Z</time>
   </trkpt>
   <trkpt lat="4.0767410" lon="-76.1952980">
    <ele>990.6</ele>
    <time>2025-11-16T12:28:04Z</time>
   </trkpt>
   <trkpt lat="4.0767510" lon="-76.1953000">
    <ele>990.6</ele>
    <time>2025-11-16T12:28:05Z</time>
   </trkpt>
   <trkpt lat="4.0767830" lon="-76.1953000">
    <ele>990.5</ele>
    <time>2025-11-16T12:28:06Z</time>
   </trkpt>
   <trkpt lat="4.0768160" lon="-76.1953160">
    <ele>990.4</ele>
    <time>2025-11-16T12:28:07Z</time>
   </trkpt>
   <trkpt lat="4.0768240" lon="-76.1953240">
    <ele>990.4</ele>
    <time>2025-11-16T12:28:08Z</time>
   </trkpt>
   <trkpt lat="4.0768550" lon="-76.1953340">
    <ele>990.3</ele>
    <time>2025-11-16T12:28:09Z</time>
   </trkpt>
   <trkpt lat="4.0768690" lon="-76.1953340">
    <ele>990.3</ele>
    <time>2025-11-16T12:28:10Z</time>
   </trkpt>
   <trkpt lat="4.0769010" lon="-76.1953430">
    <ele>990.2</ele>
    <time>2025-11-16T12:28:11Z</time>
   </trkpt>
   <trkpt lat="4.0769110" lon="-76.1953480">
    <ele>990.2</ele>
    <time>2025-11-16T12:28:12Z</time>
   </trkpt>
   <trkpt lat="4.0769510" lon="-76.1953560">
    <ele>990.1</ele>
    <time>2025-11-16T12:28:13Z</time>
   </trkpt>
   <trkpt lat="4.0769650" lon="-76.1953610">
    <ele>990.1</ele>
    <time>2025-11-16T12:28:14Z</time>
   </trkpt>
   <trkpt lat="4.0769930" lon="-76.1953660">
    <ele>990.0</ele>
    <time>2025-11-16T12:28:15Z</time>
   </trkpt>
   <trkpt lat="4.0770030" lon="-76.1953700">
    <ele>990.0</ele>
    <time>2025-11-16T12:28:16Z</time>
   </trkpt>
   <trkpt lat="4.0770400" lon="-76.1953730">
    <ele>989.9</ele>
    <time>2025-11-16T12:28:17Z</time>
   </trkpt>
   <trkpt lat="4.0770520" lon="-76.1953760">
    <ele>989.9</ele>
    <time>2025-11-16T12:28:18Z</time>
   </trkpt>
   <trkpt lat="4.0770880" lon="-76.1953810">
    <ele>989.8</ele>
    <time>2025-11-16T12:28:19Z</time>
   </trkpt>
   <trkpt lat="4.0770990" lon="-76.1953820">
    <ele>989.8</ele>
    <time>2025-11-16T12:28:20Z</time>
   </trkpt>
   <trkpt lat="4.0771280" lon="-76.1953840">
    <ele>989.7</ele>
    <time>2025-11-16T12:28:21Z</time>
   </trkpt>
   <trkpt lat="4.0771590" lon="-76.1953840">
    <ele>989.6</ele>
    <time>2025-11-16T12:28:22Z</time>
   </trkpt>
   <trkpt lat="4.0771860" lon="-76.1953830">
    <ele>989.6</ele>
    <time>2025-11-16T12:28:23Z</time>
   </trkpt>
   <trkpt lat="4.0772020" lon="-76.1954070">
    <ele>989.5</ele>
    <time>2025-11-16T12:28:24Z</time>
   </trkpt>
   <trkpt lat="4.0772310" lon="-76.1954030">
    <ele>989.4</ele>
    <time>2025-11-16T12:28:25Z</time>
   </trkpt>
   <trkpt lat="4.0772690" lon="-76.1954120">
    <ele>989.3</ele>
    <time>2025-11-16T12:28:26Z</time>
   </trkpt>
   <trkpt lat="4.0772820" lon="-76.1954140">
    <ele>989.3</ele>
    <time>2025-11-16T12:28:27Z</time>
   </trkpt>
   <trkpt lat="4.0773130" lon="-76.1954070">
    <ele>989.2</ele>
    <time>2025-11-16T12:28:28Z</time>
   </trkpt>
   <trkpt lat="4.0773240" lon="-76.1954040">
    <ele>989.2</ele>
    <time>2025-11-16T12:28:29Z</time>
   </trkpt>
   <trkpt lat="4.0773500" lon="-76.1953950">
    <ele>989.2</ele>
    <time>2025-11-16T12:28:30Z</time>
   </trkpt>
   <trkpt lat="4.0773790" lon="-76.1953930">
    <ele>989.2</ele>
    <time>2025-11-16T12:28:31Z</time>
   </trkpt>
   <trkpt lat="4.0774120" lon="-76.1953980">
    <ele>989.1</ele>
    <time>2025-11-16T12:28:32Z</time>
   </trkpt>
   <trkpt lat="4.0774260" lon="-76.1954050">
    <ele>989.1</ele>
    <time>2025-11-16T12:28:33Z</time>
   </trkpt>
   <trkpt lat="4.0774580" lon="-76.1954070">
    <ele>989.1</ele>
    <time>2025-11-16T12:28:34Z</time>
   </trkpt>
   <trkpt lat="4.0774690" lon="-76.1954090">
    <ele>989.0</ele>
    <time>2025-11-16T12:28:35Z</time>
   </trkpt>
   <trkpt lat="4.0775070" lon="-76.1954040">
    <ele>989.0</ele>
    <time>2025-11-16T12:28:36Z</time>
   </trkpt>
   <trkpt lat="4.0775240" lon="-76.1954050">
    <ele>989.0</ele>
    <time>2025-11-16T12:28:37Z</time>
   </trkpt>
   <trkpt lat="4.0775520" lon="-76.1954040">
    <ele>988.9</ele>
    <time>2025-11-16T12:28:38Z</time>
   </trkpt>
   <trkpt lat="4.0775830" lon="-76.1953970">
    <ele>988.9</ele>
    <time>2025-11-16T12:28:39Z</time>
   </trkpt>
   <trkpt lat="4.0775890" lon="-76.1953960">
    <ele>988.9</ele>
    <time>2025-11-16T12:28:40Z</time>
   </trkpt>
   <trkpt lat="4.0776170" lon="-76.1953890">
    <ele>988.8</ele>
    <time>2025-11-16T12:28:41Z</time>
   </trkpt>
   <trkpt lat="4.0776550" lon="-76.1953760">
    <ele>988.8</ele>
    <time>2025-11-16T12:28:42Z</time>
   </trkpt>
   <trkpt lat="4.0776670" lon="-76.1953710">
    <ele>988.8</ele>
    <time>2025-11-16T12:28:43Z</time>
   </trkpt>
   <trkpt lat="4.0776950" lon="-76.1953620">
    <ele>988.7</ele>
    <time>2025-11-16T12:28:44Z</time>
   </trkpt>
   <trkpt lat="4.0777300" lon="-76.1953760">
    <ele>988.7</ele>
    <time>2025-11-16T12:28:45Z</time>
   </trkpt>
   <trkpt lat="4.0777450" lon="-76.1953730">
    <ele>988.7</ele>
    <time>2025-11-16T12:28:46Z</time>
   </trkpt>
   <trkpt lat="4.0777610" lon="-76.1953640">
    <ele>988.6</ele>
    <time>2025-11-16T12:28:47Z</time>
   </trkpt>
   <trkpt lat="4.0777990" lon="-76.1953620">
    <ele>988.6</ele>
    <time>2025-11-16T12:28:48Z</time>
   </trkpt>
   <trkpt lat="4.0778140" lon="-76.1953610">
    <ele>988.6</ele>
    <time>2025-11-16T12:28:49Z</time>
   </trkpt>
   <trkpt lat="4.0778410" lon="-76.1953600">
    <ele>988.5</ele>
    <time>2025-11-16T12:28:50Z</time>
   </trkpt>
   <trkpt lat="4.0778690" lon="-76.1953470">
    <ele>988.5</ele>
    <time>2025-11-16T12:28:51Z</time>
   </trkpt>
   <trkpt lat="4.0779030" lon="-76.1953420">
    <ele>988.5</ele>
    <time>2025-11-16T12:28:52Z</time>
   </trkpt>
   <trkpt lat="4.0779530" lon="-76.1953320">
    <ele>988.4</ele>
    <time>2025-11-16T12:28:53Z</time>
   </trkpt>
   <trkpt lat="4.0779740" lon="-76.1953370">
    <ele>988.4</ele>
    <time>2025-11-16T12:28:54Z</time>
   </trkpt>
   <trkpt lat="4.0779800" lon="-76.1953230">
    <ele>988.4</ele>
    <time>2025-11-16T12:28:55Z</time>
   </trkpt>
   <trkpt lat="4.0780110" lon="-76.1953230">
    <ele>988.3</ele>
    <time>2025-11-16T12:28:56Z</time>
   </trkpt>
   <trkpt lat="4.0780520" lon="-76.1953240">
    <ele>988.3</ele>
    <time>2025-11-16T12:28:57Z</time>
   </trkpt>
   <trkpt lat="4.0780650" lon="-76.1953250">
    <ele>988.2</ele>
    <time>2025-11-16T12:28:58Z</time>
   </trkpt>
   <trkpt lat="4.0780960" lon="-76.1953200">
    <ele>988.2</ele>
    <time>2025-11-16T12:28:59Z</time>
   </trkpt>
   <trkpt lat="4.0781250" lon="-76.1953110">
    <ele>988.1</ele>
    <time>2025-11-16T12:29:00Z</time>
   </trkpt>
   <trkpt lat="4.0781520" lon="-76.1952990">
    <ele>988.1</ele>
    <time>2025-11-16T12:29:01Z</time>
   </trkpt>
   <trkpt lat="4.0781810" lon="-76.1952960">
    <ele>988.0</ele>
    <time>2025-11-16T12:29:02Z</time>
   </trkpt>
   <trkpt lat="4.0782100" lon="-76.1952850">
    <ele>987.9</ele>
    <time>2025-11-16T12:29:03Z</time>
   </trkpt>
   <trkpt lat="4.0782470" lon="-76.1952780">
    <ele>987.9</ele>
    <time>2025-11-16T12:29:04Z</time>
   </trkpt>
   <trkpt lat="4.0782590" lon="-76.1952770">
    <ele>987.8</ele>
    <time>2025-11-16T12:29:05Z</time>
   </trkpt>
   <trkpt lat="4.0782970" lon="-76.1952650">
    <ele>987.7</ele>
    <time>2025-11-16T12:29:06Z</time>
   </trkpt>
   <trkpt lat="4.0783120" lon="-76.1952630">
    <ele>987.7</ele>
    <time>2025-11-16T12:29:07Z</time>
   </trkpt>
   <trkpt lat="4.0783500" lon="-76.1952570">
    <ele>987.6</ele>
    <time>2025-11-16T12:29:08Z</time>
   </trkpt>
   <trkpt lat="4.0783620" lon="-76.1952570">
    <ele>987.6</ele>
    <time>2025-11-16T12:29:09Z</time>
   </trkpt>
   <trkpt lat="4.0783960" lon="-76.1952550">
    <ele>987.5</ele>
    <time>2025-11-16T12:29:10Z</time>
   </trkpt>
   <trkpt lat="4.0784260" lon="-76.1952500">
    <ele>987.4</ele>
    <time>2025-11-16T12:29:11Z</time>
   </trkpt>
   <trkpt lat="4.0784530" lon="-76.1952450">
    <ele>987.3</ele>
    <time>2025-11-16T12:29:12Z</time>
   </trkpt>
   <trkpt lat="4.0784800" lon="-76.1952450">
    <ele>987.3</ele>
    <time>2025-11-16T12:29:13Z</time>
   </trkpt>
   <trkpt lat="4.0785210" lon="-76.1952360">
    <ele>987.2</ele>
    <time>2025-11-16T12:29:14Z</time>
   </trkpt>
   <trkpt lat="4.0785340" lon="-76.1952310">
    <ele>987.1</ele>
    <time>2025-11-16T12:29:15Z</time>
   </trkpt>
   <trkpt lat="4.0785610" lon="-76.1952260">
    <ele>987.1</ele>
    <time>2025-11-16T12:29:16Z</time>
   </trkpt>
   <trkpt lat="4.0786000" lon="-76.1952200">
    <ele>987.0</ele>
    <time>2025-11-16T12:29:17Z</time>
   </trkpt>
   <trkpt lat="4.0786150" lon="-76.1952200">
    <ele>986.9</ele>
    <time>2025-11-16T12:29:18Z</time>
   </trkpt>
   <trkpt lat="4.0786460" lon="-76.1952130">
    <ele>986.9</ele>
    <time>2025-11-16T12:29:19Z</time>
   </trkpt>
   <trkpt lat="4.0786860" lon="-76.1952060">
    <ele>986.8</ele>
    <time>2025-11-16T12:29:20Z</time>
   </trkpt>
   <trkpt lat="4.0787030" lon="-76.1952000">
    <ele>986.7</ele>
    <time>2025-11-16T12:29:21Z</time>
   </trkpt>
   <trkpt lat="4.0787320" lon="-76.1951730">
    <ele>986.6</ele>
    <time>2025-11-16T12:29:22Z</time>
   </trkpt>
   <trkpt lat="4.0787620" lon="-76.1951700">
    <ele>986.5</ele>
    <time>2025-11-16T12:29:23Z</time>
   </trkpt>
   <trkpt lat="4.0787970" lon="-76.1951710">
    <ele>986.5</ele>
    <time>2025-11-16T12:29:24Z</time>
   </trkpt>
   <trkpt lat="4.0788250" lon="-76.1951630">
    <ele>986.4</ele>
    <time>2025-11-16T12:29:25Z</time>
   </trkpt>
   <trkpt lat="4.0788630" lon="-76.1951550">
    <ele>986.3</ele>
    <time>2025-11-16T12:29:26Z</time>
   </trkpt>
   <trkpt lat="4.0788760" lon="-76.1951560">
    <ele>986.3</ele>
    <time>2025-11-16T12:29:27Z</time>
   </trkpt>
   <trkpt lat="4.0789220" lon="-76.1951450">
    <ele>986.1</ele>
    <time>2025-11-16T12:29:28Z</time>
   </trkpt>
   <trkpt lat="4.0789420" lon="-76.1951330">
    <ele>986.1</ele>
    <time>2025-11-16T12:29:29Z</time>
   </trkpt>
   <trkpt lat="4.0789700" lon="-76.1951380">
    <ele>986.0</ele>
    <time>2025-11-16T12:29:30Z</time>
   </trkpt>
   <trkpt lat="4.0790020" lon="-76.1951320">
    <ele>986.0</ele>
    <time>2025-11-16T12:29:31Z</time>
   </trkpt>
   <trkpt lat="4.0790310" lon="-76.1951330">
    <ele>985.9</ele>
    <time>2025-11-16T12:29:32Z</time>
   </trkpt>
   <trkpt lat="4.0790680" lon="-76.1951160">
    <ele>985.8</ele>
    <time>2025-11-16T12:29:33Z</time>
   </trkpt>
   <trkpt lat="4.0790810" lon="-76.1951060">
    <ele>985.8</ele>
    <time>2025-11-16T12:29:34Z</time>
   </trkpt>
   <trkpt lat="4.0791070" lon="-76.1950980">
    <ele>985.7</ele>
    <time>2025-11-16T12:29:35Z</time>
   </trkpt>
   <trkpt lat="4.0791410" lon="-76.1950900">
    <ele>985.6</ele>
    <time>2025-11-16T12:29:36Z</time>
   </trkpt>
   <trkpt lat="4.0791680" lon="-76.1951040">
    <ele>985.6</ele>
    <time>2025-11-16T12:29:37Z</time>
   </trkpt>
   <trkpt lat="4.0791740" lon="-76.1951240">
    <ele>985.5</ele>
    <time>2025-11-16T12:29:38Z</time>
   </trkpt>
   <trkpt lat="4.0792010" lon="-76.1951150">
    <ele>985.5</ele>
    <time>2025-11-16T12:29:39Z</time>
   </trkpt>
   <trkpt lat="4.0792340" lon="-76.1951000">
    <ele>985.4</ele>
    <time>2025-11-16T12:29:40Z</time>
   </trkpt>
   <trkpt lat="4.0792430" lon="-76.1950940">
    <ele>985.4</ele>
    <time>2025-11-16T12:29:41Z</time>
   </trkpt>
   <trkpt lat="4.0792720" lon="-76.1950840">
    <ele>985.4</ele>
    <time>2025-11-16T12:29:42Z</time>
   </trkpt>
   <trkpt lat="4.0792960" lon="-76.1950660">
    <ele>985.3</ele>
    <time>2025-11-16T12:29:43Z</time>
   </trkpt>
   <trkpt lat="4.0793300" lon="-76.1950400">
    <ele>985.2</ele>
    <time>2025-11-16T12:29:44Z</time>
   </trkpt>
   <trkpt lat="4.0793460" lon="-76.1950330">
    <ele>985.2</ele>
    <time>2025-11-16T12:29:45Z</time>
   </trkpt>
   <trkpt lat="4.0793770" lon="-76.1950160">
    <ele>985.1</ele>
    <time>2025-11-16T12:29:46Z</time>
   </trkpt>
   <trkpt lat="4.0793890" lon="-76.1950080">
    <ele>985.1</ele>
    <time>2025-11-16T12:29:47Z</time>
   </trkpt>
   <trkpt lat="4.0794280" lon="-76.1950190">
    <ele>985.1</ele>
    <time>2025-11-16T12:29:48Z</time>
   </trkpt>
   <trkpt lat="4.0794420" lon="-76.1950240">
    <ele>985.0</ele>
    <time>2025-11-16T12:29:49Z</time>
   </trkpt>
   <trkpt lat="4.0794820" lon="-76.1950270">
    <ele>985.0</ele>
    <time>2025-11-16T12:29:50Z</time>
   </trkpt>
   <trkpt lat="4.0794950" lon="-76.1950290">
    <ele>985.0</ele>
    <time>2025-11-16T12:29:51Z</time>
   </trkpt>
   <trkpt lat="4.0795200" lon="-76.1950150">
    <ele>985.0</ele>
    <time>2025-11-16T12:29:52Z</time>
   </trkpt>
   <trkpt lat="4.0795590" lon="-76.1950050">
    <ele>984.9</ele>
    <time>2025-11-16T12:29:53Z</time>
   </trkpt>
   <trkpt lat="4.0795720" lon="-76.1950020">
    <ele>984.9</ele>
    <time>2025-11-16T12:29:54Z</time>
   </trkpt>
   <trkpt lat="4.0795940" lon="-76.1949860">
    <ele>984.9</ele>
    <time>2025-11-16T12:29:55Z</time>
   </trkpt>
   <trkpt lat="4.0796310" lon="-76.1949790">
    <ele>984.9</ele>
    <time>2025-11-16T12:29:56Z</time>
   </trkpt>
   <trkpt lat="4.0796440" lon="-76.1949760">
    <ele>984.8</ele>
    <time>2025-11-16T12:29:57Z</time>
   </trkpt>
   <trkpt lat="4.0796780" lon="-76.1949720">
    <ele>984.8</ele>
    <time>2025-11-16T12:29:58Z</time>
   </trkpt>
   <trkpt lat="4.0796920" lon="-76.1949710">
    <ele>984.8</ele>
    <time>2025-11-16T12:29:59Z</time>
   </trkpt>
   <trkpt lat="4.0797260" lon="-76.1949480">
    <ele>984.8</ele>
    <time>2025-11-16T12:30:00Z</time>
   </trkpt>
   <trkpt lat="4.0797350" lon="-76.1949330">
    <ele>984.7</ele>
    <time>2025-11-16T12:30:01Z</time>
   </trkpt>
   <trkpt lat="4.0797660" lon="-76.1949350">
    <ele>984.7</ele>
    <time>2025-11-16T12:30:02Z</time>
   </trkpt>
   <trkpt lat="4.0797930" lon="-76.1949490">
    <ele>984.7</ele>
    <time>2025-11-16T12:30:03Z</time>
   </trkpt>
   <trkpt lat="4.0798210" lon="-76.1949420">
    <ele>984.7</ele>
    <time>2025-11-16T12:30:04Z</time>
   </trkpt>
   <trkpt lat="4.0798580" lon="-76.1949330">
    <ele>984.6</ele>
    <time>2025-11-16T12:30:05Z</time>
   </trkpt>
   <trkpt lat="4.0798700" lon="-76.1949280">
    <ele>984.6</ele>
    <time>2025-11-16T12:30:06Z</time>
   </trkpt>
   <trkpt lat="4.0799080" lon="-76.1949220">
    <ele>984.6</ele>
    <time>2025-11-16T12:30:07Z</time>
   </trkpt>
   <trkpt lat="4.0799210" lon="-76.1949210">
    <ele>984.5</ele>
    <time>2025-11-16T12:30:08Z</time>
   </trkpt>
   <trkpt lat="4.0799510" lon="-76.1949280">
    <ele>984.5</ele>
    <time>2025-11-16T12:30:09Z</time>
   </trkpt>
   <trkpt lat="4.0799620" lon="-76.1949220">
    <ele>984.5</ele>
    <time>2025-11-16T12:30:10Z</time>
   </trkpt>
   <trkpt lat="4.0799960" lon="-76.1949150">
    <ele>984.5</ele>
    <time>2025-11-16T12:30:11Z</time>
   </trkpt>
   <trkpt lat="4.0800070" lon="-76.1949080">
    <ele>984.4</ele>
    <time>2025-11-16T12:30:12Z</time>
   </trkpt>
   <trkpt lat="4.0800430" lon="-76.1949090">
    <ele>984.4</ele>
    <time>2025-11-16T12:30:13Z</time>
   </trkpt>
   <trkpt lat="4.0800600" lon="-76.1949110">
    <ele>984.4</ele>
    <time>2025-11-16T12:30:14Z</time>
   </trkpt>
   <trkpt lat="4.0800940" lon="-76.1948940">
    <ele>984.4</ele>
    <time>2025-11-16T12:30:15Z</time>
   </trkpt>
   <trkpt lat="4.0801060" lon="-76.1948860">
    <ele>984.3</ele>
    <time>2025-11-16T12:30:16Z</time>
   </trkpt>
   <trkpt lat="4.0801380" lon="-76.1948720">
    <ele>984.3</ele>
    <time>2025-11-16T12:30:17Z</time>
   </trkpt>
   <trkpt lat="4.0801510" lon="-76.1948730">
    <ele>984.3</ele>
    <time>2025-11-16T12:30:18Z</time>
   </trkpt>
   <trkpt lat="4.0801840" lon="-76.1948720">
    <ele>984.2</ele>
    <time>2025-11-16T12:30:19Z</time>
   </trkpt>
   <trkpt lat="4.0801980" lon="-76.1948700">
    <ele>984.2</ele>
    <time>2025-11-16T12:30:20Z</time>
   </trkpt>
   <trkpt lat="4.0802290" lon="-76.1948720">
    <ele>984.2</ele>
    <time>2025-11-16T12:30:21Z</time>
   </trkpt>
   <trkpt lat="4.0802590" lon="-76.1948720">
    <ele>984.2</ele>
    <time>2025-11-16T12:30:22Z</time>
   </trkpt>
   <trkpt lat="4.0802830" lon="-76.1948900">
    <ele>984.1</ele>
    <time>2025-11-16T12:30:23Z</time>
   </trkpt>
   <trkpt lat="4.0803170" lon="-76.1948810">
    <ele>984.1</ele>
    <time>2025-11-16T12:30:24Z</time>
   </trkpt>
   <trkpt lat="4.0803330" lon="-76.1948810">
    <ele>984.1</ele>
    <time>2025-11-16T12:30:25Z</time>
   </trkpt>
   <trkpt lat="4.0803630" lon="-76.1948760">
    <ele>984.1</ele>
    <time>2025-11-16T12:30:26Z</time>
   </trkpt>
   <trkpt lat="4.0803890" lon="-76.1948670">
    <ele>984.1</ele>
    <time>2025-11-16T12:30:27Z</time>
   </trkpt>
   <trkpt lat="4.0804200" lon="-76.1948750">
    <ele>984.0</ele>
    <time>2025-11-16T12:30:28Z</time>
   </trkpt>
   <trkpt lat="4.0804300" lon="-76.1948750">
    <ele>984.0</ele>
    <time>2025-11-16T12:30:29Z</time>
   </trkpt>
   <trkpt lat="4.0804570" lon="-76.1948680">
    <ele>984.0</ele>
    <time>2025-11-16T12:30:30Z</time>
   </trkpt>
   <trkpt lat="4.0804890" lon="-76.1948710">
    <ele>984.0</ele>
    <time>2025-11-16T12:30:31Z</time>
   </trkpt>
   <trkpt lat="4.0805170" lon="-76.1948790">
    <ele>984.0</ele>
    <time>2025-11-16T12:30:32Z</time>
   </trkpt>
   <trkpt lat="4.0805540" lon="-76.1948780">
    <ele>984.0</ele>
    <time>2025-11-16T12:30:33Z</time>
   </trkpt>
   <trkpt lat="4.0805650" lon="-76.1948760">
    <ele>984.0</ele>
    <time>2025-11-16T12:30:34Z</time>
   </trkpt>
   <trkpt lat="4.0805920" lon="-76.1948820">
    <ele>983.9</ele>
    <time>2025-11-16T12:30:35Z</time>
   </trkpt>
   <trkpt lat="4.0806280" lon="-76.1948810">
    <ele>983.9</ele>
    <time>2025-11-16T12:30:36Z</time>
   </trkpt>
   <trkpt lat="4.0806420" lon="-76.1948800">
    <ele>983.9</ele>
    <time>2025-11-16T12:30:37Z</time>
   </trkpt>
   <trkpt lat="4.0806810" lon="-76.1948840">
    <ele>983.9</ele>
    <time>2025-11-16T12:30:38Z</time>
   </trkpt>
   <trkpt lat="4.0806950" lon="-76.1948860">
    <ele>983.9</ele>
    <time>2025-11-16T12:30:39Z</time>
   </trkpt>
   <trkpt lat="4.0807320" lon="-76.1948900">
    <ele>983.9</ele>
    <time>2025-11-16T12:30:40Z</time>
   </trkpt>
   <trkpt lat="4.0807440" lon="-76.1948920">
    <ele>983.8</ele>
    <time>2025-11-16T12:30:41Z</time>
   </trkpt>
   <trkpt lat="4.0807820" lon="-76.1948900">
    <ele>983.8</ele>
    <time>2025-11-16T12:30:42Z</time>
   </trkpt>
   <trkpt lat="4.0807960" lon="-76.1948800">
    <ele>983.8</ele>
    <time>2025-11-16T12:30:43Z</time>
   </trkpt>
   <trkpt lat="4.0808340" lon="-76.1949040">
    <ele>983.8</ele>
    <time>2025-11-16T12:30:44Z</time>
   </trkpt>
   <trkpt lat="4.0808500" lon="-76.1949120">
    <ele>983.8</ele>
    <time>2025-11-16T12:30:45Z</time>
   </trkpt>
   <trkpt lat="4.0808760" lon="-76.1948970">
    <ele>983.7</ele>
    <time>2025-11-16T12:30:46Z</time>
   </trkpt>
   <trkpt lat="4.0809130" lon="-76.1949050">
    <ele>983.7</ele>
    <time>2025-11-16T12:30:47Z</time>
   </trkpt>
   <trkpt lat="4.0809230" lon="-76.1949060">
    <ele>983.7</ele>
    <time>2025-11-16T12:30:48Z</time>
   </trkpt>
   <trkpt lat="4.0809600" lon="-76.1949120">
    <ele>983.7</ele>
    <time>2025-11-16T12:30:49Z</time>
   </trkpt>
   <trkpt lat="4.0809730" lon="-76.1949150">
    <ele>983.7</ele>
    <time>2025-11-16T12:30:50Z</time>
   </trkpt>
   <trkpt lat="4.0810100" lon="-76.1949160">
    <ele>983.6</ele>
    <time>2025-11-16T12:30:51Z</time>
   </trkpt>
   <trkpt lat="4.0810200" lon="-76.1949130">
    <ele>983.6</ele>
    <time>2025-11-16T12:30:52Z</time>
   </trkpt>
   <trkpt lat="4.0810550" lon="-76.1949150">
    <ele>983.6</ele>
    <time>2025-11-16T12:30:53Z</time>
   </trkpt>
   <trkpt lat="4.0810680" lon="-76.1949170">
    <ele>983.6</ele>
    <time>2025-11-16T12:30:54Z</time>
   </trkpt>
   <trkpt lat="4.0811050" lon="-76.1949190">
    <ele>983.6</ele>
    <time>2025-11-16T12:30:55Z</time>
   </trkpt>
   <trkpt lat="4.0811170" lon="-76.1949150">
    <ele>983.5</ele>
    <time>2025-11-16T12:30:56Z</time>
   </trkpt>
   <trkpt lat="4.0811550" lon="-76.1949230">
    <ele>983.5</ele>
    <time>2025-11-16T12:30:57Z</time>
   </trkpt>
   <trkpt lat="4.0811680" lon="-76.1949240">
    <ele>983.5</ele>
    <time>2025-11-16T12:30:58Z</time>
   </trkpt>
   <trkpt lat="4.0812030" lon="-76.1949320">
    <ele>983.5</ele>
    <time>2025-11-16T12:30:59Z</time>
   </trkpt>
   <trkpt lat="4.0812140" lon="-76.1949360">
    <ele>983.5</ele>
    <time>2025-11-16T12:31:00Z</time>
   </trkpt>
   <trkpt lat="4.0812470" lon="-76.1949430">
    <ele>983.4</ele>
    <time>2025-11-16T12:31:01Z</time>
   </trkpt>
   <trkpt lat="4.0812580" lon="-76.1949520">
    <ele>983.4</ele>
    <time>2025-11-16T12:31:02Z</time>
   </trkpt>
   <trkpt lat="4.0812930" lon="-76.1949560">
    <ele>983.4</ele>
    <time>2025-11-16T12:31:03Z</time>
   </trkpt>
   <trkpt lat="4.0813050" lon="-76.1949590">
    <ele>983.4</ele>
    <time>2025-11-16T12:31:04Z</time>
   </trkpt>
   <trkpt lat="4.0813410" lon="-76.1949620">
    <ele>983.3</ele>
    <time>2025-11-16T12:31:06Z</time>
   </trkpt>
   <trkpt lat="4.0813540" lon="-76.1949620">
    <ele>983.3</ele>
    <time>2025-11-16T12:31:07Z</time>
   </trkpt>
   <trkpt lat="4.0813890" lon="-76.1949630">
    <ele>983.3</ele>
    <time>2025-11-16T12:31:08Z</time>
   </trkpt>
   <trkpt lat="4.0813990" lon="-76.1949650">
    <ele>983.2</ele>
    <time>2025-11-16T12:31:09Z</time>
   </trkpt>
   <trkpt lat="4.0814350" lon="-76.1949680">
    <ele>983.2</ele>
    <time>2025-11-16T12:31:10Z</time>
   </trkpt>
   <trkpt lat="4.0814460" lon="-76.1949710">
    <ele>983.2</ele>
    <time>2025-11-16T12:31:11Z</time>
   </trkpt>
   <trkpt lat="4.0814790" lon="-76.1949770">
    <ele>983.1</ele>
    <time>2025-11-16T12:31:12Z</time>
   </trkpt>
   <trkpt lat="4.0814900" lon="-76.1949760">
    <ele>983.1</ele>
    <time>2025-11-16T12:31:13Z</time>
   </trkpt>
   <trkpt lat="4.0815270" lon="-76.1949810">
    <ele>983.1</ele>
    <time>2025-11-16T12:31:14Z</time>
   </trkpt>
   <trkpt lat="4.0815370" lon="-76.1949830">
    <ele>983.1</ele>
    <time>2025-11-16T12:31:15Z</time>
   </trkpt>
   <trkpt lat="4.0815730" lon="-76.1949750">
    <ele>983.0</ele>
    <time>2025-11-16T12:31:16Z</time>
   </trkpt>
   <trkpt lat="4.0815840" lon="-76.1949750">
    <ele>983.0</ele>
    <time>2025-11-16T12:31:17Z</time>
   </trkpt>
   <trkpt lat="4.0816230" lon="-76.1949790">
    <ele>982.9</ele>
    <time>2025-11-16T12:31:18Z</time>
   </trkpt>
   <trkpt lat="4.0816360" lon="-76.1949780">
    <ele>982.9</ele>
    <time>2025-11-16T12:31:19Z</time>
   </trkpt>
   <trkpt lat="4.0816730" lon="-76.1949810">
    <ele>982.9</ele>
    <time>2025-11-16T12:31:20Z</time>
   </trkpt>
   <trkpt lat="4.0816840" lon="-76.1949820">
    <ele>982.9</ele>
    <time>2025-11-16T12:31:21Z</time>
   </trkpt>
   <trkpt lat="4.0817210" lon="-76.1949880">
    <ele>982.8</ele>
    <time>2025-11-16T12:31:22Z</time>
   </trkpt>
   <trkpt lat="4.0817330" lon="-76.1949920">
    <ele>982.8</ele>
    <time>2025-11-16T12:31:23Z</time>
   </trkpt>
   <trkpt lat="4.0817810" lon="-76.1949910">
    <ele>982.7</ele>
    <time>2025-11-16T12:31:24Z</time>
   </trkpt>
   <trkpt lat="4.0818050" lon="-76.1949880">
    <ele>982.7</ele>
    <time>2025-11-16T12:31:25Z</time>
   </trkpt>
   <trkpt lat="4.0818430" lon="-76.1949840">
    <ele>982.7</ele>
    <time>2025-11-16T12:31:26Z</time>
   </trkpt>
   <trkpt lat="4.0818540" lon="-76.1949790">
    <ele>982.7</ele>
    <time>2025-11-16T12:31:27Z</time>
   </trkpt>
   <trkpt lat="4.0818860" lon="-76.1949880">
    <ele>982.6</ele>
    <time>2025-11-16T12:31:28Z</time>
   </trkpt>
   <trkpt lat="4.0818960" lon="-76.1949850">
    <ele>982.6</ele>
    <time>2025-11-16T12:31:29Z</time>
   </trkpt>
   <trkpt lat="4.0819220" lon="-76.1949960">
    <ele>982.6</ele>
    <time>2025-11-16T12:31:30Z</time>
   </trkpt>
   <trkpt lat="4.0819580" lon="-76.1950060">
    <ele>982.6</ele>
    <time>2025-11-16T12:31:31Z</time>
   </trkpt>
   <trkpt lat="4.0819700" lon="-76.1950080">
    <ele>982.5</ele>
    <time>2025-11-16T12:31:32Z</time>
   </trkpt>
   <trkpt lat="4.0820050" lon="-76.1949960">
    <ele>982.5</ele>
    <time>2025-11-16T12:31:33Z</time>
   </trkpt>
   <trkpt lat="4.0820190" lon="-76.1949930">
    <ele>982.5</ele>
    <time>2025-11-16T12:31:34Z</time>
   </trkpt>
   <trkpt lat="4.0820460" lon="-76.1950030">
    <ele>982.5</ele>
    <time>2025-11-16T12:31:35Z</time>
   </trkpt>
   <trkpt lat="4.0820770" lon="-76.1950140">
    <ele>982.4</ele>
    <time>2025-11-16T12:31:36Z</time>
   </trkpt>
   <trkpt lat="4.0820870" lon="-76.1950170">
    <ele>982.4</ele>
    <time>2025-11-16T12:31:37Z</time>
   </trkpt>
   <trkpt lat="4.0821140" lon="-76.1950310">
    <ele>982.4</ele>
    <time>2025-11-16T12:31:38Z</time>
   </trkpt>
   <trkpt lat="4.0821450" lon="-76.1950390">
    <ele>982.3</ele>
    <time>2025-11-16T12:31:39Z</time>
   </trkpt>
   <trkpt lat="4.0821580" lon="-76.1950410">
    <ele>982.3</ele>
    <time>2025-11-16T12:31:40Z</time>
   </trkpt>
   <trkpt lat="4.0821850" lon="-76.1950420">
    <ele>982.3</ele>
    <time>2025-11-16T12:31:41Z</time>
   </trkpt>
   <trkpt lat="4.0822170" lon="-76.1950490">
    <ele>982.2</ele>
    <time>2025-11-16T12:31:42Z</time>
   </trkpt>
   <trkpt lat="4.0822260" lon="-76.1950490">
    <ele>982.2</ele>
    <time>2025-11-16T12:31:43Z</time>
   </trkpt>
   <trkpt lat="4.0822320" lon="-76.1950440">
    <ele>982.2</ele>
    <time>2025-11-16T12:31:44Z</time>
   </trkpt>
   <trkpt lat="4.0822590" lon="-76.1950460">
    <ele>982.2</ele>
    <time>2025-11-16T12:31:45Z</time>
   </trkpt>
   <trkpt lat="4.0822710" lon="-76.1950480">
    <ele>982.2</ele>
    <time>2025-11-16T12:31:46Z</time>
   </trkpt>
   <trkpt lat="4.0822930" lon="-76.1950500">
    <ele>982.1</ele>
    <time>2025-11-16T12:31:47Z</time>
   </trkpt>
   <trkpt lat="4.0823250" lon="-76.1950570">
    <ele>982.1</ele>
    <time>2025-11-16T12:31:48Z</time>
   </trkpt>
   <trkpt lat="4.0823370" lon="-76.1950580">
    <ele>982.1</ele>
    <time>2025-11-16T12:31:49Z</time>
   </trkpt>
   <trkpt lat="4.0823640" lon="-76.1950540">
    <ele>982.0</ele>
    <time>2025-11-16T12:31:50Z</time>
   </trkpt>
   <trkpt lat="4.0823990" lon="-76.1950510">
    <ele>982.0</ele>
    <time>2025-11-16T12:31:51Z</time>
   </trkpt>
   <trkpt lat="4.0824190" lon="-76.1950540">
    <ele>982.0</ele>
    <time>2025-11-16T12:31:52Z</time>
   </trkpt>
   <trkpt lat="4.0824640" lon="-76.1950680">
    <ele>981.9</ele>
    <time>2025-11-16T12:31:53Z</time>
   </trkpt>
   <trkpt lat="4.0824940" lon="-76.1950800">
    <ele>981.8</ele>
    <time>2025-11-16T12:31:54Z</time>
   </trkpt>
   <trkpt lat="4.0825070" lon="-76.1950960">
    <ele>981.8</ele>
    <time>2025-11-16T12:31:55Z</time>
   </trkpt>
   <trkpt lat="4.0825380" lon="-76.1950800">
    <ele>981.8</ele>
    <time>2025-11-16T12:31:56Z</time>
   </trkpt>
   <trkpt lat="4.0825490" lon="-76.1950770">
    <ele>981.7</ele>
    <time>2025-11-16T12:31:57Z</time>
   </trkpt>
   <trkpt lat="4.0825760" lon="-76.1950690">
    <ele>981.7</ele>
    <time>2025-11-16T12:31:58Z</time>
   </trkpt>
   <trkpt lat="4.0826160" lon="-76.1950680">
    <ele>981.7</ele>
    <time>2025-11-16T12:31:59Z</time>
   </trkpt>
   <trkpt lat="4.0826370" lon="-76.1950670">
    <ele>981.6</ele>
    <time>2025-11-16T12:32:00Z</time>
   </trkpt>
   <trkpt lat="4.0826630" lon="-76.1950410">
    <ele>981.6</ele>
    <time>2025-11-16T12:32:01Z</time>
   </trkpt>
   <trkpt lat="4.0826970" lon="-76.1950480">
    <ele>981.5</ele>
    <time>2025-11-16T12:32:02Z</time>
   </trkpt>
   <trkpt lat="4.0827070" lon="-76.1950540">
    <ele>981.5</ele>
    <time>2025-11-16T12:32:03Z</time>
   </trkpt>
   <trkpt lat="4.0827390" lon="-76.1950540">
    <ele>981.5</ele>
    <time>2025-11-16T12:32:04Z</time>
   </trkpt>
   <trkpt lat="4.0827710" lon="-76.1950440">
    <ele>981.5</ele>
    <time>2025-11-16T12:32:05Z</time>
   </trkpt>
   <trkpt lat="4.0827840" lon="-76.1950430">
    <ele>981.4</ele>
    <time>2025-11-16T12:32:06Z</time>
   </trkpt>
   <trkpt lat="4.0828200" lon="-76.1950410">
    <ele>981.4</ele>
    <time>2025-11-16T12:32:07Z</time>
   </trkpt>
   <trkpt lat="4.0828290" lon="-76.1950460">
    <ele>981.4</ele>
    <time>2025-11-16T12:32:08Z</time>
   </trkpt>
   <trkpt lat="4.0828560" lon="-76.1950540">
    <ele>981.4</ele>
    <time>2025-11-16T12:32:09Z</time>
   </trkpt>
   <trkpt lat="4.0828850" lon="-76.1950570">
    <ele>981.4</ele>
    <time>2025-11-16T12:32:10Z</time>
   </trkpt>
   <trkpt lat="4.0829130" lon="-76.1950340">
    <ele>981.4</ele>
    <time>2025-11-16T12:32:11Z</time>
   </trkpt>
   <trkpt lat="4.0829220" lon="-76.1950280">
    <ele>981.4</ele>
    <time>2025-11-16T12:32:12Z</time>
   </trkpt>
   <trkpt lat="4.0829580" lon="-76.1950160">
    <ele>981.4</ele>
    <time>2025-11-16T12:32:13Z</time>
   </trkpt>
   <trkpt lat="4.0829760" lon="-76.1950110">
    <ele>981.4</ele>
    <time>2025-11-16T12:32:14Z</time>
   </trkpt>
   <trkpt lat="4.0830080" lon="-76.1950090">
    <ele>981.3</ele>
    <time>2025-11-16T12:32:15Z</time>
   </trkpt>
   <trkpt lat="4.0830340" lon="-76.1950000">
    <ele>981.3</ele>
    <time>2025-11-16T12:32:16Z</time>
   </trkpt>
   <trkpt lat="4.0830710" lon="-76.1950020">
    <ele>981.3</ele>
    <time>2025-11-16T12:32:17Z</time>
   </trkpt>
   <trkpt lat="4.0830850" lon="-76.1950050">
    <ele>981.3</ele>
    <time>2025-11-16T12:32:18Z</time>
   </trkpt>
   <trkpt lat="4.0831180" lon="-76.1950050">
    <ele>981.3</ele>
    <time>2025-11-16T12:32:19Z</time>
   </trkpt>
   <trkpt lat="4.0831510" lon="-76.1950080">
    <ele>981.3</ele>
    <time>2025-11-16T12:32:20Z</time>
   </trkpt>
   <trkpt lat="4.0831650" lon="-76.1950030">
    <ele>981.3</ele>
    <time>2025-11-16T12:32:21Z</time>
   </trkpt>
   <trkpt lat="4.0831900" lon="-76.1949870">
    <ele>981.3</ele>
    <time>2025-11-16T12:32:22Z</time>
   </trkpt>
   <trkpt lat="4.0832210" lon="-76.1949890">
    <ele>981.3</ele>
    <time>2025-11-16T12:32:23Z</time>
   </trkpt>
   <trkpt lat="4.0832500" lon="-76.1949970">
    <ele>981.3</ele>
    <time>2025-11-16T12:32:24Z</time>
   </trkpt>
   <trkpt lat="4.0832650" lon="-76.1949940">
    <ele>981.3</ele>
    <time>2025-11-16T12:32:25Z</time>
   </trkpt>
   <trkpt lat="4.0832920" lon="-76.1949990">
    <ele>981.3</ele>
    <time>2025-11-16T12:32:26Z</time>
   </trkpt>
   <trkpt lat="4.0833250" lon="-76.1949980">
    <ele>981.3</ele>
    <time>2025-11-16T12:32:27Z</time>
   </trkpt>
   <trkpt lat="4.0833370" lon="-76.1949960">
    <ele>981.2</ele>
    <time>2025-11-16T12:32:28Z</time>
   </trkpt>
   <trkpt lat="4.0833740" lon="-76.1949980">
    <ele>981.2</ele>
    <time>2025-11-16T12:32:29Z</time>
   </trkpt>
   <trkpt lat="4.0833890" lon="-76.1949950">
    <ele>981.2</ele>
    <time>2025-11-16T12:32:30Z</time>
   </trkpt>
   <trkpt lat="4.0834230" lon="-76.1950020">
    <ele>981.2</ele>
    <time>2025-11-16T12:32:31Z</time>
   </trkpt>
   <trkpt lat="4.0834350" lon="-76.1950050">
    <ele>981.2</ele>
    <time>2025-11-16T12:32:32Z</time>
   </trkpt>
   <trkpt lat="4.0834650" lon="-76.1949950">
    <ele>981.2</ele>
    <time>2025-11-16T12:32:33Z</time>
   </trkpt>
   <trkpt lat="4.0834720" lon="-76.1949890">
    <ele>981.2</ele>
    <time>2025-11-16T12:32:34Z</time>
   </trkpt>
   <trkpt lat="4.0834910" lon="-76.1949980">
    <ele>981.2</ele>
    <time>2025-11-16T12:32:35Z</time>
   </trkpt>
   <trkpt lat="4.0835010" lon="-76.1950050">
    <ele>981.2</ele>
    <time>2025-11-16T12:32:36Z</time>
   </trkpt>
   <trkpt lat="4.0835180" lon="-76.1950090">
    <ele>981.2</ele>
    <time>2025-11-16T12:32:37Z</time>
   </trkpt>
   <trkpt lat="4.0835350" lon="-76.1950060">
    <ele>981.2</ele>
    <time>2025-11-16T12:32:38Z</time>
   </trkpt>
   <trkpt lat="4.0835710" lon="-76.1950120">
    <ele>981.2</ele>
    <time>2025-11-16T12:32:39Z</time>
   </trkpt>
   <trkpt lat="4.0835810" lon="-76.1950130">
    <ele>981.1</ele>
    <time>2025-11-16T12:32:40Z</time>
   </trkpt>
   <trkpt lat="4.0836150" lon="-76.1950080">
    <ele>981.1</ele>
    <time>2025-11-16T12:32:41Z</time>
   </trkpt>
   <trkpt lat="4.0836420" lon="-76.1949940">
    <ele>981.1</ele>
    <time>2025-11-16T12:32:42Z</time>
   </trkpt>
   <trkpt lat="4.0836510" lon="-76.1949900">
    <ele>981.2</ele>
    <time>2025-11-16T12:32:43Z</time>
   </trkpt>
   <trkpt lat="4.0836770" lon="-76.1949640">
    <ele>981.2</ele>
    <time>2025-11-16T12:32:44Z</time>
   </trkpt>
   <trkpt lat="4.0837080" lon="-76.1949500">
    <ele>981.2</ele>
    <time>2025-11-16T12:32:45Z</time>
   </trkpt>
   <trkpt lat="4.0837360" lon="-76.1949370">
    <ele>981.2</ele>
    <time>2025-11-16T12:32:46Z</time>
   </trkpt>
   <trkpt lat="4.0837600" lon="-76.1949230">
    <ele>981.2</ele>
    <time>2025-11-16T12:32:47Z</time>
   </trkpt>
   <trkpt lat="4.0837940" lon="-76.1949110">
    <ele>981.2</ele>
    <time>2025-11-16T12:32:48Z</time>
   </trkpt>
   <trkpt lat="4.0838030" lon="-76.1949090">
    <ele>981.2</ele>
    <time>2025-11-16T12:32:49Z</time>
   </trkpt>
   <trkpt lat="4.0838290" lon="-76.1948980">
    <ele>981.3</ele>
    <time>2025-11-16T12:32:50Z</time>
   </trkpt>
   <trkpt lat="4.0838400" lon="-76.1948940">
    <ele>981.3</ele>
    <time>2025-11-16T12:32:51Z</time>
   </trkpt>
   <trkpt lat="4.0838760" lon="-76.1948840">
    <ele>981.3</ele>
    <time>2025-11-16T12:32:52Z</time>
   </trkpt>
   <trkpt lat="4.0838900" lon="-76.1948800">
    <ele>981.3</ele>
    <time>2025-11-16T12:32:53Z</time>
   </trkpt>
   <trkpt lat="4.0839200" lon="-76.1948720">
    <ele>981.3</ele>
    <time>2025-11-16T12:32:54Z</time>
   </trkpt>
   <trkpt lat="4.0839310" lon="-76.1948720">
    <ele>981.3</ele>
    <time>2025-11-16T12:32:55Z</time>
   </trkpt>
   <trkpt lat="4.0839450" lon="-76.1948560">
    <ele>981.3</ele>
    <time>2025-11-16T12:32:56Z</time>
   </trkpt>
   <trkpt lat="4.0839490" lon="-76.1948460">
    <ele>981.3</ele>
    <time>2025-11-16T12:32:57Z</time>
   </trkpt>
   <trkpt lat="4.0839530" lon="-76.1948370">
    <ele>981.3</ele>
    <time>2025-11-16T12:32:58Z</time>
   </trkpt>
   <trkpt lat="4.0839750" lon="-76.1948150">
    <ele>981.3</ele>
    <time>2025-11-16T12:32:59Z</time>
   </trkpt>
   <trkpt lat="4.0840070" lon="-76.1948100">
    <ele>981.3</ele>
    <time>2025-11-16T12:33:00Z</time>
   </trkpt>
   <trkpt lat="4.0840390" lon="-76.1948210">
    <ele>981.3</ele>
    <time>2025-11-16T12:33:01Z</time>
   </trkpt>
   <trkpt lat="4.0840710" lon="-76.1948270">
    <ele>981.3</ele>
    <time>2025-11-16T12:33:02Z</time>
   </trkpt>
   <trkpt lat="4.0840990" lon="-76.1948200">
    <ele>981.3</ele>
    <time>2025-11-16T12:33:03Z</time>
   </trkpt>
   <trkpt lat="4.0841300" lon="-76.1948160">
    <ele>981.3</ele>
    <time>2025-11-16T12:33:04Z</time>
   </trkpt>
   <trkpt lat="4.0841670" lon="-76.1948160">
    <ele>981.3</ele>
    <time>2025-11-16T12:33:05Z</time>
   </trkpt>
   <trkpt lat="4.0841810" lon="-76.1948130">
    <ele>981.3</ele>
    <time>2025-11-16T12:33:06Z</time>
   </trkpt>
   <trkpt lat="4.0842220" lon="-76.1948200">
    <ele>981.3</ele>
    <time>2025-11-16T12:33:07Z</time>
   </trkpt>
   <trkpt lat="4.0842590" lon="-76.1948280">
    <ele>981.3</ele>
    <time>2025-11-16T12:33:08Z</time>
   </trkpt>
   <trkpt lat="4.0842990" lon="-76.1948270">
    <ele>981.3</ele>
    <time>2025-11-16T12:33:09Z</time>
   </trkpt>
   <trkpt lat="4.0843130" lon="-76.1948300">
    <ele>981.3</ele>
    <time>2025-11-16T12:33:10Z</time>
   </trkpt>
   <trkpt lat="4.0843600" lon="-76.1948310">
    <ele>981.2</ele>
    <time>2025-11-16T12:33:12Z</time>
   </trkpt>
   <trkpt lat="4.0843760" lon="-76.1948320">
    <ele>981.2</ele>
    <time>2025-11-16T12:33:13Z</time>
   </trkpt>
   <trkpt lat="4.0843920" lon="-76.1948320">
    <ele>981.2</ele>
    <time>2025-11-16T12:33:14Z</time>
   </trkpt>
   <trkpt lat="4.0844200" lon="-76.1948360">
    <ele>981.2</ele>
    <time>2025-11-16T12:33:15Z</time>
   </trkpt>
   <trkpt lat="4.0844540" lon="-76.1948470">
    <ele>981.2</ele>
    <time>2025-11-16T12:33:16Z</time>
   </trkpt>
   <trkpt lat="4.0844630" lon="-76.1948500">
    <ele>981.2</ele>
    <time>2025-11-16T12:33:17Z</time>
   </trkpt>
   <trkpt lat="4.0844970" lon="-76.1948560">
    <ele>981.2</ele>
    <time>2025-11-16T12:33:18Z</time>
   </trkpt>
   <trkpt lat="4.0845310" lon="-76.1948650">
    <ele>981.2</ele>
    <time>2025-11-16T12:33:19Z</time>
   </trkpt>
   <trkpt lat="4.0845420" lon="-76.1948650">
    <ele>981.2</ele>
    <time>2025-11-16T12:33:20Z</time>
   </trkpt>
   <trkpt lat="4.0845740" lon="-76.1948570">
    <ele>981.2</ele>
    <time>2025-11-16T12:33:21Z</time>
   </trkpt>
   <trkpt lat="4.0845880" lon="-76.1948580">
    <ele>981.2</ele>
    <time>2025-11-16T12:33:22Z</time>
   </trkpt>
   <trkpt lat="4.0846210" lon="-76.1948600">
    <ele>981.2</ele>
    <time>2025-11-16T12:33:23Z</time>
   </trkpt>
   <trkpt lat="4.0846330" lon="-76.1948580">
    <ele>981.2</ele>
    <time>2025-11-16T12:33:24Z</time>
   </trkpt>
   <trkpt lat="4.0846590" lon="-76.1948720">
    <ele>981.2</ele>
    <time>2025-11-16T12:33:25Z</time>
   </trkpt>
   <trkpt lat="4.0846880" lon="-76.1948870">
    <ele>981.2</ele>
    <time>2025-11-16T12:33:26Z</time>
   </trkpt>
   <trkpt lat="4.0846930" lon="-76.1948880">
    <ele>981.2</ele>
    <time>2025-11-16T12:33:27Z</time>
   </trkpt>
   <trkpt lat="4.0847160" lon="-76.1948710">
    <ele>981.1</ele>
    <time>2025-11-16T12:33:28Z</time>
   </trkpt>
   <trkpt lat="4.0847410" lon="-76.1948360">
    <ele>981.1</ele>
    <time>2025-11-16T12:33:29Z</time>
   </trkpt>
   <trkpt lat="4.0847560" lon="-76.1948120">
    <ele>981.0</ele>
    <time>2025-11-16T12:33:30Z</time>
   </trkpt>
   <trkpt lat="4.0847580" lon="-76.1948020">
    <ele>981.0</ele>
    <time>2025-11-16T12:33:31Z</time>
   </trkpt>
   <trkpt lat="4.0847850" lon="-76.1947790">
    <ele>981.0</ele>
    <time>2025-11-16T12:33:32Z</time>
   </trkpt>
   <trkpt lat="4.0848080" lon="-76.1947610">
    <ele>981.0</ele>
    <time>2025-11-16T12:33:33Z</time>
   </trkpt>
   <trkpt lat="4.0848430" lon="-76.1947560">
    <ele>980.9</ele>
    <time>2025-11-16T12:33:34Z</time>
   </trkpt>
   <trkpt lat="4.0848690" lon="-76.1947400">
    <ele>980.9</ele>
    <time>2025-11-16T12:33:35Z</time>
   </trkpt>
   <trkpt lat="4.0848960" lon="-76.1947190">
    <ele>980.8</ele>
    <time>2025-11-16T12:33:36Z</time>
   </trkpt>
   <trkpt lat="4.0849260" lon="-76.1947110">
    <ele>980.8</ele>
    <time>2025-11-16T12:33:37Z</time>
   </trkpt>
   <trkpt lat="4.0849620" lon="-76.1947010">
    <ele>980.7</ele>
    <time>2025-11-16T12:33:38Z</time>
   </trkpt>
   <trkpt lat="4.0849740" lon="-76.1946920">
    <ele>980.7</ele>
    <time>2025-11-16T12:33:39Z</time>
   </trkpt>
   <trkpt lat="4.0850120" lon="-76.1946800">
    <ele>980.7</ele>
    <time>2025-11-16T12:33:40Z</time>
   </trkpt>
   <trkpt lat="4.0850250" lon="-76.1946700">
    <ele>980.6</ele>
    <time>2025-11-16T12:33:41Z</time>
   </trkpt>
   <trkpt lat="4.0850530" lon="-76.1946470">
    <ele>980.6</ele>
    <time>2025-11-16T12:33:42Z</time>
   </trkpt>
   <trkpt lat="4.0850620" lon="-76.1946350">
    <ele>980.6</ele>
    <time>2025-11-16T12:33:43Z</time>
   </trkpt>
   <trkpt lat="4.0850880" lon="-76.1946090">
    <ele>980.6</ele>
    <time>2025-11-16T12:33:44Z</time>
   </trkpt>
   <trkpt lat="4.0851200" lon="-76.1945930">
    <ele>980.5</ele>
    <time>2025-11-16T12:33:45Z</time>
   </trkpt>
   <trkpt lat="4.0851310" lon="-76.1945930">
    <ele>980.5</ele>
    <time>2025-11-16T12:33:46Z</time>
   </trkpt>
   <trkpt lat="4.0851610" lon="-76.1945820">
    <ele>980.5</ele>
    <time>2025-11-16T12:33:47Z</time>
   </trkpt>
   <trkpt lat="4.0851790" lon="-76.1945840">
    <ele>980.5</ele>
    <time>2025-11-16T12:33:48Z</time>
   </trkpt>
   <trkpt lat="4.0851950" lon="-76.1945770">
    <ele>980.5</ele>
    <time>2025-11-16T12:33:49Z</time>
   </trkpt>
   <trkpt lat="4.0852190" lon="-76.1945520">
    <ele>980.4</ele>
    <time>2025-11-16T12:33:50Z</time>
   </trkpt>
   <trkpt lat="4.0852430" lon="-76.1945330">
    <ele>980.4</ele>
    <time>2025-11-16T12:33:51Z</time>
   </trkpt>
   <trkpt lat="4.0852640" lon="-76.1945310">
    <ele>980.4</ele>
    <time>2025-11-16T12:33:52Z</time>
   </trkpt>
   <trkpt lat="4.0852740" lon="-76.1945260">
    <ele>980.4</ele>
    <time>2025-11-16T12:33:53Z</time>
   </trkpt>
   <trkpt lat="4.0853020" lon="-76.1945200">
    <ele>980.4</ele>
    <time>2025-11-16T12:33:54Z</time>
   </trkpt>
   <trkpt lat="4.0853270" lon="-76.1944960">
    <ele>980.3</ele>
    <time>2025-11-16T12:33:55Z</time>
   </trkpt>
   <trkpt lat="4.0853370" lon="-76.1944870">
    <ele>980.3</ele>
    <time>2025-11-16T12:33:56Z</time>
   </trkpt>
   <trkpt lat="4.0853690" lon="-76.1944650">
    <ele>980.3</ele>
    <time>2025-11-16T12:33:57Z</time>
   </trkpt>
   <trkpt lat="4.0853850" lon="-76.1944560">
    <ele>980.3</ele>
    <time>2025-11-16T12:33:58Z</time>
   </trkpt>
   <trkpt lat="4.0854110" lon="-76.1944420">
    <ele>980.3</ele>
    <time>2025-11-16T12:33:59Z</time>
   </trkpt>
   <trkpt lat="4.0854430" lon="-76.1944230">
    <ele>980.2</ele>
    <time>2025-11-16T12:34:00Z</time>
   </trkpt>
   <trkpt lat="4.0854490" lon="-76.1944070">
    <ele>980.2</ele>
    <time>2025-11-16T12:34:01Z</time>
   </trkpt>
   <trkpt lat="4.0854770" lon="-76.1943930">
    <ele>980.2</ele>
    <time>2025-11-16T12:34:02Z</time>
   </trkpt>
   <trkpt lat="4.0855080" lon="-76.1943970">
    <ele>980.1</ele>
    <time>2025-11-16T12:34:03Z</time>
   </trkpt>
   <trkpt lat="4.0855470" lon="-76.1943950">
    <ele>980.0</ele>
    <time>2025-11-16T12:34:04Z</time>
   </trkpt>
   <trkpt lat="4.0855620" lon="-76.1943910">
    <ele>980.0</ele>
    <time>2025-11-16T12:34:05Z</time>
   </trkpt>
   <trkpt lat="4.0855940" lon="-76.1943700">
    <ele>979.9</ele>
    <time>2025-11-16T12:34:06Z</time>
   </trkpt>
   <trkpt lat="4.0856060" lon="-76.1943650">
    <ele>979.8</ele>
    <time>2025-11-16T12:34:07Z</time>
   </trkpt>
   <trkpt lat="4.0856310" lon="-76.1943470">
    <ele>979.8</ele>
    <time>2025-11-16T12:34:08Z</time>
   </trkpt>
   <trkpt lat="4.0856410" lon="-76.1943400">
    <ele>979.7</ele>
    <time>2025-11-16T12:34:09Z</time>
   </trkpt>
   <trkpt lat="4.0856720" lon="-76.1943220">
    <ele>979.6</ele>
    <time>2025-11-16T12:34:10Z</time>
   </trkpt>
   <trkpt lat="4.0856810" lon="-76.1943180">
    <ele>979.6</ele>
    <time>2025-11-16T12:34:11Z</time>
   </trkpt>
   <trkpt lat="4.0857090" lon="-76.1943060">
    <ele>979.5</ele>
    <time>2025-11-16T12:34:12Z</time>
   </trkpt>
   <trkpt lat="4.0857380" lon="-76.1942940">
    <ele>979.5</ele>
    <time>2025-11-16T12:34:13Z</time>
   </trkpt>
   <trkpt lat="4.0857500" lon="-76.1942880">
    <ele>979.4</ele>
    <time>2025-11-16T12:34:14Z</time>
   </trkpt>
   <trkpt lat="4.0857830" lon="-76.1942780">
    <ele>979.4</ele>
    <time>2025-11-16T12:34:15Z</time>
   </trkpt>
   <trkpt lat="4.0858190" lon="-76.1942630">
    <ele>979.4</ele>
    <time>2025-11-16T12:34:16Z</time>
   </trkpt>
   <trkpt lat="4.0858490" lon="-76.1942450">
    <ele>979.3</ele>
    <time>2025-11-16T12:34:17Z</time>
   </trkpt>
   <trkpt lat="4.0858550" lon="-76.1942340">
    <ele>979.3</ele>
    <time>2025-11-16T12:34:18Z</time>
   </trkpt>
   <trkpt lat="4.0858920" lon="-76.1942090">
    <ele>979.2</ele>
    <time>2025-11-16T12:34:19Z</time>
   </trkpt>
   <trkpt lat="4.0859020" lon="-76.1941920">
    <ele>979.2</ele>
    <time>2025-11-16T12:34:20Z</time>
   </trkpt>
   <trkpt lat="4.0859360" lon="-76.1941740">
    <ele>979.2</ele>
    <time>2025-11-16T12:34:21Z</time>
   </trkpt>
   <trkpt lat="4.0859490" lon="-76.1941710">
    <ele>979.1</ele>
    <time>2025-11-16T12:34:22Z</time>
   </trkpt>
   <trkpt lat="4.0859780" lon="-76.1941590">
    <ele>979.1</ele>
    <time>2025-11-16T12:34:23Z</time>
   </trkpt>
   <trkpt lat="4.0859880" lon="-76.1941550">
    <ele>979.1</ele>
    <time>2025-11-16T12:34:24Z</time>
   </trkpt>
   <trkpt lat="4.0860130" lon="-76.1941290">
    <ele>979.0</ele>
    <time>2025-11-16T12:34:25Z</time>
   </trkpt>
   <trkpt lat="4.0860190" lon="-76.1941170">
    <ele>979.0</ele>
    <time>2025-11-16T12:34:26Z</time>
   </trkpt>
   <trkpt lat="4.0860350" lon="-76.1940930">
    <ele>979.0</ele>
    <time>2025-11-16T12:34:27Z</time>
   </trkpt>
   <trkpt lat="4.0860680" lon="-76.1940770">
    <ele>978.9</ele>
    <time>2025-11-16T12:34:28Z</time>
   </trkpt>
   <trkpt lat="4.0860870" lon="-76.1940710">
    <ele>978.9</ele>
    <time>2025-11-16T12:34:29Z</time>
   </trkpt>
   <trkpt lat="4.0861220" lon="-76.1940570">
    <ele>978.8</ele>
    <time>2025-11-16T12:34:30Z</time>
   </trkpt>
   <trkpt lat="4.0861340" lon="-76.1940530">
    <ele>978.8</ele>
    <time>2025-11-16T12:34:31Z</time>
   </trkpt>
   <trkpt lat="4.0861580" lon="-76.1940330">
    <ele>978.8</ele>
    <time>2025-11-16T12:34:32Z</time>
   </trkpt>
   <trkpt lat="4.0861880" lon="-76.1940180">
    <ele>978.7</ele>
    <time>2025-11-16T12:34:33Z</time>
   </trkpt>
   <trkpt lat="4.0862130" lon="-76.1939970">
    <ele>978.7</ele>
    <time>2025-11-16T12:34:34Z</time>
   </trkpt>
   <trkpt lat="4.0862420" lon="-76.1939770">
    <ele>978.7</ele>
    <time>2025-11-16T12:34:35Z</time>
   </trkpt>
   <trkpt lat="4.0862590" lon="-76.1939700">
    <ele>978.6</ele>
    <time>2025-11-16T12:34:36Z</time>
   </trkpt>
   <trkpt lat="4.0862900" lon="-76.1939580">
    <ele>978.6</ele>
    <time>2025-11-16T12:34:37Z</time>
   </trkpt>
   <trkpt lat="4.0863210" lon="-76.1939500">
    <ele>978.6</ele>
    <time>2025-11-16T12:34:38Z</time>
   </trkpt>
   <trkpt lat="4.0863520" lon="-76.1939450">
    <ele>978.5</ele>
    <time>2025-11-16T12:34:39Z</time>
   </trkpt>
   <trkpt lat="4.0863780" lon="-76.1939250">
    <ele>978.5</ele>
    <time>2025-11-16T12:34:40Z</time>
   </trkpt>
   <trkpt lat="4.0864040" lon="-76.1939110">
    <ele>978.4</ele>
    <time>2025-11-16T12:34:41Z</time>
   </trkpt>
   <trkpt lat="4.0864390" lon="-76.1938930">
    <ele>978.4</ele>
    <time>2025-11-16T12:34:42Z</time>
   </trkpt>
   <trkpt lat="4.0864500" lon="-76.1938860">
    <ele>978.4</ele>
    <time>2025-11-16T12:34:43Z</time>
   </trkpt>
   <trkpt lat="4.0864860" lon="-76.1938640">
    <ele>978.3</ele>
    <time>2025-11-16T12:34:44Z</time>
   </trkpt>
   <trkpt lat="4.0865000" lon="-76.1938580">
    <ele>978.3</ele>
    <time>2025-11-16T12:34:45Z</time>
   </trkpt>
   <trkpt lat="4.0865280" lon="-76.1938510">
    <ele>978.3</ele>
    <time>2025-11-16T12:34:46Z</time>
   </trkpt>
   <trkpt lat="4.0865670" lon="-76.1938350">
    <ele>978.3</ele>
    <time>2025-11-16T12:34:47Z</time>
   </trkpt>
   <trkpt lat="4.0865830" lon="-76.1938300">
    <ele>978.2</ele>
    <time>2025-11-16T12:34:48Z</time>
   </trkpt>
   <trkpt lat="4.0866100" lon="-76.1937910">
    <ele>978.2</ele>
    <time>2025-11-16T12:34:49Z</time>
   </trkpt>
   <trkpt lat="4.0866460" lon="-76.1937750">
    <ele>978.1</ele>
    <time>2025-11-16T12:34:50Z</time>
   </trkpt>
   <trkpt lat="4.0866590" lon="-76.1937700">
    <ele>978.1</ele>
    <time>2025-11-16T12:34:51Z</time>
   </trkpt>
   <trkpt lat="4.0866880" lon="-76.1937500">
    <ele>978.1</ele>
    <time>2025-11-16T12:34:52Z</time>
   </trkpt>
   <trkpt lat="4.0867030" lon="-76.1937440">
    <ele>978.1</ele>
    <time>2025-11-16T12:34:53Z</time>
   </trkpt>
   <trkpt lat="4.0867370" lon="-76.1937350">
    <ele>978.0</ele>
    <time>2025-11-16T12:34:54Z</time>
   </trkpt>
   <trkpt lat="4.0867510" lon="-76.1937320">
    <ele>978.0</ele>
    <time>2025-11-16T12:34:55Z</time>
   </trkpt>
   <trkpt lat="4.0867740" lon="-76.1937050">
    <ele>978.0</ele>
    <time>2025-11-16T12:34:56Z</time>
   </trkpt>
   <trkpt lat="4.0868090" lon="-76.1936940">
    <ele>978.0</ele>
    <time>2025-11-16T12:34:57Z</time>
   </trkpt>
   <trkpt lat="4.0868200" lon="-76.1936880">
    <ele>977.9</ele>
    <time>2025-11-16T12:34:58Z</time>
   </trkpt>
   <trkpt lat="4.0868460" lon="-76.1936800">
    <ele>977.9</ele>
    <time>2025-11-16T12:34:59Z</time>
   </trkpt>
   <trkpt lat="4.0868740" lon="-76.1936540">
    <ele>977.9</ele>
    <time>2025-11-16T12:35:00Z</time>
   </trkpt>
   <trkpt lat="4.0868850" lon="-76.1936470">
    <ele>977.9</ele>
    <time>2025-11-16T12:35:01Z</time>
   </trkpt>
   <trkpt lat="4.0869130" lon="-76.1936390">
    <ele>977.8</ele>
    <time>2025-11-16T12:35:02Z</time>
   </trkpt>
   <trkpt lat="4.0869400" lon="-76.1936340">
    <ele>977.8</ele>
    <time>2025-11-16T12:35:03Z</time>
   </trkpt>
   <trkpt lat="4.0869670" lon="-76.1936170">
    <ele>977.8</ele>
    <time>2025-11-16T12:35:04Z</time>
   </trkpt>
   <trkpt lat="4.0870020" lon="-76.1936040">
    <ele>977.7</ele>
    <time>2025-11-16T12:35:05Z</time>
   </trkpt>
   <trkpt lat="4.0870130" lon="-76.1935960">
    <ele>977.7</ele>
    <time>2025-11-16T12:35:06Z</time>
   </trkpt>
   <trkpt lat="4.0870380" lon="-76.1935830">
    <ele>977.7</ele>
    <time>2025-11-16T12:35:07Z</time>
   </trkpt>
   <trkpt lat="4.0870690" lon="-76.1935730">
    <ele>977.7</ele>
    <time>2025-11-16T12:35:08Z</time>
   </trkpt>
   <trkpt lat="4.0870950" lon="-76.1935640">
    <ele>977.7</ele>
    <time>2025-11-16T12:35:09Z</time>
   </trkpt>
   <trkpt lat="4.0871250" lon="-76.1935460">
    <ele>977.7</ele>
    <time>2025-11-16T12:35:10Z</time>
   </trkpt>
   <trkpt lat="4.0871360" lon="-76.1935350">
    <ele>977.7</ele>
    <time>2025-11-16T12:35:11Z</time>
   </trkpt>
   <trkpt lat="4.0871660" lon="-76.1935120">
    <ele>977.6</ele>
    <time>2025-11-16T12:35:12Z</time>
   </trkpt>
   <trkpt lat="4.0871770" lon="-76.1935040">
    <ele>977.6</ele>
    <time>2025-11-16T12:35:13Z</time>
   </trkpt>
   <trkpt lat="4.0872090" lon="-76.1934830">
    <ele>977.6</ele>
    <time>2025-11-16T12:35:14Z</time>
   </trkpt>
   <trkpt lat="4.0872180" lon="-76.1934760">
    <ele>977.6</ele>
    <time>2025-11-16T12:35:15Z</time>
   </trkpt>
   <trkpt lat="4.0872450" lon="-76.1934710">
    <ele>977.6</ele>
    <time>2025-11-16T12:35:16Z</time>
   </trkpt>
   <trkpt lat="4.0872580" lon="-76.1934640">
    <ele>977.6</ele>
    <time>2025-11-16T12:35:18Z</time>
   </trkpt>
   <trkpt lat="4.0872860" lon="-76.1934390">
    <ele>977.5</ele>
    <time>2025-11-16T12:35:19Z</time>
   </trkpt>
   <trkpt lat="4.0873100" lon="-76.1934260">
    <ele>977.5</ele>
    <time>2025-11-16T12:35:20Z</time>
   </trkpt>
   <trkpt lat="4.0873430" lon="-76.1934190">
    <ele>977.5</ele>
    <time>2025-11-16T12:35:21Z</time>
   </trkpt>
   <trkpt lat="4.0873540" lon="-76.1934130">
    <ele>977.5</ele>
    <time>2025-11-16T12:35:22Z</time>
   </trkpt>
   <trkpt lat="4.0873860" lon="-76.1934100">
    <ele>977.4</ele>
    <time>2025-11-16T12:35:23Z</time>
   </trkpt>
   <trkpt lat="4.0874270" lon="-76.1934100">
    <ele>977.4</ele>
    <time>2025-11-16T12:35:24Z</time>
   </trkpt>
   <trkpt lat="4.0874410" lon="-76.1934120">
    <ele>977.4</ele>
    <time>2025-11-16T12:35:25Z</time>
   </trkpt>
   <trkpt lat="4.0874710" lon="-76.1933910">
    <ele>977.4</ele>
    <time>2025-11-16T12:35:26Z</time>
   </trkpt>
   <trkpt lat="4.0874760" lon="-76.1933770">
    <ele>977.3</ele>
    <time>2025-11-16T12:35:27Z</time>
   </trkpt>
   <trkpt lat="4.0875010" lon="-76.1933570">
    <ele>977.3</ele>
    <time>2025-11-16T12:35:28Z</time>
   </trkpt>
   <trkpt lat="4.0875090" lon="-76.1933490">
    <ele>977.3</ele>
    <time>2025-11-16T12:35:29Z</time>
   </trkpt>
   <trkpt lat="4.0875380" lon="-76.1933360">
    <ele>977.3</ele>
    <time>2025-11-16T12:35:30Z</time>
   </trkpt>
   <trkpt lat="4.0875420" lon="-76.1933310">
    <ele>977.3</ele>
    <time>2025-11-16T12:35:31Z</time>
   </trkpt>
   <trkpt lat="4.0875750" lon="-76.1933210">
    <ele>977.2</ele>
    <time>2025-11-16T12:35:32Z</time>
   </trkpt>
   <trkpt lat="4.0875820" lon="-76.1933140">
    <ele>977.2</ele>
    <time>2025-11-16T12:35:33Z</time>
   </trkpt>
   <trkpt lat="4.0876050" lon="-76.1932960">
    <ele>977.2</ele>
    <time>2025-11-16T12:35:34Z</time>
   </trkpt>
   <trkpt lat="4.0876120" lon="-76.1932870">
    <ele>977.2</ele>
    <time>2025-11-16T12:35:35Z</time>
   </trkpt>
   <trkpt lat="4.0876410" lon="-76.1932720">
    <ele>977.1</ele>
    <time>2025-11-16T12:35:36Z</time>
   </trkpt>
   <trkpt lat="4.0876510" lon="-76.1932650">
    <ele>977.1</ele>
    <time>2025-11-16T12:35:37Z</time>
   </trkpt>
   <trkpt lat="4.0876890" lon="-76.1932510">
    <ele>977.1</ele>
    <time>2025-11-16T12:35:38Z</time>
   </trkpt>
   <trkpt lat="4.0877110" lon="-76.1932460">
    <ele>977.0</ele>
    <time>2025-11-16T12:35:39Z</time>
   </trkpt>
   <trkpt lat="4.0877400" lon="-76.1932410">
    <ele>977.0</ele>
    <time>2025-11-16T12:35:40Z</time>
   </trkpt>
   <trkpt lat="4.0877670" lon="-76.1932330">
    <ele>977.0</ele>
    <time>2025-11-16T12:35:41Z</time>
   </trkpt>
   <trkpt lat="4.0877940" lon="-76.1932220">
    <ele>976.9</ele>
    <time>2025-11-16T12:35:42Z</time>
   </trkpt>
   <trkpt lat="4.0878240" lon="-76.1931960">
    <ele>976.9</ele>
    <time>2025-11-16T12:35:43Z</time>
   </trkpt>
   <trkpt lat="4.0878590" lon="-76.1931840">
    <ele>976.8</ele>
    <time>2025-11-16T12:35:44Z</time>
   </trkpt>
   <trkpt lat="4.0878720" lon="-76.1931780">
    <ele>976.8</ele>
    <time>2025-11-16T12:35:45Z</time>
   </trkpt>
   <trkpt lat="4.0878960" lon="-76.1931650">
    <ele>976.7</ele>
    <time>2025-11-16T12:35:46Z</time>
   </trkpt>
   <trkpt lat="4.0879210" lon="-76.1931510">
    <ele>976.7</ele>
    <time>2025-11-16T12:35:47Z</time>
   </trkpt>
   <trkpt lat="4.0879510" lon="-76.1931340">
    <ele>976.6</ele>
    <time>2025-11-16T12:35:48Z</time>
   </trkpt>
   <trkpt lat="4.0879790" lon="-76.1931090">
    <ele>976.6</ele>
    <time>2025-11-16T12:35:49Z</time>
   </trkpt>
   <trkpt lat="4.0879990" lon="-76.1930900">
    <ele>976.5</ele>
    <time>2025-11-16T12:35:50Z</time>
   </trkpt>
   <trkpt lat="4.0880250" lon="-76.1930750">
    <ele>976.5</ele>
    <time>2025-11-16T12:35:51Z</time>
   </trkpt>
   <trkpt lat="4.0880340" lon="-76.1930690">
    <ele>976.5</ele>
    <time>2025-11-16T12:35:52Z</time>
   </trkpt>
   <trkpt lat="4.0880640" lon="-76.1930470">
    <ele>976.4</ele>
    <time>2025-11-16T12:35:53Z</time>
   </trkpt>
   <trkpt lat="4.0880750" lon="-76.1930400">
    <ele>976.4</ele>
    <time>2025-11-16T12:35:54Z</time>
   </trkpt>
   <trkpt lat="4.0881030" lon="-76.1930140">
    <ele>976.3</ele>
    <time>2025-11-16T12:35:55Z</time>
   </trkpt>
   <trkpt lat="4.0881120" lon="-76.1930070">
    <ele>976.3</ele>
    <time>2025-11-16T12:35:56Z</time>
   </trkpt>
   <trkpt lat="4.0881450" lon="-76.1929980">
    <ele>976.2</ele>
    <time>2025-11-16T12:35:57Z</time>
   </trkpt>
   <trkpt lat="4.0881560" lon="-76.1929930">
    <ele>976.2</ele>
    <time>2025-11-16T12:35:58Z</time>
   </trkpt>
   <trkpt lat="4.0881820" lon="-76.1929780">
    <ele>976.2</ele>
    <time>2025-11-16T12:35:59Z</time>
   </trkpt>
   <trkpt lat="4.0882080" lon="-76.1929630">
    <ele>976.1</ele>
    <time>2025-11-16T12:36:00Z</time>
   </trkpt>
   <trkpt lat="4.0882350" lon="-76.1929490">
    <ele>976.1</ele>
    <time>2025-11-16T12:36:01Z</time>
   </trkpt>
   <trkpt lat="4.0882570" lon="-76.1929260">
    <ele>976.0</ele>
    <time>2025-11-16T12:36:02Z</time>
   </trkpt>
   <trkpt lat="4.0882800" lon="-76.1929010">
    <ele>975.9</ele>
    <time>2025-11-16T12:36:03Z</time>
   </trkpt>
   <trkpt lat="4.0882880" lon="-76.1928980">
    <ele>975.9</ele>
    <time>2025-11-16T12:36:04Z</time>
   </trkpt>
   <trkpt lat="4.0883170" lon="-76.1928780">
    <ele>975.9</ele>
    <time>2025-11-16T12:36:05Z</time>
   </trkpt>
   <trkpt lat="4.0883280" lon="-76.1928700">
    <ele>975.8</ele>
    <time>2025-11-16T12:36:06Z</time>
   </trkpt>
   <trkpt lat="4.0883630" lon="-76.1928510">
    <ele>975.8</ele>
    <time>2025-11-16T12:36:07Z</time>
   </trkpt>
   <trkpt lat="4.0883770" lon="-76.1928250">
    <ele>975.8</ele>
    <time>2025-11-16T12:36:08Z</time>
   </trkpt>
   <trkpt lat="4.0884070" lon="-76.1928130">
    <ele>975.7</ele>
    <time>2025-11-16T12:36:09Z</time>
   </trkpt>
   <trkpt lat="4.0884200" lon="-76.1928060">
    <ele>975.7</ele>
    <time>2025-11-16T12:36:10Z</time>
   </trkpt>
   <trkpt lat="4.0884500" lon="-76.1927890">
    <ele>975.7</ele>
    <time>2025-11-16T12:36:11Z</time>
   </trkpt>
   <trkpt lat="4.0884770" lon="-76.1927700">
    <ele>975.6</ele>
    <time>2025-11-16T12:36:12Z</time>
   </trkpt>
   <trkpt lat="4.0884830" lon="-76.1927660">
    <ele>975.6</ele>
    <time>2025-11-16T12:36:13Z</time>
   </trkpt>
   <trkpt lat="4.0885140" lon="-76.1927400">
    <ele>975.6</ele>
    <time>2025-11-16T12:36:14Z</time>
   </trkpt>
   <trkpt lat="4.0885270" lon="-76.1927300">
    <ele>975.6</ele>
    <time>2025-11-16T12:36:15Z</time>
   </trkpt>
   <trkpt lat="4.0885530" lon="-76.1927110">
    <ele>975.6</ele>
    <time>2025-11-16T12:36:16Z</time>
   </trkpt>
   <trkpt lat="4.0885620" lon="-76.1927040">
    <ele>975.5</ele>
    <time>2025-11-16T12:36:17Z</time>
   </trkpt>
   <trkpt lat="4.0885940" lon="-76.1926910">
    <ele>975.5</ele>
    <time>2025-11-16T12:36:18Z</time>
   </trkpt>
   <trkpt lat="4.0886030" lon="-76.1926870">
    <ele>975.5</ele>
    <time>2025-11-16T12:36:19Z</time>
   </trkpt>
   <trkpt lat="4.0886340" lon="-76.1926690">
    <ele>975.5</ele>
    <time>2025-11-16T12:36:20Z</time>
   </trkpt>
   <trkpt lat="4.0886440" lon="-76.1926620">
    <ele>975.5</ele>
    <time>2025-11-16T12:36:21Z</time>
   </trkpt>
   <trkpt lat="4.0886600" lon="-76.1926370">
    <ele>975.4</ele>
    <time>2025-11-16T12:36:22Z</time>
   </trkpt>
   <trkpt lat="4.0886860" lon="-76.1926030">
    <ele>975.4</ele>
    <time>2025-11-16T12:36:23Z</time>
   </trkpt>
   <trkpt lat="4.0886960" lon="-76.1925910">
    <ele>975.4</ele>
    <time>2025-11-16T12:36:24Z</time>
   </trkpt>
   <trkpt lat="4.0887150" lon="-76.1925670">
    <ele>975.3</ele>
    <time>2025-11-16T12:36:25Z</time>
   </trkpt>
   <trkpt lat="4.0887370" lon="-76.1925420">
    <ele>975.3</ele>
    <time>2025-11-16T12:36:26Z</time>
   </trkpt>
   <trkpt lat="4.0887470" lon="-76.1925310">
    <ele>975.3</ele>
    <time>2025-11-16T12:36:27Z</time>
   </trkpt>
   <trkpt lat="4.0887700" lon="-76.1925110">
    <ele>975.3</ele>
    <time>2025-11-16T12:36:28Z</time>
   </trkpt>
   <trkpt lat="4.0887960" lon="-76.1924800">
    <ele>975.3</ele>
    <time>2025-11-16T12:36:29Z</time>
   </trkpt>
   <trkpt lat="4.0888060" lon="-76.1924650">
    <ele>975.3</ele>
    <time>2025-11-16T12:36:30Z</time>
   </trkpt>
   <trkpt lat="4.0888300" lon="-76.1924430">
    <ele>975.2</ele>
    <time>2025-11-16T12:36:31Z</time>
   </trkpt>
   <trkpt lat="4.0888400" lon="-76.1924370">
    <ele>975.2</ele>
    <time>2025-11-16T12:36:32Z</time>
   </trkpt>
   <trkpt lat="4.0888640" lon="-76.1924190">
    <ele>975.2</ele>
    <time>2025-11-16T12:36:33Z</time>
   </trkpt>
   <trkpt lat="4.0888690" lon="-76.1923870">
    <ele>975.2</ele>
    <time>2025-11-16T12:36:34Z</time>
   </trkpt>
   <trkpt lat="4.0888900" lon="-76.1923630">
    <ele>975.2</ele>
    <time>2025-11-16T12:36:35Z</time>
   </trkpt>
   <trkpt lat="4.0889250" lon="-76.1923490">
    <ele>975.2</ele>
    <time>2025-11-16T12:36:36Z</time>
   </trkpt>
   <trkpt lat="4.0889380" lon="-76.1923440">
    <ele>975.2</ele>
    <time>2025-11-16T12:36:37Z</time>
   </trkpt>
   <trkpt lat="4.0889540" lon="-76.1923160">
    <ele>975.2</ele>
    <time>2025-11-16T12:36:38Z</time>
   </trkpt>
   <trkpt lat="4.0889790" lon="-76.1922930">
    <ele>975.2</ele>
    <time>2025-11-16T12:36:39Z</time>
   </trkpt>
   <trkpt lat="4.0889860" lon="-76.1922890">
    <ele>975.1</ele>
    <time>2025-11-16T12:36:40Z</time>
   </trkpt>
   <trkpt lat="4.0890150" lon="-76.1922760">
    <ele>975.1</ele>
    <time>2025-11-16T12:36:41Z</time>
   </trkpt>
   <trkpt lat="4.0890240" lon="-76.1922740">
    <ele>975.1</ele>
    <time>2025-11-16T12:36:42Z</time>
   </trkpt>
   <trkpt lat="4.0890270" lon="-76.1922590">
    <ele>975.1</ele>
    <time>2025-11-16T12:36:43Z</time>
   </trkpt>
   <trkpt lat="4.0890400" lon="-76.1922430">
    <ele>975.1</ele>
    <time>2025-11-16T12:36:44Z</time>
   </trkpt>
   <trkpt lat="4.0890620" lon="-76.1922130">
    <ele>975.1</ele>
    <time>2025-11-16T12:36:45Z</time>
   </trkpt>
   <trkpt lat="4.0890660" lon="-76.1921850">
    <ele>975.1</ele>
    <time>2025-11-16T12:36:46Z</time>
   </trkpt>
   <trkpt lat="4.0890890" lon="-76.1921740">
    <ele>975.1</ele>
    <time>2025-11-16T12:36:47Z</time>
   </trkpt>
   <trkpt lat="4.0890980" lon="-76.1921660">
    <ele>975.1</ele>
    <time>2025-11-16T12:36:48Z</time>
   </trkpt>
   <trkpt lat="4.0891210" lon="-76.1921480">
    <ele>975.1</ele>
    <time>2025-11-16T12:36:49Z</time>
   </trkpt>
   <trkpt lat="4.0891330" lon="-76.1921370">
    <ele>975.1</ele>
    <time>2025-11-16T12:36:50Z</time>
   </trkpt>
   <trkpt lat="4.0891680" lon="-76.1921250">
    <ele>975.1</ele>
    <time>2025-11-16T12:36:51Z</time>
   </trkpt>
   <trkpt lat="4.0891900" lon="-76.1920920">
    <ele>975.1</ele>
    <time>2025-11-16T12:36:52Z</time>
   </trkpt>
   <trkpt lat="4.0892200" lon="-76.1920710">
    <ele>975.1</ele>
    <time>2025-11-16T12:36:53Z</time>
   </trkpt>
   <trkpt lat="4.0892300" lon="-76.1920660">
    <ele>975.1</ele>
    <time>2025-11-16T12:36:54Z</time>
   </trkpt>
   <trkpt lat="4.0892570" lon="-76.1920510">
    <ele>975.1</ele>
    <time>2025-11-16T12:36:55Z</time>
   </trkpt>
   <trkpt lat="4.0892670" lon="-76.1920500">
    <ele>975.1</ele>
    <time>2025-11-16T12:36:56Z</time>
   </trkpt>
   <trkpt lat="4.0892820" lon="-76.1920280">
    <ele>975.1</ele>
    <time>2025-11-16T12:36:57Z</time>
   </trkpt>
   <trkpt lat="4.0892880" lon="-76.1920070">
    <ele>975.0</ele>
    <time>2025-11-16T12:36:58Z</time>
   </trkpt>
   <trkpt lat="4.0892950" lon="-76.1919730">
    <ele>975.0</ele>
    <time>2025-11-16T12:36:59Z</time>
   </trkpt>
   <trkpt lat="4.0893140" lon="-76.1919470">
    <ele>975.0</ele>
    <time>2025-11-16T12:37:00Z</time>
   </trkpt>
   <trkpt lat="4.0893310" lon="-76.1919250">
    <ele>975.0</ele>
    <time>2025-11-16T12:37:01Z</time>
   </trkpt>
   <trkpt lat="4.0893540" lon="-76.1919010">
    <ele>975.0</ele>
    <time>2025-11-16T12:37:02Z</time>
   </trkpt>
   <trkpt lat="4.0893790" lon="-76.1918820">
    <ele>975.0</ele>
    <time>2025-11-16T12:37:03Z</time>
   </trkpt>
   <trkpt lat="4.0893940" lon="-76.1918580">
    <ele>975.0</ele>
    <time>2025-11-16T12:37:04Z</time>
   </trkpt>
   <trkpt lat="4.0894220" lon="-76.1918340">
    <ele>975.0</ele>
    <time>2025-11-16T12:37:05Z</time>
   </trkpt>
   <trkpt lat="4.0894270" lon="-76.1918210">
    <ele>975.0</ele>
    <time>2025-11-16T12:37:06Z</time>
   </trkpt>
   <trkpt lat="4.0894500" lon="-76.1917980">
    <ele>975.0</ele>
    <time>2025-11-16T12:37:07Z</time>
   </trkpt>
   <trkpt lat="4.0894580" lon="-76.1917870">
    <ele>975.0</ele>
    <time>2025-11-16T12:37:08Z</time>
   </trkpt>
   <trkpt lat="4.0894750" lon="-76.1917630">
    <ele>975.0</ele>
    <time>2025-11-16T12:37:09Z</time>
   </trkpt>
   <trkpt lat="4.0895070" lon="-76.1917320">
    <ele>975.0</ele>
    <time>2025-11-16T12:37:10Z</time>
   </trkpt>
   <trkpt lat="4.0895210" lon="-76.1917130">
    <ele>974.9</ele>
    <time>2025-11-16T12:37:11Z</time>
   </trkpt>
   <trkpt lat="4.0895470" lon="-76.1916850">
    <ele>974.9</ele>
    <time>2025-11-16T12:37:12Z</time>
   </trkpt>
   <trkpt lat="4.0895540" lon="-76.1916790">
    <ele>974.9</ele>
    <time>2025-11-16T12:37:13Z</time>
   </trkpt>
   <trkpt lat="4.0895750" lon="-76.1916680">
    <ele>974.9</ele>
    <time>2025-11-16T12:37:14Z</time>
   </trkpt>
   <trkpt lat="4.0895940" lon="-76.1916440">
    <ele>974.9</ele>
    <time>2025-11-16T12:37:15Z</time>
   </trkpt>
   <trkpt lat="4.0896120" lon="-76.1916230">
    <ele>974.9</ele>
    <time>2025-11-16T12:37:16Z</time>
   </trkpt>
   <trkpt lat="4.0896370" lon="-76.1915940">
    <ele>974.9</ele>
    <time>2025-11-16T12:37:17Z</time>
   </trkpt>
   <trkpt lat="4.0896440" lon="-76.1915850">
    <ele>974.9</ele>
    <time>2025-11-16T12:37:18Z</time>
   </trkpt>
   <trkpt lat="4.0896670" lon="-76.1915610">
    <ele>974.9</ele>
    <time>2025-11-16T12:37:19Z</time>
   </trkpt>
   <trkpt lat="4.0896780" lon="-76.1915500">
    <ele>974.8</ele>
    <time>2025-11-16T12:37:20Z</time>
   </trkpt>
   <trkpt lat="4.0897140" lon="-76.1915230">
    <ele>974.8</ele>
    <time>2025-11-16T12:37:21Z</time>
   </trkpt>
   <trkpt lat="4.0897310" lon="-76.1915140">
    <ele>974.8</ele>
    <time>2025-11-16T12:37:22Z</time>
   </trkpt>
   <trkpt lat="4.0897450" lon="-76.1915020">
    <ele>974.8</ele>
    <time>2025-11-16T12:37:24Z</time>
   </trkpt>
   <trkpt lat="4.0897550" lon="-76.1914920">
    <ele>974.8</ele>
    <time>2025-11-16T12:37:25Z</time>
   </trkpt>
   <trkpt lat="4.0897700" lon="-76.1914620">
    <ele>974.8</ele>
    <time>2025-11-16T12:37:26Z</time>
   </trkpt>
   <trkpt lat="4.0897860" lon="-76.1914500">
    <ele>974.7</ele>
    <time>2025-11-16T12:37:27Z</time>
   </trkpt>
   <trkpt lat="4.0898050" lon="-76.1914150">
    <ele>974.7</ele>
    <time>2025-11-16T12:37:28Z</time>
   </trkpt>
   <trkpt lat="4.0898090" lon="-76.1914020">
    <ele>974.7</ele>
    <time>2025-11-16T12:37:29Z</time>
   </trkpt>
   <trkpt lat="4.0898350" lon="-76.1913780">
    <ele>974.7</ele>
    <time>2025-11-16T12:37:30Z</time>
   </trkpt>
   <trkpt lat="4.0898490" lon="-76.1913430">
    <ele>974.6</ele>
    <time>2025-11-16T12:37:31Z</time>
   </trkpt>
   <trkpt lat="4.0898540" lon="-76.1913330">
    <ele>974.6</ele>
    <time>2025-11-16T12:37:32Z</time>
   </trkpt>
   <trkpt lat="4.0898670" lon="-76.1913230">
    <ele>974.6</ele>
    <time>2025-11-16T12:37:33Z</time>
   </trkpt>
   <trkpt lat="4.0898750" lon="-76.1913080">
    <ele>974.6</ele>
    <time>2025-11-16T12:37:34Z</time>
   </trkpt>
   <trkpt lat="4.0898960" lon="-76.1912740">
    <ele>974.5</ele>
    <time>2025-11-16T12:37:35Z</time>
   </trkpt>
   <trkpt lat="4.0899080" lon="-76.1912640">
    <ele>974.5</ele>
    <time>2025-11-16T12:37:36Z</time>
   </trkpt>
   <trkpt lat="4.0899290" lon="-76.1912400">
    <ele>974.5</ele>
    <time>2025-11-16T12:37:37Z</time>
   </trkpt>
   <trkpt lat="4.0899330" lon="-76.1912300">
    <ele>974.5</ele>
    <time>2025-11-16T12:37:38Z</time>
   </trkpt>
   <trkpt lat="4.0899600" lon="-76.1912100">
    <ele>974.4</ele>
    <time>2025-11-16T12:37:39Z</time>
   </trkpt>
   <trkpt lat="4.0899920" lon="-76.1911780">
    <ele>974.4</ele>
    <time>2025-11-16T12:37:40Z</time>
   </trkpt>
   <trkpt lat="4.0900190" lon="-76.1911510">
    <ele>974.3</ele>
    <time>2025-11-16T12:37:41Z</time>
   </trkpt>
   <trkpt lat="4.0900310" lon="-76.1911420">
    <ele>974.3</ele>
    <time>2025-11-16T12:37:42Z</time>
   </trkpt>
   <trkpt lat="4.0900490" lon="-76.1911210">
    <ele>974.3</ele>
    <time>2025-11-16T12:37:43Z</time>
   </trkpt>
   <trkpt lat="4.0900570" lon="-76.1911150">
    <ele>974.3</ele>
    <time>2025-11-16T12:37:44Z</time>
   </trkpt>
   <trkpt lat="4.0900840" lon="-76.1911000">
    <ele>974.2</ele>
    <time>2025-11-16T12:37:45Z</time>
   </trkpt>
   <trkpt lat="4.0901040" lon="-76.1910800">
    <ele>974.2</ele>
    <time>2025-11-16T12:37:46Z</time>
   </trkpt>
   <trkpt lat="4.0901310" lon="-76.1910570">
    <ele>974.2</ele>
    <time>2025-11-16T12:37:47Z</time>
   </trkpt>
   <trkpt lat="4.0901450" lon="-76.1910490">
    <ele>974.2</ele>
    <time>2025-11-16T12:37:48Z</time>
   </trkpt>
   <trkpt lat="4.0901520" lon="-76.1910170">
    <ele>974.1</ele>
    <time>2025-11-16T12:37:49Z</time>
   </trkpt>
   <trkpt lat="4.0901660" lon="-76.1909830">
    <ele>974.1</ele>
    <time>2025-11-16T12:37:50Z</time>
   </trkpt>
   <trkpt lat="4.0901870" lon="-76.1909580">
    <ele>974.1</ele>
    <time>2025-11-16T12:37:51Z</time>
   </trkpt>
   <trkpt lat="4.0902160" lon="-76.1909890">
    <ele>974.0</ele>
    <time>2025-11-16T12:37:52Z</time>
   </trkpt>
   <trkpt lat="4.0902510" lon="-76.1909530">
    <ele>974.0</ele>
    <time>2025-11-16T12:37:53Z</time>
   </trkpt>
   <trkpt lat="4.0902660" lon="-76.1909300">
    <ele>973.9</ele>
    <time>2025-11-16T12:37:54Z</time>
   </trkpt>
   <trkpt lat="4.0902840" lon="-76.1909080">
    <ele>973.9</ele>
    <time>2025-11-16T12:37:55Z</time>
   </trkpt>
   <trkpt lat="4.0903060" lon="-76.1908890">
    <ele>973.9</ele>
    <time>2025-11-16T12:37:56Z</time>
   </trkpt>
   <trkpt lat="4.0903340" lon="-76.1908720">
    <ele>973.9</ele>
    <time>2025-11-16T12:37:57Z</time>
   </trkpt>
   <trkpt lat="4.0903580" lon="-76.1908510">
    <ele>973.8</ele>
    <time>2025-11-16T12:37:58Z</time>
   </trkpt>
   <trkpt lat="4.0903870" lon="-76.1908340">
    <ele>973.8</ele>
    <time>2025-11-16T12:37:59Z</time>
   </trkpt>
   <trkpt lat="4.0904050" lon="-76.1908140">
    <ele>973.8</ele>
    <time>2025-11-16T12:38:00Z</time>
   </trkpt>
   <trkpt lat="4.0904340" lon="-76.1907840">
    <ele>973.8</ele>
    <time>2025-11-16T12:38:01Z</time>
   </trkpt>
   <trkpt lat="4.0904470" lon="-76.1907720">
    <ele>973.7</ele>
    <time>2025-11-16T12:38:02Z</time>
   </trkpt>
   <trkpt lat="4.0904650" lon="-76.1907510">
    <ele>973.7</ele>
    <time>2025-11-16T12:38:03Z</time>
   </trkpt>
   <trkpt lat="4.0904870" lon="-76.1907200">
    <ele>973.7</ele>
    <time>2025-11-16T12:38:04Z</time>
   </trkpt>
   <trkpt lat="4.0904980" lon="-76.1907060">
    <ele>973.7</ele>
    <time>2025-11-16T12:38:05Z</time>
   </trkpt>
   <trkpt lat="4.0905250" lon="-76.1906870">
    <ele>973.6</ele>
    <time>2025-11-16T12:38:06Z</time>
   </trkpt>
   <trkpt lat="4.0905450" lon="-76.1906690">
    <ele>973.6</ele>
    <time>2025-11-16T12:38:07Z</time>
   </trkpt>
   <trkpt lat="4.0905530" lon="-76.1906380">
    <ele>973.6</ele>
    <time>2025-11-16T12:38:08Z</time>
   </trkpt>
   <trkpt lat="4.0905750" lon="-76.1906130">
    <ele>973.6</ele>
    <time>2025-11-16T12:38:09Z</time>
   </trkpt>
   <trkpt lat="4.0905920" lon="-76.1905880">
    <ele>973.6</ele>
    <time>2025-11-16T12:38:10Z</time>
   </trkpt>
   <trkpt lat="4.0906160" lon="-76.1905710">
    <ele>973.5</ele>
    <time>2025-11-16T12:38:11Z</time>
   </trkpt>
   <trkpt lat="4.0906290" lon="-76.1905440">
    <ele>973.5</ele>
    <time>2025-11-16T12:38:12Z</time>
   </trkpt>
   <trkpt lat="4.0906510" lon="-76.1905210">
    <ele>973.5</ele>
    <time>2025-11-16T12:38:13Z</time>
   </trkpt>
   <trkpt lat="4.0906740" lon="-76.1904920">
    <ele>973.5</ele>
    <time>2025-11-16T12:38:14Z</time>
   </trkpt>
   <trkpt lat="4.0906850" lon="-76.1904810">
    <ele>973.5</ele>
    <time>2025-11-16T12:38:15Z</time>
   </trkpt>
   <trkpt lat="4.0907100" lon="-76.1904670">
    <ele>973.4</ele>
    <time>2025-11-16T12:38:16Z</time>
   </trkpt>
   <trkpt lat="4.0907370" lon="-76.1904360">
    <ele>973.4</ele>
    <time>2025-11-16T12:38:17Z</time>
   </trkpt>
   <trkpt lat="4.0907450" lon="-76.1904210">
    <ele>973.4</ele>
    <time>2025-11-16T12:38:18Z</time>
   </trkpt>
   <trkpt lat="4.0907560" lon="-76.1903890">
    <ele>973.4</ele>
    <time>2025-11-16T12:38:19Z</time>
   </trkpt>
   <trkpt lat="4.0907620" lon="-76.1903760">
    <ele>973.4</ele>
    <time>2025-11-16T12:38:20Z</time>
   </trkpt>
   <trkpt lat="4.0907750" lon="-76.1903530">
    <ele>973.4</ele>
    <time>2025-11-16T12:38:21Z</time>
   </trkpt>
   <trkpt lat="4.0907790" lon="-76.1903400">
    <ele>973.4</ele>
    <time>2025-11-16T12:38:22Z</time>
   </trkpt>
   <trkpt lat="4.0907970" lon="-76.1903180">
    <ele>973.3</ele>
    <time>2025-11-16T12:38:23Z</time>
   </trkpt>
   <trkpt lat="4.0908260" lon="-76.1903110">
    <ele>973.3</ele>
    <time>2025-11-16T12:38:24Z</time>
   </trkpt>
   <trkpt lat="4.0908350" lon="-76.1903110">
    <ele>973.3</ele>
    <time>2025-11-16T12:38:25Z</time>
   </trkpt>
   <trkpt lat="4.0908620" lon="-76.1902950">
    <ele>973.3</ele>
    <time>2025-11-16T12:38:26Z</time>
   </trkpt>
   <trkpt lat="4.0908710" lon="-76.1902910">
    <ele>973.3</ele>
    <time>2025-11-16T12:38:27Z</time>
   </trkpt>
   <trkpt lat="4.0908800" lon="-76.1902870">
    <ele>973.3</ele>
    <time>2025-11-16T12:38:28Z</time>
   </trkpt>
   <trkpt lat="4.0908850" lon="-76.1902380">
    <ele>973.3</ele>
    <time>2025-11-16T12:38:29Z</time>
   </trkpt>
   <trkpt lat="4.0908990" lon="-76.1902150">
    <ele>973.2</ele>
    <time>2025-11-16T12:38:30Z</time>
   </trkpt>
   <trkpt lat="4.0909160" lon="-76.1901780">
    <ele>973.2</ele>
    <time>2025-11-16T12:38:31Z</time>
   </trkpt>
   <trkpt lat="4.0909250" lon="-76.1901660">
    <ele>973.2</ele>
    <time>2025-11-16T12:38:32Z</time>
   </trkpt>
   <trkpt lat="4.0909360" lon="-76.1901420">
    <ele>973.2</ele>
    <time>2025-11-16T12:38:33Z</time>
   </trkpt>
   <trkpt lat="4.0909570" lon="-76.1901060">
    <ele>973.2</ele>
    <time>2025-11-16T12:38:34Z</time>
   </trkpt>
   <trkpt lat="4.0909780" lon="-76.1900840">
    <ele>973.2</ele>
    <time>2025-11-16T12:38:35Z</time>
   </trkpt>
   <trkpt lat="4.0909850" lon="-76.1900740">
    <ele>973.2</ele>
    <time>2025-11-16T12:38:36Z</time>
   </trkpt>
   <trkpt lat="4.0909990" lon="-76.1900540">
    <ele>973.1</ele>
    <time>2025-11-16T12:38:37Z</time>
   </trkpt>
   <trkpt lat="4.0910070" lon="-76.1900410">
    <ele>973.1</ele>
    <time>2025-11-16T12:38:38Z</time>
   </trkpt>
   <trkpt lat="4.0910160" lon="-76.1900120">
    <ele>973.1</ele>
    <time>2025-11-16T12:38:39Z</time>
   </trkpt>
   <trkpt lat="4.0910440" lon="-76.1899960">
    <ele>973.1</ele>
    <time>2025-11-16T12:38:40Z</time>
   </trkpt>
   <trkpt lat="4.0910520" lon="-76.1899920">
    <ele>973.1</ele>
    <time>2025-11-16T12:38:41Z</time>
   </trkpt>
   <trkpt lat="4.0910780" lon="-76.1899800">
    <ele>973.1</ele>
    <time>2025-11-16T12:38:42Z</time>
   </trkpt>
   <trkpt lat="4.0910920" lon="-76.1899560">
    <ele>973.1</ele>
    <time>2025-11-16T12:38:43Z</time>
   </trkpt>
   <trkpt lat="4.0911100" lon="-76.1899350">
    <ele>973.0</ele>
    <time>2025-11-16T12:38:44Z</time>
   </trkpt>
   <trkpt lat="4.0911280" lon="-76.1899120">
    <ele>973.0</ele>
    <time>2025-11-16T12:38:45Z</time>
   </trkpt>
   <trkpt lat="4.0911580" lon="-76.1899090">
    <ele>973.0</ele>
    <time>2025-11-16T12:38:46Z</time>
   </trkpt>
   <trkpt lat="4.0911850" lon="-76.1898830">
    <ele>973.0</ele>
    <time>2025-11-16T12:38:47Z</time>
   </trkpt>
   <trkpt lat="4.0911940" lon="-76.1898730">
    <ele>973.0</ele>
    <time>2025-11-16T12:38:48Z</time>
   </trkpt>
   <trkpt lat="4.0912200" lon="-76.1898510">
    <ele>972.9</ele>
    <time>2025-11-16T12:38:49Z</time>
   </trkpt>
   <trkpt lat="4.0912280" lon="-76.1898430">
    <ele>972.9</ele>
    <time>2025-11-16T12:38:50Z</time>
   </trkpt>
   <trkpt lat="4.0912450" lon="-76.1898160">
    <ele>972.9</ele>
    <time>2025-11-16T12:38:51Z</time>
   </trkpt>
   <trkpt lat="4.0912520" lon="-76.1898080">
    <ele>972.9</ele>
    <time>2025-11-16T12:38:52Z</time>
   </trkpt>
   <trkpt lat="4.0912530" lon="-76.1897710">
    <ele>972.9</ele>
    <time>2025-11-16T12:38:53Z</time>
   </trkpt>
   <trkpt lat="4.0912870" lon="-76.1897750">
    <ele>972.9</ele>
    <time>2025-11-16T12:38:54Z</time>
   </trkpt>
   <trkpt lat="4.0913100" lon="-76.1897520">
    <ele>972.9</ele>
    <time>2025-11-16T12:38:55Z</time>
   </trkpt>
   <trkpt lat="4.0913160" lon="-76.1897440">
    <ele>972.9</ele>
    <time>2025-11-16T12:38:56Z</time>
   </trkpt>
   <trkpt lat="4.0913470" lon="-76.1897160">
    <ele>972.8</ele>
    <time>2025-11-16T12:38:57Z</time>
   </trkpt>
   <trkpt lat="4.0913600" lon="-76.1897070">
    <ele>972.8</ele>
    <time>2025-11-16T12:38:58Z</time>
   </trkpt>
   <trkpt lat="4.0913870" lon="-76.1896790">
    <ele>972.8</ele>
    <time>2025-11-16T12:38:59Z</time>
   </trkpt>
   <trkpt lat="4.0913970" lon="-76.1896700">
    <ele>972.8</ele>
    <time>2025-11-16T12:39:00Z</time>
   </trkpt>
   <trkpt lat="4.0914140" lon="-76.1896490">
    <ele>972.8</ele>
    <time>2025-11-16T12:39:01Z</time>
   </trkpt>
   <trkpt lat="4.0914400" lon="-76.1896330">
    <ele>972.8</ele>
    <time>2025-11-16T12:39:02Z</time>
   </trkpt>
   <trkpt lat="4.0914450" lon="-76.1896250">
    <ele>972.8</ele>
    <time>2025-11-16T12:39:03Z</time>
   </trkpt>
   <trkpt lat="4.0914640" lon="-76.1895920">
    <ele>972.8</ele>
    <time>2025-11-16T12:39:04Z</time>
   </trkpt>
   <trkpt lat="4.0914750" lon="-76.1895820">
    <ele>972.8</ele>
    <time>2025-11-16T12:39:05Z</time>
   </trkpt>
   <trkpt lat="4.0915030" lon="-76.1895600">
    <ele>972.8</ele>
    <time>2025-11-16T12:39:06Z</time>
   </trkpt>
   <trkpt lat="4.0915120" lon="-76.1895520">
    <ele>972.8</ele>
    <time>2025-11-16T12:39:07Z</time>
   </trkpt>
   <trkpt lat="4.0915410" lon="-76.1895350">
    <ele>972.8</ele>
    <time>2025-11-16T12:39:08Z</time>
   </trkpt>
   <trkpt lat="4.0915490" lon="-76.1895160">
    <ele>972.8</ele>
    <time>2025-11-16T12:39:09Z</time>
   </trkpt>
   <trkpt lat="4.0915730" lon="-76.1894950">
    <ele>972.8</ele>
    <time>2025-11-16T12:39:10Z</time>
   </trkpt>
   <trkpt lat="4.0915780" lon="-76.1894830">
    <ele>972.8</ele>
    <time>2025-11-16T12:39:11Z</time>
   </trkpt>
   <trkpt lat="4.0916010" lon="-76.1894610">
    <ele>972.7</ele>
    <time>2025-11-16T12:39:12Z</time>
   </trkpt>
   <trkpt lat="4.0916120" lon="-76.1894550">
    <ele>972.7</ele>
    <time>2025-11-16T12:39:13Z</time>
   </trkpt>
   <trkpt lat="4.0916360" lon="-76.1894290">
    <ele>972.7</ele>
    <time>2025-11-16T12:39:14Z</time>
   </trkpt>
   <trkpt lat="4.0916440" lon="-76.1894200">
    <ele>972.7</ele>
    <time>2025-11-16T12:39:15Z</time>
   </trkpt>
   <trkpt lat="4.0916630" lon="-76.1893910">
    <ele>972.7</ele>
    <time>2025-11-16T12:39:16Z</time>
   </trkpt>
   <trkpt lat="4.0916740" lon="-76.1893810">
    <ele>972.7</ele>
    <time>2025-11-16T12:39:17Z</time>
   </trkpt>
   <trkpt lat="4.0916990" lon="-76.1893650">
    <ele>972.7</ele>
    <time>2025-11-16T12:39:18Z</time>
   </trkpt>
   <trkpt lat="4.0917040" lon="-76.1893570">
    <ele>972.7</ele>
    <time>2025-11-16T12:39:19Z</time>
   </trkpt>
   <trkpt lat="4.0917220" lon="-76.1893330">
    <ele>972.7</ele>
    <time>2025-11-16T12:39:20Z</time>
   </trkpt>
   <trkpt lat="4.0917300" lon="-76.1893240">
    <ele>972.7</ele>
    <time>2025-11-16T12:39:21Z</time>
   </trkpt>
   <trkpt lat="4.0917550" lon="-76.1893070">
    <ele>972.7</ele>
    <time>2025-11-16T12:39:22Z</time>
   </trkpt>
   <trkpt lat="4.0917810" lon="-76.1892850">
    <ele>972.7</ele>
    <time>2025-11-16T12:39:23Z</time>
   </trkpt>
   <trkpt lat="4.0917860" lon="-76.1892770">
    <ele>972.7</ele>
    <time>2025-11-16T12:39:24Z</time>
   </trkpt>
   <trkpt lat="4.0917940" lon="-76.1892500">
    <ele>972.7</ele>
    <time>2025-11-16T12:39:25Z</time>
   </trkpt>
   <trkpt lat="4.0918050" lon="-76.1892170">
    <ele>972.7</ele>
    <time>2025-11-16T12:39:26Z</time>
   </trkpt>
   <trkpt lat="4.0918130" lon="-76.1892070">
    <ele>972.7</ele>
    <time>2025-11-16T12:39:27Z</time>
   </trkpt>
   <trkpt lat="4.0918240" lon="-76.1891870">
    <ele>972.7</ele>
    <time>2025-11-16T12:39:28Z</time>
   </trkpt>
   <trkpt lat="4.0918390" lon="-76.1891610">
    <ele>972.7</ele>
    <time>2025-11-16T12:39:30Z</time>
   </trkpt>
   <trkpt lat="4.0918720" lon="-76.1891440">
    <ele>972.7</ele>
    <time>2025-11-16T12:39:31Z</time>
   </trkpt>
   <trkpt lat="4.0918850" lon="-76.1891360">
    <ele>972.7</ele>
    <time>2025-11-16T12:39:32Z</time>
   </trkpt>
   <trkpt lat="4.0919140" lon="-76.1891120">
    <ele>972.7</ele>
    <time>2025-11-16T12:39:33Z</time>
   </trkpt>
   <trkpt lat="4.0919260" lon="-76.1891030">
    <ele>972.7</ele>
    <time>2025-11-16T12:39:34Z</time>
   </trkpt>
   <trkpt lat="4.0919470" lon="-76.1890780">
    <ele>972.7</ele>
    <time>2025-11-16T12:39:35Z</time>
   </trkpt>
   <trkpt lat="4.0919560" lon="-76.1890710">
    <ele>972.7</ele>
    <time>2025-11-16T12:39:36Z</time>
   </trkpt>
   <trkpt lat="4.0919830" lon="-76.1890470">
    <ele>972.8</ele>
    <time>2025-11-16T12:39:37Z</time>
   </trkpt>
   <trkpt lat="4.0919920" lon="-76.1890380">
    <ele>972.8</ele>
    <time>2025-11-16T12:39:38Z</time>
   </trkpt>
   <trkpt lat="4.0920140" lon="-76.1890100">
    <ele>972.8</ele>
    <time>2025-11-16T12:39:39Z</time>
   </trkpt>
   <trkpt lat="4.0920210" lon="-76.1890040">
    <ele>972.8</ele>
    <time>2025-11-16T12:39:40Z</time>
   </trkpt>
   <trkpt lat="4.0920450" lon="-76.1889880">
    <ele>972.8</ele>
    <time>2025-11-16T12:39:41Z</time>
   </trkpt>
   <trkpt lat="4.0920590" lon="-76.1889640">
    <ele>972.8</ele>
    <time>2025-11-16T12:39:42Z</time>
   </trkpt>
   <trkpt lat="4.0920830" lon="-76.1889390">
    <ele>972.8</ele>
    <time>2025-11-16T12:39:43Z</time>
   </trkpt>
   <trkpt lat="4.0920930" lon="-76.1889320">
    <ele>972.8</ele>
    <time>2025-11-16T12:39:44Z</time>
   </trkpt>
   <trkpt lat="4.0921190" lon="-76.1889210">
    <ele>972.8</ele>
    <time>2025-11-16T12:39:45Z</time>
   </trkpt>
   <trkpt lat="4.0921260" lon="-76.1889100">
    <ele>972.8</ele>
    <time>2025-11-16T12:39:46Z</time>
   </trkpt>
   <trkpt lat="4.0921450" lon="-76.1888680">
    <ele>972.8</ele>
    <time>2025-11-16T12:39:47Z</time>
   </trkpt>
   <trkpt lat="4.0921580" lon="-76.1888490">
    <ele>972.8</ele>
    <time>2025-11-16T12:39:48Z</time>
   </trkpt>
   <trkpt lat="4.0921720" lon="-76.1888300">
    <ele>972.9</ele>
    <time>2025-11-16T12:39:49Z</time>
   </trkpt>
   <trkpt lat="4.0921830" lon="-76.1888180">
    <ele>972.9</ele>
    <time>2025-11-16T12:39:50Z</time>
   </trkpt>
   <trkpt lat="4.0921900" lon="-76.1888040">
    <ele>972.9</ele>
    <time>2025-11-16T12:39:51Z</time>
   </trkpt>
   <trkpt lat="4.0922140" lon="-76.1887700">
    <ele>972.9</ele>
    <time>2025-11-16T12:39:52Z</time>
   </trkpt>
   <trkpt lat="4.0922220" lon="-76.1887560">
    <ele>972.9</ele>
    <time>2025-11-16T12:39:53Z</time>
   </trkpt>
   <trkpt lat="4.0922410" lon="-76.1887370">
    <ele>972.9</ele>
    <time>2025-11-16T12:39:54Z</time>
   </trkpt>
   <trkpt lat="4.0922600" lon="-76.1887120">
    <ele>972.9</ele>
    <time>2025-11-16T12:39:55Z</time>
   </trkpt>
   <trkpt lat="4.0922650" lon="-76.1887010">
    <ele>972.9</ele>
    <time>2025-11-16T12:39:56Z</time>
   </trkpt>
   <trkpt lat="4.0922840" lon="-76.1886730">
    <ele>972.9</ele>
    <time>2025-11-16T12:39:57Z</time>
   </trkpt>
   <trkpt lat="4.0922880" lon="-76.1886610">
    <ele>972.9</ele>
    <time>2025-11-16T12:39:58Z</time>
   </trkpt>
   <trkpt lat="4.0923150" lon="-76.1886360">
    <ele>972.9</ele>
    <time>2025-11-16T12:39:59Z</time>
   </trkpt>
   <trkpt lat="4.0923250" lon="-76.1886240">
    <ele>972.9</ele>
    <time>2025-11-16T12:40:00Z</time>
   </trkpt>
   <trkpt lat="4.0923350" lon="-76.1885900">
    <ele>972.9</ele>
    <time>2025-11-16T12:40:01Z</time>
   </trkpt>
   <trkpt lat="4.0923410" lon="-76.1885770">
    <ele>972.9</ele>
    <time>2025-11-16T12:40:02Z</time>
   </trkpt>
   <trkpt lat="4.0923490" lon="-76.1885490">
    <ele>972.9</ele>
    <time>2025-11-16T12:40:03Z</time>
   </trkpt>
   <trkpt lat="4.0923560" lon="-76.1885370">
    <ele>972.9</ele>
    <time>2025-11-16T12:40:04Z</time>
   </trkpt>
   <trkpt lat="4.0923680" lon="-76.1885080">
    <ele>973.0</ele>
    <time>2025-11-16T12:40:05Z</time>
   </trkpt>
   <trkpt lat="4.0923720" lon="-76.1884970">
    <ele>973.0</ele>
    <time>2025-11-16T12:40:06Z</time>
   </trkpt>
   <trkpt lat="4.0923830" lon="-76.1884670">
    <ele>973.0</ele>
    <time>2025-11-16T12:40:07Z</time>
   </trkpt>
   <trkpt lat="4.0923880" lon="-76.1884530">
    <ele>973.0</ele>
    <time>2025-11-16T12:40:08Z</time>
   </trkpt>
   <trkpt lat="4.0924000" lon="-76.1884210">
    <ele>973.0</ele>
    <time>2025-11-16T12:40:09Z</time>
   </trkpt>
   <trkpt lat="4.0924070" lon="-76.1884110">
    <ele>973.0</ele>
    <time>2025-11-16T12:40:10Z</time>
   </trkpt>
   <trkpt lat="4.0924190" lon="-76.1883810">
    <ele>973.0</ele>
    <time>2025-11-16T12:40:11Z</time>
   </trkpt>
   <trkpt lat="4.0924250" lon="-76.1883680">
    <ele>973.0</ele>
    <time>2025-11-16T12:40:12Z</time>
   </trkpt>
   <trkpt lat="4.0924420" lon="-76.1883480">
    <ele>973.0</ele>
    <time>2025-11-16T12:40:13Z</time>
   </trkpt>
   <trkpt lat="4.0924480" lon="-76.1883360">
    <ele>973.0</ele>
    <time>2025-11-16T12:40:14Z</time>
   </trkpt>
   <trkpt lat="4.0924550" lon="-76.1883060">
    <ele>973.1</ele>
    <time>2025-11-16T12:40:15Z</time>
   </trkpt>
   <trkpt lat="4.0924630" lon="-76.1882800">
    <ele>973.1</ele>
    <time>2025-11-16T12:40:16Z</time>
   </trkpt>
   <trkpt lat="4.0924900" lon="-76.1882670">
    <ele>973.1</ele>
    <time>2025-11-16T12:40:17Z</time>
   </trkpt>
   <trkpt lat="4.0925170" lon="-76.1882440">
    <ele>973.1</ele>
    <time>2025-11-16T12:40:18Z</time>
   </trkpt>
   <trkpt lat="4.0925300" lon="-76.1882130">
    <ele>973.1</ele>
    <time>2025-11-16T12:40:19Z</time>
   </trkpt>
   <trkpt lat="4.0925300" lon="-76.1881980">
    <ele>973.1</ele>
    <time>2025-11-16T12:40:20Z</time>
   </trkpt>
   <trkpt lat="4.0925390" lon="-76.1881720">
    <ele>973.1</ele>
    <time>2025-11-16T12:40:21Z</time>
   </trkpt>
   <trkpt lat="4.0925430" lon="-76.1881570">
    <ele>973.1</ele>
    <time>2025-11-16T12:40:22Z</time>
   </trkpt>
   <trkpt lat="4.0925520" lon="-76.1881410">
    <ele>973.1</ele>
    <time>2025-11-16T12:40:23Z</time>
   </trkpt>
   <trkpt lat="4.0925630" lon="-76.1881140">
    <ele>973.2</ele>
    <time>2025-11-16T12:40:24Z</time>
   </trkpt>
   <trkpt lat="4.0925670" lon="-76.1880860">
    <ele>973.2</ele>
    <time>2025-11-16T12:40:25Z</time>
   </trkpt>
   <trkpt lat="4.0925680" lon="-76.1880760">
    <ele>973.2</ele>
    <time>2025-11-16T12:40:26Z</time>
   </trkpt>
   <trkpt lat="4.0925790" lon="-76.1880310">
    <ele>973.2</ele>
    <time>2025-11-16T12:40:27Z</time>
   </trkpt>
   <trkpt lat="4.0925860" lon="-76.1880110">
    <ele>973.2</ele>
    <time>2025-11-16T12:40:28Z</time>
   </trkpt>
   <trkpt lat="4.0926020" lon="-76.1879800">
    <ele>973.2</ele>
    <time>2025-11-16T12:40:29Z</time>
   </trkpt>
   <trkpt lat="4.0926150" lon="-76.1879440">
    <ele>973.3</ele>
    <time>2025-11-16T12:40:30Z</time>
   </trkpt>
   <trkpt lat="4.0926350" lon="-76.1879250">
    <ele>973.3</ele>
    <time>2025-11-16T12:40:31Z</time>
   </trkpt>
   <trkpt lat="4.0926400" lon="-76.1879080">
    <ele>973.3</ele>
    <time>2025-11-16T12:40:32Z</time>
   </trkpt>
   <trkpt lat="4.0926210" lon="-76.1878700">
    <ele>973.3</ele>
    <time>2025-11-16T12:40:33Z</time>
   </trkpt>
   <trkpt lat="4.0926380" lon="-76.1878430">
    <ele>973.4</ele>
    <time>2025-11-16T12:40:34Z</time>
   </trkpt>
   <trkpt lat="4.0926520" lon="-76.1878040">
    <ele>973.6</ele>
    <time>2025-11-16T12:40:35Z</time>
   </trkpt>
   <trkpt lat="4.0926620" lon="-76.1877900">
    <ele>973.7</ele>
    <time>2025-11-16T12:40:36Z</time>
   </trkpt>
   <trkpt lat="4.0926750" lon="-76.1877600">
    <ele>973.8</ele>
    <time>2025-11-16T12:40:37Z</time>
   </trkpt>
   <trkpt lat="4.0926820" lon="-76.1877260">
    <ele>973.9</ele>
    <time>2025-11-16T12:40:38Z</time>
   </trkpt>
   <trkpt lat="4.0926940" lon="-76.1877000">
    <ele>973.9</ele>
    <time>2025-11-16T12:40:39Z</time>
   </trkpt>
   <trkpt lat="4.0926990" lon="-76.1876610">
    <ele>974.0</ele>
    <time>2025-11-16T12:40:40Z</time>
   </trkpt>
   <trkpt lat="4.0927010" lon="-76.1876440">
    <ele>974.0</ele>
    <time>2025-11-16T12:40:41Z</time>
   </trkpt>
   <trkpt lat="4.0927070" lon="-76.1876160">
    <ele>974.0</ele>
    <time>2025-11-16T12:40:42Z</time>
   </trkpt>
   <trkpt lat="4.0927200" lon="-76.1875780">
    <ele>974.0</ele>
    <time>2025-11-16T12:40:43Z</time>
   </trkpt>
   <trkpt lat="4.0927220" lon="-76.1875640">
    <ele>974.1</ele>
    <time>2025-11-16T12:40:44Z</time>
   </trkpt>
   <trkpt lat="4.0927310" lon="-76.1875360">
    <ele>974.1</ele>
    <time>2025-11-16T12:40:45Z</time>
   </trkpt>
   <trkpt lat="4.0927340" lon="-76.1875050">
    <ele>974.1</ele>
    <time>2025-11-16T12:40:46Z</time>
   </trkpt>
   <trkpt lat="4.0927400" lon="-76.1874770">
    <ele>974.2</ele>
    <time>2025-11-16T12:40:47Z</time>
   </trkpt>
   <trkpt lat="4.0927490" lon="-76.1874440">
    <ele>974.2</ele>
    <time>2025-11-16T12:40:48Z</time>
   </trkpt>
   <trkpt lat="4.0927590" lon="-76.1874050">
    <ele>974.2</ele>
    <time>2025-11-16T12:40:49Z</time>
   </trkpt>
   <trkpt lat="4.0927640" lon="-76.1873890">
    <ele>974.2</ele>
    <time>2025-11-16T12:40:50Z</time>
   </trkpt>
   <trkpt lat="4.0927830" lon="-76.1873660">
    <ele>974.3</ele>
    <time>2025-11-16T12:40:51Z</time>
   </trkpt>
   <trkpt lat="4.0927980" lon="-76.1873350">
    <ele>974.3</ele>
    <time>2025-11-16T12:40:52Z</time>
   </trkpt>
   <trkpt lat="4.0928030" lon="-76.1873230">
    <ele>974.3</ele>
    <time>2025-11-16T12:40:53Z</time>
   </trkpt>
   <trkpt lat="4.0928100" lon="-76.1873060">
    <ele>974.3</ele>
    <time>2025-11-16T12:40:54Z</time>
   </trkpt>
  </trkseg>
 </trk>
</gpx>
