<?xml version="1.0" encoding="UTF-8"?>
<gpx creator="StravaGPX" version="1.1" xmlns="http://www.topografix.com/GPX/1/1" xmlns:xsi="http://www.w3.org/2001/XMLSchema-instance" xsi:schemaLocation="http://www.topografix.com/GPX/1/1 http://www.topografix.com/GPX/1/1/gpx.xsd">
 <metadata>
  <time>2026-09-27T18:48:56Z</time>
 </metadata>
 <trk>
  <name>1 Pitt</name>
  <type>cycling</type>
  <trkseg>
   <trkpt lat="40.4347770" lon="-79.9521340">
    <ele>280.8</ele>
    <time>2026-09-27T18:48:56Z</time>
   </trkpt>
   <trkpt lat="40.4347620" lon="-79.9521790">
    <ele>280.8</ele>
    <time>2026-09-27T18:48:57Z</time>
   </trkpt>
   <trkpt lat="40.4347470" lon="-79.9522250">
    <ele>280.8</ele>
    <time>2026-09-27T18:48:58Z</time>
   </trkpt>
   <trkpt lat="40.4347410" lon="-79.9522270">
    <ele>280.8</ele>
    <time>2026-09-27T18:48:59Z</time>
   </trkpt>
   <trkpt lat="40.4347340" lon="-79.9522190">
    <ele>280.8</ele>
    <time>2026-09-27T18:49:00Z</time>
   </trkpt>
   <trkpt lat="40.4347360" lon="-79.9522090">
    <ele>280.8</ele>
    <time>2026-09-27T18:49:01Z</time>
   </trkpt>
   <trkpt lat="40.4347380" lon="-79.9522030">
    <ele>280.8</ele>
    <time>2026-09-27T18:49:02Z</time>
   </trkpt>
   <trkpt lat="40.4347100" lon="-79.9522000">
    <ele>280.8</ele>
    <time>2026-09-27T18:49:03Z</time>
   </trkpt>
   <trkpt lat="40.4347340" lon="-79.9521870">
    <ele>280.8</ele>
    <time>2026-09-27T18:49:04Z</time>
   </trkpt>
   <trkpt lat="40.4347500" lon="-79.9521780">
    <ele>280.8</ele>
    <time>2026-09-27T18:49:05Z</time>
   </trkpt>
   <trkpt lat="40.4347580" lon="-79.9521760">
    <ele>280.8</ele>
    <time>2026-09-27T18:49:06Z</time>
   </trkpt>
   <trkpt lat="40.4347830" lon="-79.9521620">
    <ele>280.9</ele>
    <time>2026-09-27T18:49:07Z</time>
   </trkpt>
   <trkpt lat="40.4348170" lon="-79.9521460">
    <ele>281.0</ele>
    <time>2026-09-27T18:49:08Z</time>
   </trkpt>
   <trkpt lat="40.4348630" lon="-79.9521350">
    <ele>281.1</ele>
    <time>2026-09-27T18:49:09Z</time>
   </trkpt>
   <trkpt lat="40.4349050" lon="-79.9520940">
    <ele>281.2</ele>
    <time>2026-09-27T18:49:10Z</time>
   </trkpt>
   <trkpt lat="40.4349400" lon="-79.9520830">
    <ele>281.2</ele>
    <time>2026-09-27T18:49:11Z</time>
   </trkpt>
   <trkpt lat="40.4349670" lon="-79.9520470">
    <ele>281.3</ele>
    <time>2026-09-27T18:49:12Z</time>
   </trkpt>
   <trkpt lat="40.4349890" lon="-79.9520160">
    <ele>281.3</ele>
    <time>2026-09-27T18:49:13Z</time>
   </trkpt>
   <trkpt lat="40.4350140" lon="-79.9519980">
    <ele>281.3</ele>
    <time>2026-09-27T18:49:14Z</time>
   </trkpt>
   <trkpt lat="40.4350380" lon="-79.9519890">
    <ele>281.3</ele>
    <time>2026-09-27T18:49:15Z</time>
   </trkpt>
   <trkpt lat="40.4350640" lon="-79.9519830">
    <ele>281.3</ele>
    <time>2026-09-27T18:49:16Z</time>
   </trkpt>
   <trkpt lat="40.4350870" lon="-79.9519780">
    <ele>281.3</ele>
    <time>2026-09-27T18:49:17Z</time>
   </trkpt>
   <trkpt lat="40.4351210" lon="-79.9519740">
    <ele>281.3</ele>
    <time>2026-09-27T18:49:18Z</time>
   </trkpt>
   <trkpt lat="40.4351900" lon="-79.9519680">
    <ele>281.2</ele>
    <time>2026-09-27T18:49:19Z</time>
   </trkpt>
   <trkpt lat="40.4352240" lon="-79.9519620">
    <ele>281.2</ele>
    <time>2026-09-27T18:49:20Z</time>
   </trkpt>
   <trkpt lat="40.4352580" lon="-79.9519530">
    <ele>281.2</ele>
    <time>2026-09-27T18:49:21Z</time>
   </trkpt>
   <trkpt lat="40.4352960" lon="-79.9519450">
    <ele>281.1</ele>
    <time>2026-09-27T18:49:22Z</time>
   </trkpt>
   <trkpt lat="40.4353330" lon="-79.9519420">
    <ele>281.1</ele>
    <time>2026-09-27T18:49:23Z</time>
   </trkpt>
   <trkpt lat="40.4353730" lon="-79.9519280">
    <ele>281.0</ele>
    <time>2026-09-27T18:49:24Z</time>
   </trkpt>
   <trkpt lat="40.4354150" lon="-79.9519280">
    <ele>281.0</ele>
    <time>2026-09-27T18:49:25Z</time>
   </trkpt>
   <trkpt lat="40.4354540" lon="-79.9519170">
    <ele>281.0</ele>
    <time>2026-09-27T18:49:26Z</time>
   </trkpt>
   <trkpt lat="40.4354910" lon="-79.9519130">
    <ele>280.9</ele>
    <time>2026-09-27T18:49:27Z</time>
   </trkpt>
   <trkpt lat="40.4355410" lon="-79.9518910">
    <ele>280.8</ele>
    <time>2026-09-27T18:49:28Z</time>
   </trkpt>
   <trkpt lat="40.4355790" lon="-79.9518870">
    <ele>280.7</ele>
    <time>2026-09-27T18:49:29Z</time>
   </trkpt>
   <trkpt lat="40.4356210" lon="-79.9518810">
    <ele>280.6</ele>
    <time>2026-09-27T18:49:30Z</time>
   </trkpt>
   <trkpt lat="40.4356640" lon="-79.9518660">
    <ele>280.5</ele>
    <time>2026-09-27T18:49:31Z</time>
   </trkpt>
   <trkpt lat="40.4357110" lon="-79.9518550">
    <ele>280.4</ele>
    <time>2026-09-27T18:49:32Z</time>
   </trkpt>
   <trkpt lat="40.4357540" lon="-79.9518370">
    <ele>280.3</ele>
    <time>2026-09-27T18:49:33Z</time>
   </trkpt>
   <trkpt lat="40.4357950" lon="-79.9518270">
    <ele>280.2</ele>
    <time>2026-09-27T18:49:34Z</time>
   </trkpt>
   <trkpt lat="40.4358410" lon="-79.9518180">
    <ele>280.1</ele>
    <time>2026-09-27T18:49:35Z</time>
   </trkpt>
   <trkpt lat="40.4358630" lon="-79.9518140">
    <ele>280.0</ele>
    <time>2026-09-27T18:49:36Z</time>
   </trkpt>
   <trkpt lat="40.4359050" lon="-79.9518010">
    <ele>279.9</ele>
    <time>2026-09-27T18:49:37Z</time>
   </trkpt>
   <trkpt lat="40.4359480" lon="-79.9517840">
    <ele>279.9</ele>
    <time>2026-09-27T18:49:38Z</time>
   </trkpt>
   <trkpt lat="40.4359950" lon="-79.9517630">
    <ele>279.8</ele>
    <time>2026-09-27T18:49:39Z</time>
   </trkpt>
   <trkpt lat="40.4360370" lon="-79.9517460">
    <ele>279.7</ele>
    <time>2026-09-27T18:49:40Z</time>
   </trkpt>
   <trkpt lat="40.4360830" lon="-79.9517300">
    <ele>279.7</ele>
    <time>2026-09-27T18:49:41Z</time>
   </trkpt>
   <trkpt lat="40.4361240" lon="-79.9517470">
    <ele>279.6</ele>
    <time>2026-09-27T18:49:42Z</time>
   </trkpt>
   <trkpt lat="40.4361460" lon="-79.9518010">
    <ele>279.6</ele>
    <time>2026-09-27T18:49:43Z</time>
   </trkpt>
   <trkpt lat="40.4361300" lon="-79.9518560">
    <ele>279.6</ele>
    <time>2026-09-27T18:49:44Z</time>
   </trkpt>
   <trkpt lat="40.4361030" lon="-79.9519030">
    <ele>279.5</ele>
    <time>2026-09-27T18:49:45Z</time>
   </trkpt>
   <trkpt lat="40.4360990" lon="-79.9519440">
    <ele>279.5</ele>
    <time>2026-09-27T18:49:46Z</time>
   </trkpt>
   <trkpt lat="40.4361060" lon="-79.9519890">
    <ele>279.5</ele>
    <time>2026-09-27T18:49:47Z</time>
   </trkpt>
   <trkpt lat="40.4361140" lon="-79.9520400">
    <ele>279.5</ele>
    <time>2026-09-27T18:49:48Z</time>
   </trkpt>
   <trkpt lat="40.4361320" lon="-79.9520910">
    <ele>279.5</ele>
    <time>2026-09-27T18:49:49Z</time>
   </trkpt>
   <trkpt lat="40.4361370" lon="-79.9521490">
    <ele>279.5</ele>
    <time>2026-09-27T18:49:50Z</time>
   </trkpt>
   <trkpt lat="40.4361510" lon="-79.9522100">
    <ele>279.4</ele>
    <time>2026-09-27T18:49:51Z</time>
   </trkpt>
   <trkpt lat="40.4361510" lon="-79.9522650">
    <ele>279.4</ele>
    <time>2026-09-27T18:49:52Z</time>
   </trkpt>
   <trkpt lat="40.4361520" lon="-79.9523140">
    <ele>279.4</ele>
    <time>2026-09-27T18:49:53Z</time>
   </trkpt>
   <trkpt lat="40.4361550" lon="-79.9523740">
    <ele>279.3</ele>
    <time>2026-09-27T18:49:54Z</time>
   </trkpt>
   <trkpt lat="40.4361590" lon="-79.9524440">
    <ele>279.3</ele>
    <time>2026-09-27T18:49:55Z</time>
   </trkpt>
   <trkpt lat="40.4361650" lon="-79.9525050">
    <ele>279.2</ele>
    <time>2026-09-27T18:49:56Z</time>
   </trkpt>
   <trkpt lat="40.4361690" lon="-79.9525650">
    <ele>279.1</ele>
    <time>2026-09-27T18:49:57Z</time>
   </trkpt>
   <trkpt lat="40.4361740" lon="-79.9526280">
    <ele>279.1</ele>
    <time>2026-09-27T18:49:58Z</time>
   </trkpt>
   <trkpt lat="40.4361820" lon="-79.9526850">
    <ele>279.0</ele>
    <time>2026-09-27T18:49:59Z</time>
   </trkpt>
   <trkpt lat="40.4361980" lon="-79.9527250">
    <ele>279.0</ele>
    <time>2026-09-27T18:50:00Z</time>
   </trkpt>
   <trkpt lat="40.4362180" lon="-79.9527580">
    <ele>278.9</ele>
    <time>2026-09-27T18:50:01Z</time>
   </trkpt>
   <trkpt lat="40.4362530" lon="-79.9527620">
    <ele>278.8</ele>
    <time>2026-09-27T18:50:02Z</time>
   </trkpt>
   <trkpt lat="40.4362910" lon="-79.9527380">
    <ele>278.8</ele>
    <time>2026-09-27T18:50:03Z</time>
   </trkpt>
   <trkpt lat="40.4363270" lon="-79.9527140">
    <ele>278.7</ele>
    <time>2026-09-27T18:50:04Z</time>
   </trkpt>
   <trkpt lat="40.4363600" lon="-79.9526980">
    <ele>278.6</ele>
    <time>2026-09-27T18:50:05Z</time>
   </trkpt>
   <trkpt lat="40.4363990" lon="-79.9526880">
    <ele>278.5</ele>
    <time>2026-09-27T18:50:06Z</time>
   </trkpt>
   <trkpt lat="40.4364340" lon="-79.9526710">
    <ele>278.5</ele>
    <time>2026-09-27T18:50:07Z</time>
   </trkpt>
   <trkpt lat="40.4364690" lon="-79.9526490">
    <ele>278.4</ele>
    <time>2026-09-27T18:50:08Z</time>
   </trkpt>
   <trkpt lat="40.4365180" lon="-79.9526420">
    <ele>278.3</ele>
    <time>2026-09-27T18:50:09Z</time>
   </trkpt>
   <trkpt lat="40.4365590" lon="-79.9526180">
    <ele>278.2</ele>
    <time>2026-09-27T18:50:10Z</time>
   </trkpt>
   <trkpt lat="40.4366050" lon="-79.9526020">
    <ele>278.1</ele>
    <time>2026-09-27T18:50:11Z</time>
   </trkpt>
   <trkpt lat="40.4366550" lon="-79.9525770">
    <ele>278.0</ele>
    <time>2026-09-27T18:50:12Z</time>
   </trkpt>
   <trkpt lat="40.4367050" lon="-79.9525630">
    <ele>277.9</ele>
    <time>2026-09-27T18:50:13Z</time>
   </trkpt>
   <trkpt lat="40.4367530" lon="-79.9525450">
    <ele>277.8</ele>
    <time>2026-09-27T18:50:14Z</time>
   </trkpt>
   <trkpt lat="40.4368060" lon="-79.9525290">
    <ele>277.7</ele>
    <time>2026-09-27T18:50:15Z</time>
   </trkpt>
   <trkpt lat="40.4368600" lon="-79.9525160">
    <ele>277.6</ele>
    <time>2026-09-27T18:50:16Z</time>
   </trkpt>
   <trkpt lat="40.4369130" lon="-79.9525020">
    <ele>277.5</ele>
    <time>2026-09-27T18:50:17Z</time>
   </trkpt>
   <trkpt lat="40.4369660" lon="-79.9525050">
    <ele>277.4</ele>
    <time>2026-09-27T18:50:18Z</time>
   </trkpt>
   <trkpt lat="40.4370150" lon="-79.9525290">
    <ele>277.5</ele>
    <time>2026-09-27T18:50:19Z</time>
   </trkpt>
   <trkpt lat="40.4370550" lon="-79.9525760">
    <ele>277.6</ele>
    <time>2026-09-27T18:50:20Z</time>
   </trkpt>
   <trkpt lat="40.4370920" lon="-79.9526270">
    <ele>277.6</ele>
    <time>2026-09-27T18:50:21Z</time>
   </trkpt>
   <trkpt lat="40.4371260" lon="-79.9526720">
    <ele>277.7</ele>
    <time>2026-09-27T18:50:22Z</time>
   </trkpt>
   <trkpt lat="40.4371570" lon="-79.9527240">
    <ele>277.8</ele>
    <time>2026-09-27T18:50:23Z</time>
   </trkpt>
   <trkpt lat="40.4371920" lon="-79.9527670">
    <ele>277.8</ele>
    <time>2026-09-27T18:50:24Z</time>
   </trkpt>
   <trkpt lat="40.4372240" lon="-79.9528150">
    <ele>277.9</ele>
    <time>2026-09-27T18:50:25Z</time>
   </trkpt>
   <trkpt lat="40.4372580" lon="-79.9528570">
    <ele>278.0</ele>
    <time>2026-09-27T18:50:26Z</time>
   </trkpt>
   <trkpt lat="40.4372950" lon="-79.9528990">
    <ele>278.1</ele>
    <time>2026-09-27T18:50:27Z</time>
   </trkpt>
   <trkpt lat="40.4373240" lon="-79.9529390">
    <ele>278.1</ele>
    <time>2026-09-27T18:50:28Z</time>
   </trkpt>
   <trkpt lat="40.4373580" lon="-79.9529750">
    <ele>278.2</ele>
    <time>2026-09-27T18:50:29Z</time>
   </trkpt>
   <trkpt lat="40.4373940" lon="-79.9530210">
    <ele>278.2</ele>
    <time>2026-09-27T18:50:30Z</time>
   </trkpt>
   <trkpt lat="40.4374260" lon="-79.9530760">
    <ele>278.3</ele>
    <time>2026-09-27T18:50:31Z</time>
   </trkpt>
   <trkpt lat="40.4374620" lon="-79.9531230">
    <ele>278.4</ele>
    <time>2026-09-27T18:50:32Z</time>
   </trkpt>
   <trkpt lat="40.4374980" lon="-79.9531680">
    <ele>278.4</ele>
    <time>2026-09-27T18:50:33Z</time>
   </trkpt>
   <trkpt lat="40.4375380" lon="-79.9532050">
    <ele>278.5</ele>
    <time>2026-09-27T18:50:34Z</time>
   </trkpt>
   <trkpt lat="40.4375750" lon="-79.9532460">
    <ele>278.5</ele>
    <time>2026-09-27T18:50:35Z</time>
   </trkpt>
   <trkpt lat="40.4376110" lon="-79.9532900">
    <ele>278.6</ele>
    <time>2026-09-27T18:50:36Z</time>
   </trkpt>
   <trkpt lat="40.4376480" lon="-79.9533360">
    <ele>278.6</ele>
    <time>2026-09-27T18:50:37Z</time>
   </trkpt>
   <trkpt lat="40.4376800" lon="-79.9533740">
    <ele>278.7</ele>
    <time>2026-09-27T18:50:38Z</time>
   </trkpt>
   <trkpt lat="40.4377170" lon="-79.9534060">
    <ele>278.7</ele>
    <time>2026-09-27T18:50:39Z</time>
   </trkpt>
   <trkpt lat="40.4377510" lon="-79.9534500">
    <ele>278.8</ele>
    <time>2026-09-27T18:50:40Z</time>
   </trkpt>
   <trkpt lat="40.4377830" lon="-79.9534980">
    <ele>278.8</ele>
    <time>2026-09-27T18:50:41Z</time>
   </trkpt>
   <trkpt lat="40.4378220" lon="-79.9535440">
    <ele>278.9</ele>
    <time>2026-09-27T18:50:42Z</time>
   </trkpt>
   <trkpt lat="40.4378610" lon="-79.9535870">
    <ele>279.0</ele>
    <time>2026-09-27T18:50:43Z</time>
   </trkpt>
   <trkpt lat="40.4378960" lon="-79.9536260">
    <ele>279.1</ele>
    <time>2026-09-27T18:50:44Z</time>
   </trkpt>
   <trkpt lat="40.4379280" lon="-79.9536750">
    <ele>279.1</ele>
    <time>2026-09-27T18:50:45Z</time>
   </trkpt>
   <trkpt lat="40.4379630" lon="-79.9537150">
    <ele>279.2</ele>
    <time>2026-09-27T18:50:46Z</time>
   </trkpt>
   <trkpt lat="40.4379900" lon="-79.9537520">
    <ele>279.3</ele>
    <time>2026-09-27T18:50:47Z</time>
   </trkpt>
   <trkpt lat="40.4380230" lon="-79.9537860">
    <ele>279.4</ele>
    <time>2026-09-27T18:50:48Z</time>
   </trkpt>
   <trkpt lat="40.4380520" lon="-79.9538160">
    <ele>279.4</ele>
    <time>2026-09-27T18:50:49Z</time>
   </trkpt>
   <trkpt lat="40.4380820" lon="-79.9538420">
    <ele>279.5</ele>
    <time>2026-09-27T18:50:50Z</time>
   </trkpt>
   <trkpt lat="40.4381050" lon="-79.9538640">
    <ele>279.6</ele>
    <time>2026-09-27T18:50:51Z</time>
   </trkpt>
   <trkpt lat="40.4381270" lon="-79.9538880">
    <ele>279.6</ele>
    <time>2026-09-27T18:50:52Z</time>
   </trkpt>
   <trkpt lat="40.4381480" lon="-79.9539190">
    <ele>279.7</ele>
    <time>2026-09-27T18:50:53Z</time>
   </trkpt>
   <trkpt lat="40.4381660" lon="-79.9539490">
    <ele>279.7</ele>
    <time>2026-09-27T18:50:54Z</time>
   </trkpt>
   <trkpt lat="40.4381970" lon="-79.9539920">
    <ele>279.8</ele>
    <time>2026-09-27T18:50:55Z</time>
   </trkpt>
   <trkpt lat="40.4382160" lon="-79.9540260">
    <ele>279.8</ele>
    <time>2026-09-27T18:50:56Z</time>
   </trkpt>
   <trkpt lat="40.4382440" lon="-79.9540610">
    <ele>279.8</ele>
    <time>2026-09-27T18:50:57Z</time>
   </trkpt>
   <trkpt lat="40.4382750" lon="-79.9541000">
    <ele>279.9</ele>
    <time>2026-09-27T18:50:58Z</time>
   </trkpt>
   <trkpt lat="40.4383220" lon="-79.9541750">
    <ele>279.9</ele>
    <time>2026-09-27T18:50:59Z</time>
   </trkpt>
   <trkpt lat="40.4383530" lon="-79.9542120">
    <ele>280.0</ele>
    <time>2026-09-27T18:51:00Z</time>
   </trkpt>
   <trkpt lat="40.4383820" lon="-79.9542560">
    <ele>280.0</ele>
    <time>2026-09-27T18:51:01Z</time>
   </trkpt>
   <trkpt lat="40.4384090" lon="-79.9543000">
    <ele>280.1</ele>
    <time>2026-09-27T18:51:02Z</time>
   </trkpt>
   <trkpt lat="40.4384280" lon="-79.9543160">
    <ele>280.1</ele>
    <time>2026-09-27T18:51:03Z</time>
   </trkpt>
   <trkpt lat="40.4384460" lon="-79.9543320">
    <ele>280.1</ele>
    <time>2026-09-27T18:51:04Z</time>
   </trkpt>
   <trkpt lat="40.4384640" lon="-79.9543540">
    <ele>280.2</ele>
    <time>2026-09-27T18:51:05Z</time>
   </trkpt>
   <trkpt lat="40.4384870" lon="-79.9543780">
    <ele>280.2</ele>
    <time>2026-09-27T18:51:06Z</time>
   </trkpt>
   <trkpt lat="40.4385010" lon="-79.9544060">
    <ele>280.3</ele>
    <time>2026-09-27T18:51:07Z</time>
   </trkpt>
   <trkpt lat="40.4385300" lon="-79.9544270">
    <ele>280.3</ele>
    <time>2026-09-27T18:51:08Z</time>
   </trkpt>
   <trkpt lat="40.4386180" lon="-79.9545300">
    <ele>280.5</ele>
    <time>2026-09-27T18:51:09Z</time>
   </trkpt>
   <trkpt lat="40.4386530" lon="-79.9545740">
    <ele>280.5</ele>
    <time>2026-09-27T18:51:10Z</time>
   </trkpt>
   <trkpt lat="40.4386910" lon="-79.9546170">
    <ele>280.6</ele>
    <time>2026-09-27T18:51:11Z</time>
   </trkpt>
   <trkpt lat="40.4387240" lon="-79.9546580">
    <ele>280.6</ele>
    <time>2026-09-27T18:51:12Z</time>
   </trkpt>
   <trkpt lat="40.4387580" lon="-79.9546990">
    <ele>280.6</ele>
    <time>2026-09-27T18:51:13Z</time>
   </trkpt>
   <trkpt lat="40.4387890" lon="-79.9547440">
    <ele>280.6</ele>
    <time>2026-09-27T18:51:14Z</time>
   </trkpt>
   <trkpt lat="40.4388230" lon="-79.9547900">
    <ele>280.6</ele>
    <time>2026-09-27T18:51:15Z</time>
   </trkpt>
   <trkpt lat="40.4388560" lon="-79.9548430">
    <ele>280.6</ele>
    <time>2026-09-27T18:51:16Z</time>
   </trkpt>
   <trkpt lat="40.4388840" lon="-79.9548810">
    <ele>280.6</ele>
    <time>2026-09-27T18:51:17Z</time>
   </trkpt>
   <trkpt lat="40.4389250" lon="-79.9549280">
    <ele>280.5</ele>
    <time>2026-09-27T18:51:18Z</time>
   </trkpt>
   <trkpt lat="40.4389650" lon="-79.9549860">
    <ele>280.4</ele>
    <time>2026-09-27T18:51:19Z</time>
   </trkpt>
   <trkpt lat="40.4390010" lon="-79.9550370">
    <ele>280.3</ele>
    <time>2026-09-27T18:51:20Z</time>
   </trkpt>
   <trkpt lat="40.4390410" lon="-79.9550900">
    <ele>280.2</ele>
    <time>2026-09-27T18:51:21Z</time>
   </trkpt>
   <trkpt lat="40.4390870" lon="-79.9551300">
    <ele>280.1</ele>
    <time>2026-09-27T18:51:22Z</time>
   </trkpt>
   <trkpt lat="40.4391250" lon="-79.9551910">
    <ele>280.0</ele>
    <time>2026-09-27T18:51:23Z</time>
   </trkpt>
   <trkpt lat="40.4391740" lon="-79.9552250">
    <ele>279.9</ele>
    <time>2026-09-27T18:51:24Z</time>
   </trkpt>
   <trkpt lat="40.4392190" lon="-79.9552760">
    <ele>279.8</ele>
    <time>2026-09-27T18:51:25Z</time>
   </trkpt>
   <trkpt lat="40.4392640" lon="-79.9553210">
    <ele>279.7</ele>
    <time>2026-09-27T18:51:26Z</time>
   </trkpt>
   <trkpt lat="40.4392960" lon="-79.9553740">
    <ele>279.6</ele>
    <time>2026-09-27T18:51:27Z</time>
   </trkpt>
   <trkpt lat="40.4393290" lon="-79.9554270">
    <ele>279.5</ele>
    <time>2026-09-27T18:51:28Z</time>
   </trkpt>
   <trkpt lat="40.4393970" lon="-79.9554970">
    <ele>279.3</ele>
    <time>2026-09-27T18:51:29Z</time>
   </trkpt>
   <trkpt lat="40.4394320" lon="-79.9555420">
    <ele>279.2</ele>
    <time>2026-09-27T18:51:30Z</time>
   </trkpt>
   <trkpt lat="40.4394690" lon="-79.9555850">
    <ele>279.1</ele>
    <time>2026-09-27T18:51:31Z</time>
   </trkpt>
   <trkpt lat="40.4395030" lon="-79.9556330">
    <ele>279.0</ele>
    <time>2026-09-27T18:51:32Z</time>
   </trkpt>
   <trkpt lat="40.4395360" lon="-79.9556810">
    <ele>278.9</ele>
    <time>2026-09-27T18:51:33Z</time>
   </trkpt>
   <trkpt lat="40.4395730" lon="-79.9557250">
    <ele>278.8</ele>
    <time>2026-09-27T18:51:34Z</time>
   </trkpt>
   <trkpt lat="40.4396080" lon="-79.9557680">
    <ele>278.7</ele>
    <time>2026-09-27T18:51:35Z</time>
   </trkpt>
   <trkpt lat="40.4396460" lon="-79.9558100">
    <ele>278.6</ele>
    <time>2026-09-27T18:51:36Z</time>
   </trkpt>
   <trkpt lat="40.4396810" lon="-79.9558450">
    <ele>278.6</ele>
    <time>2026-09-27T18:51:37Z</time>
   </trkpt>
   <trkpt lat="40.4397120" lon="-79.9558790">
    <ele>278.5</ele>
    <time>2026-09-27T18:51:38Z</time>
   </trkpt>
   <trkpt lat="40.4397480" lon="-79.9559240">
    <ele>278.5</ele>
    <time>2026-09-27T18:51:39Z</time>
   </trkpt>
   <trkpt lat="40.4397830" lon="-79.9559710">
    <ele>278.5</ele>
    <time>2026-09-27T18:51:40Z</time>
   </trkpt>
   <trkpt lat="40.4398230" lon="-79.9560180">
    <ele>278.6</ele>
    <time>2026-09-27T18:51:41Z</time>
   </trkpt>
   <trkpt lat="40.4398540" lon="-79.9560700">
    <ele>278.6</ele>
    <time>2026-09-27T18:51:42Z</time>
   </trkpt>
   <trkpt lat="40.4398860" lon="-79.9561210">
    <ele>278.6</ele>
    <time>2026-09-27T18:51:43Z</time>
   </trkpt>
   <trkpt lat="40.4399220" lon="-79.9561700">
    <ele>278.7</ele>
    <time>2026-09-27T18:51:44Z</time>
   </trkpt>
   <trkpt lat="40.4399580" lon="-79.9562160">
    <ele>278.7</ele>
    <time>2026-09-27T18:51:45Z</time>
   </trkpt>
   <trkpt lat="40.4399960" lon="-79.9562620">
    <ele>278.8</ele>
    <time>2026-09-27T18:51:46Z</time>
   </trkpt>
   <trkpt lat="40.4400290" lon="-79.9563080">
    <ele>278.8</ele>
    <time>2026-09-27T18:51:47Z</time>
   </trkpt>
   <trkpt lat="40.4400590" lon="-79.9563600">
    <ele>278.9</ele>
    <time>2026-09-27T18:51:48Z</time>
   </trkpt>
   <trkpt lat="40.4400950" lon="-79.9564070">
    <ele>278.9</ele>
    <time>2026-09-27T18:51:49Z</time>
   </trkpt>
   <trkpt lat="40.4401340" lon="-79.9564440">
    <ele>278.9</ele>
    <time>2026-09-27T18:51:50Z</time>
   </trkpt>
   <trkpt lat="40.4401680" lon="-79.9564850">
    <ele>279.0</ele>
    <time>2026-09-27T18:51:51Z</time>
   </trkpt>
   <trkpt lat="40.4401970" lon="-79.9565300">
    <ele>279.0</ele>
    <time>2026-09-27T18:51:52Z</time>
   </trkpt>
   <trkpt lat="40.4402310" lon="-79.9565790">
    <ele>279.0</ele>
    <time>2026-09-27T18:51:53Z</time>
   </trkpt>
   <trkpt lat="40.4402440" lon="-79.9565910">
    <ele>279.1</ele>
    <time>2026-09-27T18:51:54Z</time>
   </trkpt>
   <trkpt lat="40.4402760" lon="-79.9566230">
    <ele>279.1</ele>
    <time>2026-09-27T18:51:55Z</time>
   </trkpt>
   <trkpt lat="40.4403030" lon="-79.9566600">
    <ele>279.1</ele>
    <time>2026-09-27T18:51:56Z</time>
   </trkpt>
   <trkpt lat="40.4403290" lon="-79.9566920">
    <ele>279.2</ele>
    <time>2026-09-27T18:51:57Z</time>
   </trkpt>
   <trkpt lat="40.4403690" lon="-79.9567370">
    <ele>279.3</ele>
    <time>2026-09-27T18:51:58Z</time>
   </trkpt>
   <trkpt lat="40.4403990" lon="-79.9567730">
    <ele>279.3</ele>
    <time>2026-09-27T18:51:59Z</time>
   </trkpt>
   <trkpt lat="40.4404270" lon="-79.9568180">
    <ele>279.4</ele>
    <time>2026-09-27T18:52:00Z</time>
   </trkpt>
   <trkpt lat="40.4404510" lon="-79.9568550">
    <ele>279.4</ele>
    <time>2026-09-27T18:52:01Z</time>
   </trkpt>
   <trkpt lat="40.4404800" lon="-79.9568860">
    <ele>279.5</ele>
    <time>2026-09-27T18:52:02Z</time>
   </trkpt>
   <trkpt lat="40.4405040" lon="-79.9569240">
    <ele>279.5</ele>
    <time>2026-09-27T18:52:03Z</time>
   </trkpt>
   <trkpt lat="40.4405250" lon="-79.9569510">
    <ele>279.6</ele>
    <time>2026-09-27T18:52:04Z</time>
   </trkpt>
   <trkpt lat="40.4405600" lon="-79.9569750">
    <ele>279.5</ele>
    <time>2026-09-27T18:52:05Z</time>
   </trkpt>
   <trkpt lat="40.4406040" lon="-79.9570470">
    <ele>279.5</ele>
    <time>2026-09-27T18:52:06Z</time>
   </trkpt>
   <trkpt lat="40.4406300" lon="-79.9570870">
    <ele>279.5</ele>
    <time>2026-09-27T18:52:07Z</time>
   </trkpt>
   <trkpt lat="40.4406470" lon="-79.9571400">
    <ele>279.5</ele>
    <time>2026-09-27T18:52:08Z</time>
   </trkpt>
   <trkpt lat="40.4406650" lon="-79.9571780">
    <ele>279.5</ele>
    <time>2026-09-27T18:52:09Z</time>
   </trkpt>
   <trkpt lat="40.4406830" lon="-79.9572150">
    <ele>279.5</ele>
    <time>2026-09-27T18:52:10Z</time>
   </trkpt>
   <trkpt lat="40.4407110" lon="-79.9572480">
    <ele>279.4</ele>
    <time>2026-09-27T18:52:11Z</time>
   </trkpt>
   <trkpt lat="40.4407530" lon="-79.9572960">
    <ele>279.4</ele>
    <time>2026-09-27T18:52:12Z</time>
   </trkpt>
   <trkpt lat="40.4407800" lon="-79.9573270">
    <ele>279.3</ele>
    <time>2026-09-27T18:52:13Z</time>
   </trkpt>
   <trkpt lat="40.4407960" lon="-79.9573620">
    <ele>279.3</ele>
    <time>2026-09-27T18:52:14Z</time>
   </trkpt>
   <trkpt lat="40.4408180" lon="-79.9573970">
    <ele>279.3</ele>
    <time>2026-09-27T18:52:15Z</time>
   </trkpt>
   <trkpt lat="40.4408470" lon="-79.9574280">
    <ele>279.3</ele>
    <time>2026-09-27T18:52:16Z</time>
   </trkpt>
   <trkpt lat="40.4408630" lon="-79.9574580">
    <ele>279.2</ele>
    <time>2026-09-27T18:52:17Z</time>
   </trkpt>
   <trkpt lat="40.4408970" lon="-79.9574900">
    <ele>279.2</ele>
    <time>2026-09-27T18:52:18Z</time>
   </trkpt>
   <trkpt lat="40.4408980" lon="-79.9575130">
    <ele>279.2</ele>
    <time>2026-09-27T18:52:19Z</time>
   </trkpt>
   <trkpt lat="40.4409330" lon="-79.9575590">
    <ele>279.2</ele>
    <time>2026-09-27T18:52:20Z</time>
   </trkpt>
   <trkpt lat="40.4409630" lon="-79.9575870">
    <ele>279.2</ele>
    <time>2026-09-27T18:52:21Z</time>
   </trkpt>
   <trkpt lat="40.4409800" lon="-79.9575990">
    <ele>279.2</ele>
    <time>2026-09-27T18:52:22Z</time>
   </trkpt>
   <trkpt lat="40.4409980" lon="-79.9576180">
    <ele>279.2</ele>
    <time>2026-09-27T18:52:23Z</time>
   </trkpt>
   <trkpt lat="40.4410220" lon="-79.9576350">
    <ele>279.2</ele>
    <time>2026-09-27T18:52:24Z</time>
   </trkpt>
   <trkpt lat="40.4410570" lon="-79.9576650">
    <ele>279.3</ele>
    <time>2026-09-27T18:52:25Z</time>
   </trkpt>
   <trkpt lat="40.4410910" lon="-79.9576980">
    <ele>279.3</ele>
    <time>2026-09-27T18:52:26Z</time>
   </trkpt>
   <trkpt lat="40.4411260" lon="-79.9577310">
    <ele>279.5</ele>
    <time>2026-09-27T18:52:27Z</time>
   </trkpt>
   <trkpt lat="40.4411570" lon="-79.9577730">
    <ele>279.7</ele>
    <time>2026-09-27T18:52:28Z</time>
   </trkpt>
   <trkpt lat="40.4411910" lon="-79.9578180">
    <ele>280.0</ele>
    <time>2026-09-27T18:52:29Z</time>
   </trkpt>
   <trkpt lat="40.4412210" lon="-79.9578560">
    <ele>280.2</ele>
    <time>2026-09-27T18:52:30Z</time>
   </trkpt>
   <trkpt lat="40.4412520" lon="-79.9578920">
    <ele>280.5</ele>
    <time>2026-09-27T18:52:31Z</time>
   </trkpt>
   <trkpt lat="40.4412800" lon="-79.9579220">
    <ele>280.7</ele>
    <time>2026-09-27T18:52:32Z</time>
   </trkpt>
   <trkpt lat="40.4413040" lon="-79.9579530">
    <ele>280.9</ele>
    <time>2026-09-27T18:52:33Z</time>
   </trkpt>
   <trkpt lat="40.4413270" lon="-79.9579810">
    <ele>281.1</ele>
    <time>2026-09-27T18:52:34Z</time>
   </trkpt>
   <trkpt lat="40.4413520" lon="-79.9580040">
    <ele>281.3</ele>
    <time>2026-09-27T18:52:35Z</time>
   </trkpt>
   <trkpt lat="40.4413760" lon="-79.9580250">
    <ele>281.5</ele>
    <time>2026-09-27T18:52:36Z</time>
   </trkpt>
   <trkpt lat="40.4413990" lon="-79.9580540">
    <ele>281.6</ele>
    <time>2026-09-27T18:52:37Z</time>
   </trkpt>
   <trkpt lat="40.4414260" lon="-79.9580810">
    <ele>281.7</ele>
    <time>2026-09-27T18:52:38Z</time>
   </trkpt>
   <trkpt lat="40.4414560" lon="-79.9581050">
    <ele>282.0</ele>
    <time>2026-09-27T18:52:39Z</time>
   </trkpt>
   <trkpt lat="40.4414860" lon="-79.9581380">
    <ele>282.3</ele>
    <time>2026-09-27T18:52:40Z</time>
   </trkpt>
   <trkpt lat="40.4415060" lon="-79.9581710">
    <ele>282.6</ele>
    <time>2026-09-27T18:52:42Z</time>
   </trkpt>
   <trkpt lat="40.4415110" lon="-79.9581800">
    <ele>282.7</ele>
    <time>2026-09-27T18:52:43Z</time>
   </trkpt>
   <trkpt lat="40.4415400" lon="-79.9582130">
    <ele>283.0</ele>
    <time>2026-09-27T18:52:44Z</time>
   </trkpt>
   <trkpt lat="40.4415560" lon="-79.9582260">
    <ele>283.2</ele>
    <time>2026-09-27T18:52:45Z</time>
   </trkpt>
   <trkpt lat="40.4416000" lon="-79.9582760">
    <ele>283.7</ele>
    <time>2026-09-27T18:52:46Z</time>
   </trkpt>
   <trkpt lat="40.4416020" lon="-79.9582750">
    <ele>283.7</ele>
    <time>2026-09-27T18:52:47Z</time>
   </trkpt>
   <trkpt lat="40.4416220" lon="-79.9583050">
    <ele>283.9</ele>
    <time>2026-09-27T18:52:48Z</time>
   </trkpt>
   <trkpt lat="40.4416460" lon="-79.9583430">
    <ele>284.2</ele>
    <time>2026-09-27T18:52:49Z</time>
   </trkpt>
   <trkpt lat="40.4416510" lon="-79.9583630">
    <ele>284.4</ele>
    <time>2026-09-27T18:52:50Z</time>
   </trkpt>
   <trkpt lat="40.4416620" lon="-79.9584070">
    <ele>284.6</ele>
    <time>2026-09-27T18:52:51Z</time>
   </trkpt>
   <trkpt lat="40.4416620" lon="-79.9584180">
    <ele>284.7</ele>
    <time>2026-09-27T18:52:52Z</time>
   </trkpt>
   <trkpt lat="40.4416670" lon="-79.9584410">
    <ele>284.8</ele>
    <time>2026-09-27T18:52:53Z</time>
   </trkpt>
   <trkpt lat="40.4416710" lon="-79.9584680">
    <ele>284.8</ele>
    <time>2026-09-27T18:52:54Z</time>
   </trkpt>
   <trkpt lat="40.4416710" lon="-79.9584680">
    <ele>284.8</ele>
    <time>2026-09-27T18:52:55Z</time>
   </trkpt>
   <trkpt lat="40.4416710" lon="-79.9584680">
    <ele>284.8</ele>
    <time>2026-09-27T18:52:56Z</time>
   </trkpt>
   <trkpt lat="40.4416710" lon="-79.9584680">
    <ele>284.8</ele>
    <time>2026-09-27T18:52:57Z</time>
   </trkpt>
   <trkpt lat="40.4416710" lon="-79.9584680">
    <ele>284.8</ele>
    <time>2026-09-27T18:52:58Z</time>
   </trkpt>
   <trkpt lat="40.4416710" lon="-79.9584680">
    <ele>284.8</ele>
    <time>2026-09-27T18:52:59Z</time>
   </trkpt>
   <trkpt lat="40.4416710" lon="-79.9584680">
    <ele>284.8</ele>
    <time>2026-09-27T18:53:00Z</time>
   </trkpt>
   <trkpt lat="40.4416710" lon="-79.9584680">
    <ele>284.8</ele>
    <time>2026-09-27T18:53:01Z</time>
   </trkpt>
   <trkpt lat="40.4416710" lon="-79.9584680">
    <ele>284.8</ele>
    <time>2026-09-27T18:53:02Z</time>
   </trkpt>
   <trkpt lat="40.4416620" lon="-79.9585040">
    <ele>284.9</ele>
    <time>2026-09-27T18:53:03Z</time>
   </trkpt>
   <trkpt lat="40.4416600" lon="-79.9585130">
    <ele>284.9</ele>
    <time>2026-09-27T18:53:04Z</time>
   </trkpt>
   <trkpt lat="40.4416580" lon="-79.9585210">
    <ele>284.9</ele>
    <time>2026-09-27T18:53:05Z</time>
   </trkpt>
   <trkpt lat="40.4416170" lon="-79.9586920">
    <ele>284.9</ele>
    <time>2026-09-27T18:53:25Z</time>
   </trkpt>
   <trkpt lat="40.4416150" lon="-79.9587010">
    <ele>284.9</ele>
    <time>2026-09-27T18:53:26Z</time>
   </trkpt>
   <trkpt lat="40.4415740" lon="-79.9587660">
    <ele>284.8</ele>
    <time>2026-09-27T18:53:27Z</time>
   </trkpt>
   <trkpt lat="40.4415230" lon="-79.9588350">
    <ele>284.8</ele>
    <time>2026-09-27T18:53:28Z</time>
   </trkpt>
   <trkpt lat="40.4414730" lon="-79.9589070">
    <ele>284.7</ele>
    <time>2026-09-27T18:53:29Z</time>
   </trkpt>
   <trkpt lat="40.4414250" lon="-79.9589900">
    <ele>284.6</ele>
    <time>2026-09-27T18:53:30Z</time>
   </trkpt>
   <trkpt lat="40.4413800" lon="-79.9590730">
    <ele>284.5</ele>
    <time>2026-09-27T18:53:31Z</time>
   </trkpt>
   <trkpt lat="40.4413370" lon="-79.9591510">
    <ele>284.4</ele>
    <time>2026-09-27T18:53:32Z</time>
   </trkpt>
   <trkpt lat="40.4412910" lon="-79.9592250">
    <ele>284.3</ele>
    <time>2026-09-27T18:53:33Z</time>
   </trkpt>
   <trkpt lat="40.4412450" lon="-79.9592950">
    <ele>284.3</ele>
    <time>2026-09-27T18:53:34Z</time>
   </trkpt>
   <trkpt lat="40.4411960" lon="-79.9593560">
    <ele>284.3</ele>
    <time>2026-09-27T18:53:35Z</time>
   </trkpt>
   <trkpt lat="40.4411520" lon="-79.9594200">
    <ele>284.3</ele>
    <time>2026-09-27T18:53:36Z</time>
   </trkpt>
   <trkpt lat="40.4411060" lon="-79.9594960">
    <ele>284.3</ele>
    <time>2026-09-27T18:53:37Z</time>
   </trkpt>
   <trkpt lat="40.4410500" lon="-79.9595690">
    <ele>284.2</ele>
    <time>2026-09-27T18:53:38Z</time>
   </trkpt>
   <trkpt lat="40.4409960" lon="-79.9596460">
    <ele>284.2</ele>
    <time>2026-09-27T18:53:39Z</time>
   </trkpt>
   <trkpt lat="40.4409400" lon="-79.9597310">
    <ele>284.2</ele>
    <time>2026-09-27T18:53:40Z</time>
   </trkpt>
   <trkpt lat="40.4408870" lon="-79.9598060">
    <ele>284.1</ele>
    <time>2026-09-27T18:53:41Z</time>
   </trkpt>
   <trkpt lat="40.4408290" lon="-79.9598910">
    <ele>284.2</ele>
    <time>2026-09-27T18:53:42Z</time>
   </trkpt>
   <trkpt lat="40.4407770" lon="-79.9599650">
    <ele>284.2</ele>
    <time>2026-09-27T18:53:43Z</time>
   </trkpt>
   <trkpt lat="40.4407310" lon="-79.9600370">
    <ele>284.2</ele>
    <time>2026-09-27T18:53:44Z</time>
   </trkpt>
   <trkpt lat="40.4406910" lon="-79.9600920">
    <ele>284.3</ele>
    <time>2026-09-27T18:53:45Z</time>
   </trkpt>
   <trkpt lat="40.4406580" lon="-79.9601420">
    <ele>284.3</ele>
    <time>2026-09-27T18:53:46Z</time>
   </trkpt>
   <trkpt lat="40.4406380" lon="-79.9601720">
    <ele>284.3</ele>
    <time>2026-09-27T18:53:47Z</time>
   </trkpt>
   <trkpt lat="40.4406280" lon="-79.9601850">
    <ele>284.3</ele>
    <time>2026-09-27T18:53:48Z</time>
   </trkpt>
   <trkpt lat="40.4406160" lon="-79.9601950">
    <ele>284.3</ele>
    <time>2026-09-27T18:53:49Z</time>
   </trkpt>
   <trkpt lat="40.4406100" lon="-79.9601990">
    <ele>284.3</ele>
    <time>2026-09-27T18:53:50Z</time>
   </trkpt>
   <trkpt lat="40.4406030" lon="-79.9602000">
    <ele>284.3</ele>
    <time>2026-09-27T18:53:51Z</time>
   </trkpt>
   <trkpt lat="40.4406150" lon="-79.9601910">
    <ele>284.3</ele>
    <time>2026-09-27T18:53:52Z</time>
   </trkpt>
   <trkpt lat="40.4406090" lon="-79.9601900">
    <ele>284.3</ele>
    <time>2026-09-27T18:53:53Z</time>
   </trkpt>
   <trkpt lat="40.4405930" lon="-79.9601830">
    <ele>284.3</ele>
    <time>2026-09-27T18:53:54Z</time>
   </trkpt>
   <trkpt lat="40.4405650" lon="-79.9601790">
    <ele>284.3</ele>
    <time>2026-09-27T18:53:55Z</time>
   </trkpt>
   <trkpt lat="40.4405380" lon="-79.9601760">
    <ele>284.3</ele>
    <time>2026-09-27T18:53:56Z</time>
   </trkpt>
   <trkpt lat="40.4405230" lon="-79.9601730">
    <ele>284.3</ele>
    <time>2026-09-27T18:53:57Z</time>
   </trkpt>
   <trkpt lat="40.4405220" lon="-79.9601730">
    <ele>284.3</ele>
    <time>2026-09-27T18:53:58Z</time>
   </trkpt>
   <trkpt lat="40.4405180" lon="-79.9601910">
    <ele>284.3</ele>
    <time>2026-09-27T18:53:59Z</time>
   </trkpt>
   <trkpt lat="40.4405070" lon="-79.9602200">
    <ele>284.3</ele>
    <time>2026-09-27T18:54:00Z</time>
   </trkpt>
   <trkpt lat="40.4404910" lon="-79.9602550">
    <ele>284.3</ele>
    <time>2026-09-27T18:54:01Z</time>
   </trkpt>
   <trkpt lat="40.4404650" lon="-79.9603020">
    <ele>284.4</ele>
    <time>2026-09-27T18:54:02Z</time>
   </trkpt>
   <trkpt lat="40.4404420" lon="-79.9603410">
    <ele>284.4</ele>
    <time>2026-09-27T18:54:03Z</time>
   </trkpt>
   <trkpt lat="40.4404260" lon="-79.9603950">
    <ele>284.5</ele>
    <time>2026-09-27T18:54:04Z</time>
   </trkpt>
   <trkpt lat="40.4404080" lon="-79.9604550">
    <ele>284.5</ele>
    <time>2026-09-27T18:54:05Z</time>
   </trkpt>
   <trkpt lat="40.4403810" lon="-79.9605080">
    <ele>284.6</ele>
    <time>2026-09-27T18:54:06Z</time>
   </trkpt>
   <trkpt lat="40.4403510" lon="-79.9605590">
    <ele>284.6</ele>
    <time>2026-09-27T18:54:07Z</time>
   </trkpt>
   <trkpt lat="40.4403090" lon="-79.9606110">
    <ele>284.7</ele>
    <time>2026-09-27T18:54:08Z</time>
   </trkpt>
   <trkpt lat="40.4402740" lon="-79.9606650">
    <ele>284.7</ele>
    <time>2026-09-27T18:54:09Z</time>
   </trkpt>
   <trkpt lat="40.4402360" lon="-79.9607170">
    <ele>284.8</ele>
    <time>2026-09-27T18:54:10Z</time>
   </trkpt>
   <trkpt lat="40.4402030" lon="-79.9607760">
    <ele>284.8</ele>
    <time>2026-09-27T18:54:11Z</time>
   </trkpt>
   <trkpt lat="40.4401700" lon="-79.9608230">
    <ele>284.9</ele>
    <time>2026-09-27T18:54:12Z</time>
   </trkpt>
   <trkpt lat="40.4401380" lon="-79.9608680">
    <ele>284.9</ele>
    <time>2026-09-27T18:54:13Z</time>
   </trkpt>
   <trkpt lat="40.4401020" lon="-79.9609090">
    <ele>285.0</ele>
    <time>2026-09-27T18:54:14Z</time>
   </trkpt>
   <trkpt lat="40.4400710" lon="-79.9609510">
    <ele>285.0</ele>
    <time>2026-09-27T18:54:15Z</time>
   </trkpt>
   <trkpt lat="40.4400390" lon="-79.9609950">
    <ele>285.0</ele>
    <time>2026-09-27T18:54:16Z</time>
   </trkpt>
   <trkpt lat="40.4400100" lon="-79.9610420">
    <ele>285.1</ele>
    <time>2026-09-27T18:54:17Z</time>
   </trkpt>
   <trkpt lat="40.4399770" lon="-79.9610860">
    <ele>285.1</ele>
    <time>2026-09-27T18:54:18Z</time>
   </trkpt>
   <trkpt lat="40.4399560" lon="-79.9611110">
    <ele>285.1</ele>
    <time>2026-09-27T18:54:19Z</time>
   </trkpt>
   <trkpt lat="40.4399350" lon="-79.9611370">
    <ele>285.2</ele>
    <time>2026-09-27T18:54:20Z</time>
   </trkpt>
   <trkpt lat="40.4399180" lon="-79.9611460">
    <ele>285.2</ele>
    <time>2026-09-27T18:54:21Z</time>
   </trkpt>
   <trkpt lat="40.4398960" lon="-79.9611870">
    <ele>285.2</ele>
    <time>2026-09-27T18:54:22Z</time>
   </trkpt>
   <trkpt lat="40.4398380" lon="-79.9612310">
    <ele>285.2</ele>
    <time>2026-09-27T18:54:23Z</time>
   </trkpt>
   <trkpt lat="40.4397930" lon="-79.9613160">
    <ele>285.3</ele>
    <time>2026-09-27T18:54:24Z</time>
   </trkpt>
   <trkpt lat="40.4397560" lon="-79.9613640">
    <ele>285.3</ele>
    <time>2026-09-27T18:54:25Z</time>
   </trkpt>
   <trkpt lat="40.4397230" lon="-79.9614070">
    <ele>285.3</ele>
    <time>2026-09-27T18:54:26Z</time>
   </trkpt>
   <trkpt lat="40.4397010" lon="-79.9614430">
    <ele>285.3</ele>
    <time>2026-09-27T18:54:27Z</time>
   </trkpt>
   <trkpt lat="40.4396780" lon="-79.9614800">
    <ele>285.3</ele>
    <time>2026-09-27T18:54:28Z</time>
   </trkpt>
   <trkpt lat="40.4396540" lon="-79.9615050">
    <ele>285.3</ele>
    <time>2026-09-27T18:54:29Z</time>
   </trkpt>
   <trkpt lat="40.4396300" lon="-79.9615310">
    <ele>285.3</ele>
    <time>2026-09-27T18:54:30Z</time>
   </trkpt>
   <trkpt lat="40.4396110" lon="-79.9615610">
    <ele>285.3</ele>
    <time>2026-09-27T18:54:31Z</time>
   </trkpt>
   <trkpt lat="40.4395910" lon="-79.9615910">
    <ele>285.2</ele>
    <time>2026-09-27T18:54:32Z</time>
   </trkpt>
   <trkpt lat="40.4395880" lon="-79.9615940">
    <ele>285.2</ele>
    <time>2026-09-27T18:54:33Z</time>
   </trkpt>
   <trkpt lat="40.4395630" lon="-79.9616310">
    <ele>285.2</ele>
    <time>2026-09-27T18:54:34Z</time>
   </trkpt>
   <trkpt lat="40.4395580" lon="-79.9616360">
    <ele>285.2</ele>
    <time>2026-09-27T18:54:35Z</time>
   </trkpt>
   <trkpt lat="40.4395430" lon="-79.9616620">
    <ele>285.2</ele>
    <time>2026-09-27T18:54:36Z</time>
   </trkpt>
   <trkpt lat="40.4395280" lon="-79.9616900">
    <ele>285.2</ele>
    <time>2026-09-27T18:54:37Z</time>
   </trkpt>
   <trkpt lat="40.4395090" lon="-79.9617210">
    <ele>285.2</ele>
    <time>2026-09-27T18:54:38Z</time>
   </trkpt>
   <trkpt lat="40.4394850" lon="-79.9617490">
    <ele>285.1</ele>
    <time>2026-09-27T18:54:39Z</time>
   </trkpt>
   <trkpt lat="40.4394600" lon="-79.9617790">
    <ele>285.1</ele>
    <time>2026-09-27T18:54:40Z</time>
   </trkpt>
   <trkpt lat="40.4394360" lon="-79.9618150">
    <ele>285.1</ele>
    <time>2026-09-27T18:54:41Z</time>
   </trkpt>
   <trkpt lat="40.4394040" lon="-79.9618500">
    <ele>285.1</ele>
    <time>2026-09-27T18:54:42Z</time>
   </trkpt>
   <trkpt lat="40.4393760" lon="-79.9618870">
    <ele>285.1</ele>
    <time>2026-09-27T18:54:43Z</time>
   </trkpt>
   <trkpt lat="40.4393540" lon="-79.9619240">
    <ele>285.1</ele>
    <time>2026-09-27T18:54:44Z</time>
   </trkpt>
   <trkpt lat="40.4393290" lon="-79.9619580">
    <ele>285.0</ele>
    <time>2026-09-27T18:54:45Z</time>
   </trkpt>
   <trkpt lat="40.4392990" lon="-79.9619910">
    <ele>285.0</ele>
    <time>2026-09-27T18:54:46Z</time>
   </trkpt>
   <trkpt lat="40.4392740" lon="-79.9620260">
    <ele>285.0</ele>
    <time>2026-09-27T18:54:47Z</time>
   </trkpt>
   <trkpt lat="40.4392470" lon="-79.9620590">
    <ele>285.0</ele>
    <time>2026-09-27T18:54:48Z</time>
   </trkpt>
   <trkpt lat="40.4392250" lon="-79.9620970">
    <ele>285.0</ele>
    <time>2026-09-27T18:54:49Z</time>
   </trkpt>
   <trkpt lat="40.4392050" lon="-79.9621300">
    <ele>285.0</ele>
    <time>2026-09-27T18:54:51Z</time>
   </trkpt>
   <trkpt lat="40.4391830" lon="-79.9621670">
    <ele>285.0</ele>
    <time>2026-09-27T18:54:52Z</time>
   </trkpt>
   <trkpt lat="40.4391830" lon="-79.9621620">
    <ele>285.0</ele>
    <time>2026-09-27T18:54:53Z</time>
   </trkpt>
   <trkpt lat="40.4391600" lon="-79.9621890">
    <ele>285.0</ele>
    <time>2026-09-27T18:54:54Z</time>
   </trkpt>
   <trkpt lat="40.4391540" lon="-79.9622020">
    <ele>285.1</ele>
    <time>2026-09-27T18:54:55Z</time>
   </trkpt>
   <trkpt lat="40.4391330" lon="-79.9622460">
    <ele>285.1</ele>
    <time>2026-09-27T18:54:56Z</time>
   </trkpt>
   <trkpt lat="40.4391240" lon="-79.9622550">
    <ele>285.1</ele>
    <time>2026-09-27T18:54:57Z</time>
   </trkpt>
   <trkpt lat="40.4390960" lon="-79.9622990">
    <ele>285.2</ele>
    <time>2026-09-27T18:54:58Z</time>
   </trkpt>
   <trkpt lat="40.4390910" lon="-79.9623100">
    <ele>285.2</ele>
    <time>2026-09-27T18:54:59Z</time>
   </trkpt>
   <trkpt lat="40.4390720" lon="-79.9623420">
    <ele>285.3</ele>
    <time>2026-09-27T18:55:00Z</time>
   </trkpt>
   <trkpt lat="40.4390570" lon="-79.9623730">
    <ele>285.3</ele>
    <time>2026-09-27T18:55:01Z</time>
   </trkpt>
   <trkpt lat="40.4390470" lon="-79.9624050">
    <ele>285.4</ele>
    <time>2026-09-27T18:55:02Z</time>
   </trkpt>
   <trkpt lat="40.4389980" lon="-79.9624360">
    <ele>285.5</ele>
    <time>2026-09-27T18:55:03Z</time>
   </trkpt>
   <trkpt lat="40.4389770" lon="-79.9624560">
    <ele>285.5</ele>
    <time>2026-09-27T18:55:04Z</time>
   </trkpt>
   <trkpt lat="40.4389470" lon="-79.9624820">
    <ele>285.6</ele>
    <time>2026-09-27T18:55:05Z</time>
   </trkpt>
   <trkpt lat="40.4389100" lon="-79.9624910">
    <ele>285.7</ele>
    <time>2026-09-27T18:55:06Z</time>
   </trkpt>
   <trkpt lat="40.4388940" lon="-79.9625170">
    <ele>285.7</ele>
    <time>2026-09-27T18:55:07Z</time>
   </trkpt>
   <trkpt lat="40.4388560" lon="-79.9625590">
    <ele>285.8</ele>
    <time>2026-09-27T18:55:08Z</time>
   </trkpt>
   <trkpt lat="40.4388150" lon="-79.9626010">
    <ele>285.9</ele>
    <time>2026-09-27T18:55:09Z</time>
   </trkpt>
   <trkpt lat="40.4387910" lon="-79.9626290">
    <ele>286.0</ele>
    <time>2026-09-27T18:55:10Z</time>
   </trkpt>
   <trkpt lat="40.4387640" lon="-79.9626570">
    <ele>286.0</ele>
    <time>2026-09-27T18:55:11Z</time>
   </trkpt>
   <trkpt lat="40.4387410" lon="-79.9626790">
    <ele>286.1</ele>
    <time>2026-09-27T18:55:12Z</time>
   </trkpt>
   <trkpt lat="40.4387220" lon="-79.9627100">
    <ele>286.1</ele>
    <time>2026-09-27T18:55:13Z</time>
   </trkpt>
   <trkpt lat="40.4386900" lon="-79.9627320">
    <ele>286.2</ele>
    <time>2026-09-27T18:55:14Z</time>
   </trkpt>
   <trkpt lat="40.4386480" lon="-79.9627820">
    <ele>286.3</ele>
    <time>2026-09-27T18:55:15Z</time>
   </trkpt>
   <trkpt lat="40.4386250" lon="-79.9627990">
    <ele>286.3</ele>
    <time>2026-09-27T18:55:16Z</time>
   </trkpt>
   <trkpt lat="40.4385940" lon="-79.9628320">
    <ele>286.4</ele>
    <time>2026-09-27T18:55:17Z</time>
   </trkpt>
   <trkpt lat="40.4385640" lon="-79.9628540">
    <ele>286.4</ele>
    <time>2026-09-27T18:55:18Z</time>
   </trkpt>
   <trkpt lat="40.4385440" lon="-79.9629010">
    <ele>286.5</ele>
    <time>2026-09-27T18:55:19Z</time>
   </trkpt>
   <trkpt lat="40.4385160" lon="-79.9629410">
    <ele>286.5</ele>
    <time>2026-09-27T18:55:20Z</time>
   </trkpt>
   <trkpt lat="40.4384870" lon="-79.9629800">
    <ele>286.5</ele>
    <time>2026-09-27T18:55:21Z</time>
   </trkpt>
   <trkpt lat="40.4384600" lon="-79.9630170">
    <ele>286.5</ele>
    <time>2026-09-27T18:55:22Z</time>
   </trkpt>
   <trkpt lat="40.4384390" lon="-79.9630600">
    <ele>286.5</ele>
    <time>2026-09-27T18:55:23Z</time>
   </trkpt>
   <trkpt lat="40.4384210" lon="-79.9630990">
    <ele>286.5</ele>
    <time>2026-09-27T18:55:24Z</time>
   </trkpt>
   <trkpt lat="40.4383990" lon="-79.9631390">
    <ele>286.5</ele>
    <time>2026-09-27T18:55:25Z</time>
   </trkpt>
   <trkpt lat="40.4383730" lon="-79.9631790">
    <ele>286.4</ele>
    <time>2026-09-27T18:55:26Z</time>
   </trkpt>
   <trkpt lat="40.4383510" lon="-79.9632200">
    <ele>286.4</ele>
    <time>2026-09-27T18:55:27Z</time>
   </trkpt>
   <trkpt lat="40.4383250" lon="-79.9632550">
    <ele>286.3</ele>
    <time>2026-09-27T18:55:28Z</time>
   </trkpt>
   <trkpt lat="40.4383070" lon="-79.9632900">
    <ele>286.2</ele>
    <time>2026-09-27T18:55:29Z</time>
   </trkpt>
   <trkpt lat="40.4382840" lon="-79.9633250">
    <ele>286.1</ele>
    <time>2026-09-27T18:55:30Z</time>
   </trkpt>
   <trkpt lat="40.4382450" lon="-79.9633530">
    <ele>286.0</ele>
    <time>2026-09-27T18:55:31Z</time>
   </trkpt>
   <trkpt lat="40.4382060" lon="-79.9633760">
    <ele>285.9</ele>
    <time>2026-09-27T18:55:32Z</time>
   </trkpt>
   <trkpt lat="40.4381700" lon="-79.9633910">
    <ele>285.7</ele>
    <time>2026-09-27T18:55:33Z</time>
   </trkpt>
   <trkpt lat="40.4381390" lon="-79.9634240">
    <ele>285.6</ele>
    <time>2026-09-27T18:55:34Z</time>
   </trkpt>
   <trkpt lat="40.4381030" lon="-79.9634550">
    <ele>285.4</ele>
    <time>2026-09-27T18:55:35Z</time>
   </trkpt>
   <trkpt lat="40.4380630" lon="-79.9634780">
    <ele>285.3</ele>
    <time>2026-09-27T18:55:36Z</time>
   </trkpt>
   <trkpt lat="40.4380330" lon="-79.9635180">
    <ele>285.1</ele>
    <time>2026-09-27T18:55:37Z</time>
   </trkpt>
   <trkpt lat="40.4380220" lon="-79.9635870">
    <ele>284.9</ele>
    <time>2026-09-27T18:55:38Z</time>
   </trkpt>
   <trkpt lat="40.4380100" lon="-79.9636620">
    <ele>284.7</ele>
    <time>2026-09-27T18:55:39Z</time>
   </trkpt>
   <trkpt lat="40.4379930" lon="-79.9637180">
    <ele>284.5</ele>
    <time>2026-09-27T18:55:40Z</time>
   </trkpt>
   <trkpt lat="40.4379740" lon="-79.9637560">
    <ele>284.3</ele>
    <time>2026-09-27T18:55:41Z</time>
   </trkpt>
   <trkpt lat="40.4379570" lon="-79.9637970">
    <ele>284.2</ele>
    <time>2026-09-27T18:55:42Z</time>
   </trkpt>
   <trkpt lat="40.4379360" lon="-79.9638340">
    <ele>284.0</ele>
    <time>2026-09-27T18:55:43Z</time>
   </trkpt>
   <trkpt lat="40.4379180" lon="-79.9638920">
    <ele>283.9</ele>
    <time>2026-09-27T18:55:44Z</time>
   </trkpt>
   <trkpt lat="40.4379060" lon="-79.9639380">
    <ele>283.7</ele>
    <time>2026-09-27T18:55:45Z</time>
   </trkpt>
   <trkpt lat="40.4379040" lon="-79.9639860">
    <ele>283.6</ele>
    <time>2026-09-27T18:55:46Z</time>
   </trkpt>
   <trkpt lat="40.4379020" lon="-79.9640260">
    <ele>283.5</ele>
    <time>2026-09-27T18:55:47Z</time>
   </trkpt>
   <trkpt lat="40.4378910" lon="-79.9640530">
    <ele>283.4</ele>
    <time>2026-09-27T18:55:48Z</time>
   </trkpt>
   <trkpt lat="40.4378750" lon="-79.9640790">
    <ele>283.4</ele>
    <time>2026-09-27T18:55:49Z</time>
   </trkpt>
   <trkpt lat="40.4378740" lon="-79.9641140">
    <ele>283.2</ele>
    <time>2026-09-27T18:55:50Z</time>
   </trkpt>
   <trkpt lat="40.4378650" lon="-79.9641600">
    <ele>283.1</ele>
    <time>2026-09-27T18:55:51Z</time>
   </trkpt>
   <trkpt lat="40.4378590" lon="-79.9642100">
    <ele>282.9</ele>
    <time>2026-09-27T18:55:52Z</time>
   </trkpt>
   <trkpt lat="40.4378490" lon="-79.9642620">
    <ele>282.7</ele>
    <time>2026-09-27T18:55:53Z</time>
   </trkpt>
   <trkpt lat="40.4378430" lon="-79.9643170">
    <ele>282.6</ele>
    <time>2026-09-27T18:55:54Z</time>
   </trkpt>
   <trkpt lat="40.4378370" lon="-79.9643730">
    <ele>282.4</ele>
    <time>2026-09-27T18:55:55Z</time>
   </trkpt>
   <trkpt lat="40.4378330" lon="-79.9644320">
    <ele>282.1</ele>
    <time>2026-09-27T18:55:56Z</time>
   </trkpt>
   <trkpt lat="40.4378300" lon="-79.9644910">
    <ele>281.9</ele>
    <time>2026-09-27T18:55:57Z</time>
   </trkpt>
   <trkpt lat="40.4378300" lon="-79.9645470">
    <ele>281.7</ele>
    <time>2026-09-27T18:55:58Z</time>
   </trkpt>
   <trkpt lat="40.4378310" lon="-79.9645960">
    <ele>281.7</ele>
    <time>2026-09-27T18:55:59Z</time>
   </trkpt>
   <trkpt lat="40.4378290" lon="-79.9646410">
    <ele>281.6</ele>
    <time>2026-09-27T18:56:00Z</time>
   </trkpt>
   <trkpt lat="40.4378240" lon="-79.9646890">
    <ele>281.5</ele>
    <time>2026-09-27T18:56:01Z</time>
   </trkpt>
   <trkpt lat="40.4378200" lon="-79.9647420">
    <ele>281.3</ele>
    <time>2026-09-27T18:56:02Z</time>
   </trkpt>
   <trkpt lat="40.4378170" lon="-79.9647970">
    <ele>281.2</ele>
    <time>2026-09-27T18:56:03Z</time>
   </trkpt>
   <trkpt lat="40.4378170" lon="-79.9648520">
    <ele>281.1</ele>
    <time>2026-09-27T18:56:04Z</time>
   </trkpt>
   <trkpt lat="40.4378220" lon="-79.9649120">
    <ele>280.9</ele>
    <time>2026-09-27T18:56:05Z</time>
   </trkpt>
   <trkpt lat="40.4378230" lon="-79.9649690">
    <ele>280.8</ele>
    <time>2026-09-27T18:56:06Z</time>
   </trkpt>
   <trkpt lat="40.4378270" lon="-79.9650290">
    <ele>280.7</ele>
    <time>2026-09-27T18:56:07Z</time>
   </trkpt>
   <trkpt lat="40.4378260" lon="-79.9650830">
    <ele>280.6</ele>
    <time>2026-09-27T18:56:08Z</time>
   </trkpt>
   <trkpt lat="40.4378200" lon="-79.9651360">
    <ele>280.5</ele>
    <time>2026-09-27T18:56:09Z</time>
   </trkpt>
   <trkpt lat="40.4378160" lon="-79.9651860">
    <ele>280.4</ele>
    <time>2026-09-27T18:56:10Z</time>
   </trkpt>
   <trkpt lat="40.4378120" lon="-79.9652320">
    <ele>280.4</ele>
    <time>2026-09-27T18:56:11Z</time>
   </trkpt>
   <trkpt lat="40.4378110" lon="-79.9652690">
    <ele>280.3</ele>
    <time>2026-09-27T18:56:12Z</time>
   </trkpt>
   <trkpt lat="40.4378130" lon="-79.9652980">
    <ele>280.3</ele>
    <time>2026-09-27T18:56:13Z</time>
   </trkpt>
   <trkpt lat="40.4378160" lon="-79.9653180">
    <ele>280.2</ele>
    <time>2026-09-27T18:56:14Z</time>
   </trkpt>
   <trkpt lat="40.4378150" lon="-79.9653340">
    <ele>280.2</ele>
    <time>2026-09-27T18:56:15Z</time>
   </trkpt>
   <trkpt lat="40.4378120" lon="-79.9653660">
    <ele>280.1</ele>
    <time>2026-09-27T18:56:16Z</time>
   </trkpt>
   <trkpt lat="40.4377990" lon="-79.9654020">
    <ele>279.9</ele>
    <time>2026-09-27T18:56:17Z</time>
   </trkpt>
   <trkpt lat="40.4377760" lon="-79.9654330">
    <ele>279.8</ele>
    <time>2026-09-27T18:56:18Z</time>
   </trkpt>
   <trkpt lat="40.4377540" lon="-79.9654670">
    <ele>279.6</ele>
    <time>2026-09-27T18:56:19Z</time>
   </trkpt>
   <trkpt lat="40.4377210" lon="-79.9654950">
    <ele>279.5</ele>
    <time>2026-09-27T18:56:20Z</time>
   </trkpt>
   <trkpt lat="40.4376910" lon="-79.9655170">
    <ele>279.4</ele>
    <time>2026-09-27T18:56:21Z</time>
   </trkpt>
   <trkpt lat="40.4376500" lon="-79.9655310">
    <ele>279.2</ele>
    <time>2026-09-27T18:56:22Z</time>
   </trkpt>
   <trkpt lat="40.4376120" lon="-79.9655440">
    <ele>279.1</ele>
    <time>2026-09-27T18:56:23Z</time>
   </trkpt>
   <trkpt lat="40.4375810" lon="-79.9655650">
    <ele>278.9</ele>
    <time>2026-09-27T18:56:24Z</time>
   </trkpt>
   <trkpt lat="40.4375390" lon="-79.9655920">
    <ele>278.8</ele>
    <time>2026-09-27T18:56:25Z</time>
   </trkpt>
   <trkpt lat="40.4374970" lon="-79.9656160">
    <ele>278.6</ele>
    <time>2026-09-27T18:56:26Z</time>
   </trkpt>
   <trkpt lat="40.4374510" lon="-79.9656400">
    <ele>278.4</ele>
    <time>2026-09-27T18:56:27Z</time>
   </trkpt>
   <trkpt lat="40.4374050" lon="-79.9656600">
    <ele>278.2</ele>
    <time>2026-09-27T18:56:28Z</time>
   </trkpt>
   <trkpt lat="40.4373630" lon="-79.9656900">
    <ele>278.1</ele>
    <time>2026-09-27T18:56:29Z</time>
   </trkpt>
   <trkpt lat="40.4373190" lon="-79.9657160">
    <ele>277.9</ele>
    <time>2026-09-27T18:56:30Z</time>
   </trkpt>
   <trkpt lat="40.4372720" lon="-79.9657480">
    <ele>277.7</ele>
    <time>2026-09-27T18:56:31Z</time>
   </trkpt>
   <trkpt lat="40.4372290" lon="-79.9657710">
    <ele>277.5</ele>
    <time>2026-09-27T18:56:32Z</time>
   </trkpt>
   <trkpt lat="40.4371920" lon="-79.9658070">
    <ele>277.3</ele>
    <time>2026-09-27T18:56:33Z</time>
   </trkpt>
   <trkpt lat="40.4371530" lon="-79.9658390">
    <ele>277.1</ele>
    <time>2026-09-27T18:56:34Z</time>
   </trkpt>
   <trkpt lat="40.4371120" lon="-79.9658770">
    <ele>276.9</ele>
    <time>2026-09-27T18:56:35Z</time>
   </trkpt>
   <trkpt lat="40.4370640" lon="-79.9659130">
    <ele>276.6</ele>
    <time>2026-09-27T18:56:36Z</time>
   </trkpt>
   <trkpt lat="40.4370170" lon="-79.9659510">
    <ele>276.3</ele>
    <time>2026-09-27T18:56:37Z</time>
   </trkpt>
   <trkpt lat="40.4369760" lon="-79.9660020">
    <ele>276.0</ele>
    <time>2026-09-27T18:56:38Z</time>
   </trkpt>
   <trkpt lat="40.4369360" lon="-79.9660520">
    <ele>275.7</ele>
    <time>2026-09-27T18:56:39Z</time>
   </trkpt>
   <trkpt lat="40.4368950" lon="-79.9660940">
    <ele>275.4</ele>
    <time>2026-09-27T18:56:40Z</time>
   </trkpt>
   <trkpt lat="40.4368610" lon="-79.9661350">
    <ele>275.1</ele>
    <time>2026-09-27T18:56:41Z</time>
   </trkpt>
   <trkpt lat="40.4368310" lon="-79.9661700">
    <ele>274.9</ele>
    <time>2026-09-27T18:56:42Z</time>
   </trkpt>
   <trkpt lat="40.4367870" lon="-79.9661760">
    <ele>274.6</ele>
    <time>2026-09-27T18:56:43Z</time>
   </trkpt>
   <trkpt lat="40.4367420" lon="-79.9662180">
    <ele>274.3</ele>
    <time>2026-09-27T18:56:44Z</time>
   </trkpt>
   <trkpt lat="40.4366950" lon="-79.9662760">
    <ele>274.0</ele>
    <time>2026-09-27T18:56:45Z</time>
   </trkpt>
   <trkpt lat="40.4366540" lon="-79.9663440">
    <ele>273.7</ele>
    <time>2026-09-27T18:56:46Z</time>
   </trkpt>
   <trkpt lat="40.4366150" lon="-79.9664260">
    <ele>273.3</ele>
    <time>2026-09-27T18:56:47Z</time>
   </trkpt>
   <trkpt lat="40.4365800" lon="-79.9665290">
    <ele>272.8</ele>
    <time>2026-09-27T18:56:48Z</time>
   </trkpt>
   <trkpt lat="40.4365480" lon="-79.9666360">
    <ele>272.2</ele>
    <time>2026-09-27T18:56:49Z</time>
   </trkpt>
   <trkpt lat="40.4365230" lon="-79.9667480">
    <ele>271.7</ele>
    <time>2026-09-27T18:56:50Z</time>
   </trkpt>
   <trkpt lat="40.4365140" lon="-79.9668720">
    <ele>271.2</ele>
    <time>2026-09-27T18:56:51Z</time>
   </trkpt>
   <trkpt lat="40.4365100" lon="-79.9669980">
    <ele>270.7</ele>
    <time>2026-09-27T18:56:52Z</time>
   </trkpt>
   <trkpt lat="40.4365130" lon="-79.9671180">
    <ele>270.3</ele>
    <time>2026-09-27T18:56:54Z</time>
   </trkpt>
   <trkpt lat="40.4365010" lon="-79.9672390">
    <ele>269.9</ele>
    <time>2026-09-27T18:56:55Z</time>
   </trkpt>
   <trkpt lat="40.4364990" lon="-79.9673600">
    <ele>269.4</ele>
    <time>2026-09-27T18:56:56Z</time>
   </trkpt>
   <trkpt lat="40.4364990" lon="-79.9674810">
    <ele>269.0</ele>
    <time>2026-09-27T18:56:57Z</time>
   </trkpt>
   <trkpt lat="40.4365030" lon="-79.9675950">
    <ele>268.6</ele>
    <time>2026-09-27T18:56:58Z</time>
   </trkpt>
   <trkpt lat="40.4364990" lon="-79.9677130">
    <ele>268.2</ele>
    <time>2026-09-27T18:56:59Z</time>
   </trkpt>
   <trkpt lat="40.4364990" lon="-79.9678300">
    <ele>267.8</ele>
    <time>2026-09-27T18:57:00Z</time>
   </trkpt>
   <trkpt lat="40.4364940" lon="-79.9679490">
    <ele>267.4</ele>
    <time>2026-09-27T18:57:01Z</time>
   </trkpt>
   <trkpt lat="40.4364940" lon="-79.9680680">
    <ele>267.0</ele>
    <time>2026-09-27T18:57:02Z</time>
   </trkpt>
   <trkpt lat="40.4364980" lon="-79.9681800">
    <ele>266.6</ele>
    <time>2026-09-27T18:57:03Z</time>
   </trkpt>
   <trkpt lat="40.4364970" lon="-79.9682980">
    <ele>266.2</ele>
    <time>2026-09-27T18:57:04Z</time>
   </trkpt>
   <trkpt lat="40.4364950" lon="-79.9684130">
    <ele>265.9</ele>
    <time>2026-09-27T18:57:05Z</time>
   </trkpt>
   <trkpt lat="40.4364940" lon="-79.9685270">
    <ele>265.5</ele>
    <time>2026-09-27T18:57:06Z</time>
   </trkpt>
   <trkpt lat="40.4364950" lon="-79.9686410">
    <ele>265.1</ele>
    <time>2026-09-27T18:57:07Z</time>
   </trkpt>
   <trkpt lat="40.4364990" lon="-79.9687530">
    <ele>264.7</ele>
    <time>2026-09-27T18:57:08Z</time>
   </trkpt>
   <trkpt lat="40.4365110" lon="-79.9688680">
    <ele>264.3</ele>
    <time>2026-09-27T18:57:09Z</time>
   </trkpt>
   <trkpt lat="40.4365360" lon="-79.9689750">
    <ele>263.9</ele>
    <time>2026-09-27T18:57:10Z</time>
   </trkpt>
   <trkpt lat="40.4365730" lon="-79.9690800">
    <ele>263.5</ele>
    <time>2026-09-27T18:57:11Z</time>
   </trkpt>
   <trkpt lat="40.4366170" lon="-79.9691800">
    <ele>263.1</ele>
    <time>2026-09-27T18:57:12Z</time>
   </trkpt>
   <trkpt lat="40.4366540" lon="-79.9692770">
    <ele>262.8</ele>
    <time>2026-09-27T18:57:13Z</time>
   </trkpt>
   <trkpt lat="40.4366890" lon="-79.9693800">
    <ele>262.5</ele>
    <time>2026-09-27T18:57:14Z</time>
   </trkpt>
   <trkpt lat="40.4367210" lon="-79.9694820">
    <ele>262.1</ele>
    <time>2026-09-27T18:57:15Z</time>
   </trkpt>
   <trkpt lat="40.4367520" lon="-79.9695840">
    <ele>261.7</ele>
    <time>2026-09-27T18:57:16Z</time>
   </trkpt>
   <trkpt lat="40.4367840" lon="-79.9696860">
    <ele>261.3</ele>
    <time>2026-09-27T18:57:17Z</time>
   </trkpt>
   <trkpt lat="40.4368140" lon="-79.9697940">
    <ele>261.0</ele>
    <time>2026-09-27T18:57:18Z</time>
   </trkpt>
   <trkpt lat="40.4368450" lon="-79.9698970">
    <ele>260.6</ele>
    <time>2026-09-27T18:57:19Z</time>
   </trkpt>
   <trkpt lat="40.4368790" lon="-79.9699940">
    <ele>260.2</ele>
    <time>2026-09-27T18:57:20Z</time>
   </trkpt>
   <trkpt lat="40.4369170" lon="-79.9700970">
    <ele>259.9</ele>
    <time>2026-09-27T18:57:21Z</time>
   </trkpt>
   <trkpt lat="40.4369550" lon="-79.9701960">
    <ele>259.5</ele>
    <time>2026-09-27T18:57:22Z</time>
   </trkpt>
   <trkpt lat="40.4369880" lon="-79.9702960">
    <ele>259.2</ele>
    <time>2026-09-27T18:57:23Z</time>
   </trkpt>
   <trkpt lat="40.4370180" lon="-79.9703940">
    <ele>258.9</ele>
    <time>2026-09-27T18:57:24Z</time>
   </trkpt>
   <trkpt lat="40.4370480" lon="-79.9705020">
    <ele>258.5</ele>
    <time>2026-09-27T18:57:25Z</time>
   </trkpt>
   <trkpt lat="40.4370820" lon="-79.9706070">
    <ele>258.2</ele>
    <time>2026-09-27T18:57:26Z</time>
   </trkpt>
   <trkpt lat="40.4371200" lon="-79.9707260">
    <ele>257.7</ele>
    <time>2026-09-27T18:57:27Z</time>
   </trkpt>
   <trkpt lat="40.4371630" lon="-79.9708490">
    <ele>257.3</ele>
    <time>2026-09-27T18:57:28Z</time>
   </trkpt>
   <trkpt lat="40.4371970" lon="-79.9709730">
    <ele>256.8</ele>
    <time>2026-09-27T18:57:29Z</time>
   </trkpt>
   <trkpt lat="40.4372430" lon="-79.9711010">
    <ele>256.3</ele>
    <time>2026-09-27T18:57:30Z</time>
   </trkpt>
   <trkpt lat="40.4372840" lon="-79.9712200">
    <ele>255.8</ele>
    <time>2026-09-27T18:57:31Z</time>
   </trkpt>
   <trkpt lat="40.4373210" lon="-79.9713410">
    <ele>255.4</ele>
    <time>2026-09-27T18:57:32Z</time>
   </trkpt>
   <trkpt lat="40.4373600" lon="-79.9714560">
    <ele>255.0</ele>
    <time>2026-09-27T18:57:33Z</time>
   </trkpt>
   <trkpt lat="40.4374300" lon="-79.9716800">
    <ele>254.3</ele>
    <time>2026-09-27T18:57:34Z</time>
   </trkpt>
   <trkpt lat="40.4374600" lon="-79.9717850">
    <ele>254.0</ele>
    <time>2026-09-27T18:57:35Z</time>
   </trkpt>
   <trkpt lat="40.4374880" lon="-79.9718820">
    <ele>253.7</ele>
    <time>2026-09-27T18:57:36Z</time>
   </trkpt>
   <trkpt lat="40.4375130" lon="-79.9719780">
    <ele>253.4</ele>
    <time>2026-09-27T18:57:37Z</time>
   </trkpt>
   <trkpt lat="40.4375360" lon="-79.9720670">
    <ele>253.1</ele>
    <time>2026-09-27T18:57:38Z</time>
   </trkpt>
   <trkpt lat="40.4375650" lon="-79.9721330">
    <ele>252.8</ele>
    <time>2026-09-27T18:57:39Z</time>
   </trkpt>
   <trkpt lat="40.4375940" lon="-79.9721890">
    <ele>252.6</ele>
    <time>2026-09-27T18:57:40Z</time>
   </trkpt>
   <trkpt lat="40.4376140" lon="-79.9722460">
    <ele>252.3</ele>
    <time>2026-09-27T18:57:41Z</time>
   </trkpt>
   <trkpt lat="40.4376310" lon="-79.9723080">
    <ele>252.1</ele>
    <time>2026-09-27T18:57:42Z</time>
   </trkpt>
   <trkpt lat="40.4376520" lon="-79.9723640">
    <ele>251.9</ele>
    <time>2026-09-27T18:57:43Z</time>
   </trkpt>
   <trkpt lat="40.4376740" lon="-79.9724220">
    <ele>251.6</ele>
    <time>2026-09-27T18:57:44Z</time>
   </trkpt>
   <trkpt lat="40.4376950" lon="-79.9724560">
    <ele>251.5</ele>
    <time>2026-09-27T18:57:45Z</time>
   </trkpt>
   <trkpt lat="40.4377130" lon="-79.9724920">
    <ele>251.3</ele>
    <time>2026-09-27T18:57:46Z</time>
   </trkpt>
   <trkpt lat="40.4377280" lon="-79.9725230">
    <ele>251.2</ele>
    <time>2026-09-27T18:57:47Z</time>
   </trkpt>
   <trkpt lat="40.4377340" lon="-79.9725490">
    <ele>251.1</ele>
    <time>2026-09-27T18:57:48Z</time>
   </trkpt>
   <trkpt lat="40.4377400" lon="-79.9725670">
    <ele>251.0</ele>
    <time>2026-09-27T18:57:49Z</time>
   </trkpt>
   <trkpt lat="40.4377430" lon="-79.9725810">
    <ele>251.0</ele>
    <time>2026-09-27T18:57:50Z</time>
   </trkpt>
   <trkpt lat="40.4377470" lon="-79.9725870">
    <ele>250.9</ele>
    <time>2026-09-27T18:57:51Z</time>
   </trkpt>
   <trkpt lat="40.4377570" lon="-79.9725960">
    <ele>250.9</ele>
    <time>2026-09-27T18:57:52Z</time>
   </trkpt>
   <trkpt lat="40.4377730" lon="-79.9726030">
    <ele>250.8</ele>
    <time>2026-09-27T18:57:53Z</time>
   </trkpt>
   <trkpt lat="40.4377920" lon="-79.9726080">
    <ele>250.7</ele>
    <time>2026-09-27T18:57:54Z</time>
   </trkpt>
   <trkpt lat="40.4378040" lon="-79.9726080">
    <ele>250.7</ele>
    <time>2026-09-27T18:57:55Z</time>
   </trkpt>
   <trkpt lat="40.4378180" lon="-79.9726050">
    <ele>250.6</ele>
    <time>2026-09-27T18:57:56Z</time>
   </trkpt>
   <trkpt lat="40.4378280" lon="-79.9726020">
    <ele>250.5</ele>
    <time>2026-09-27T18:57:57Z</time>
   </trkpt>
   <trkpt lat="40.4378420" lon="-79.9725990">
    <ele>250.5</ele>
    <time>2026-09-27T18:57:58Z</time>
   </trkpt>
   <trkpt lat="40.4378600" lon="-79.9726030">
    <ele>250.4</ele>
    <time>2026-09-27T18:57:59Z</time>
   </trkpt>
   <trkpt lat="40.4378780" lon="-79.9726140">
    <ele>250.3</ele>
    <time>2026-09-27T18:58:00Z</time>
   </trkpt>
   <trkpt lat="40.4378810" lon="-79.9726410">
    <ele>250.3</ele>
    <time>2026-09-27T18:58:01Z</time>
   </trkpt>
   <trkpt lat="40.4378700" lon="-79.9726810">
    <ele>250.2</ele>
    <time>2026-09-27T18:58:02Z</time>
   </trkpt>
   <trkpt lat="40.4378370" lon="-79.9727080">
    <ele>250.2</ele>
    <time>2026-09-27T18:58:03Z</time>
   </trkpt>
   <trkpt lat="40.4378110" lon="-79.9727260">
    <ele>250.2</ele>
    <time>2026-09-27T18:58:04Z</time>
   </trkpt>
   <trkpt lat="40.4378000" lon="-79.9727610">
    <ele>250.2</ele>
    <time>2026-09-27T18:58:05Z</time>
   </trkpt>
   <trkpt lat="40.4378080" lon="-79.9728090">
    <ele>250.1</ele>
    <time>2026-09-27T18:58:06Z</time>
   </trkpt>
   <trkpt lat="40.4378310" lon="-79.9728670">
    <ele>249.9</ele>
    <time>2026-09-27T18:58:07Z</time>
   </trkpt>
   <trkpt lat="40.4378610" lon="-79.9729340">
    <ele>249.7</ele>
    <time>2026-09-27T18:58:08Z</time>
   </trkpt>
   <trkpt lat="40.4378870" lon="-79.9730160">
    <ele>249.4</ele>
    <time>2026-09-27T18:58:09Z</time>
   </trkpt>
   <trkpt lat="40.4379180" lon="-79.9731060">
    <ele>249.1</ele>
    <time>2026-09-27T18:58:10Z</time>
   </trkpt>
   <trkpt lat="40.4379510" lon="-79.9732000">
    <ele>248.8</ele>
    <time>2026-09-27T18:58:11Z</time>
   </trkpt>
   <trkpt lat="40.4379820" lon="-79.9733000">
    <ele>248.5</ele>
    <time>2026-09-27T18:58:12Z</time>
   </trkpt>
   <trkpt lat="40.4380060" lon="-79.9734060">
    <ele>248.3</ele>
    <time>2026-09-27T18:58:13Z</time>
   </trkpt>
   <trkpt lat="40.4380160" lon="-79.9735210">
    <ele>248.1</ele>
    <time>2026-09-27T18:58:14Z</time>
   </trkpt>
   <trkpt lat="40.4380230" lon="-79.9736400">
    <ele>248.0</ele>
    <time>2026-09-27T18:58:15Z</time>
   </trkpt>
   <trkpt lat="40.4380230" lon="-79.9737600">
    <ele>247.9</ele>
    <time>2026-09-27T18:58:16Z</time>
   </trkpt>
   <trkpt lat="40.4380380" lon="-79.9738720">
    <ele>248.0</ele>
    <time>2026-09-27T18:58:17Z</time>
   </trkpt>
   <trkpt lat="40.4380440" lon="-79.9739890">
    <ele>248.1</ele>
    <time>2026-09-27T18:58:18Z</time>
   </trkpt>
   <trkpt lat="40.4380570" lon="-79.9741030">
    <ele>248.2</ele>
    <time>2026-09-27T18:58:19Z</time>
   </trkpt>
   <trkpt lat="40.4380630" lon="-79.9742200">
    <ele>248.3</ele>
    <time>2026-09-27T18:58:20Z</time>
   </trkpt>
   <trkpt lat="40.4380760" lon="-79.9743310">
    <ele>248.4</ele>
    <time>2026-09-27T18:58:21Z</time>
   </trkpt>
   <trkpt lat="40.4380840" lon="-79.9744420">
    <ele>248.5</ele>
    <time>2026-09-27T18:58:22Z</time>
   </trkpt>
   <trkpt lat="40.4380920" lon="-79.9745520">
    <ele>248.7</ele>
    <time>2026-09-27T18:58:23Z</time>
   </trkpt>
   <trkpt lat="40.4381040" lon="-79.9746590">
    <ele>249.0</ele>
    <time>2026-09-27T18:58:24Z</time>
   </trkpt>
   <trkpt lat="40.4381140" lon="-79.9747630">
    <ele>249.3</ele>
    <time>2026-09-27T18:58:25Z</time>
   </trkpt>
   <trkpt lat="40.4381220" lon="-79.9748640">
    <ele>249.7</ele>
    <time>2026-09-27T18:58:26Z</time>
   </trkpt>
   <trkpt lat="40.4381220" lon="-79.9749710">
    <ele>250.0</ele>
    <time>2026-09-27T18:58:27Z</time>
   </trkpt>
   <trkpt lat="40.4381380" lon="-79.9750710">
    <ele>250.3</ele>
    <time>2026-09-27T18:58:28Z</time>
   </trkpt>
   <trkpt lat="40.4381400" lon="-79.9751750">
    <ele>250.7</ele>
    <time>2026-09-27T18:58:29Z</time>
   </trkpt>
   <trkpt lat="40.4381510" lon="-79.9752680">
    <ele>251.0</ele>
    <time>2026-09-27T18:58:30Z</time>
   </trkpt>
   <trkpt lat="40.4381550" lon="-79.9753590">
    <ele>251.2</ele>
    <time>2026-09-27T18:58:31Z</time>
   </trkpt>
   <trkpt lat="40.4381640" lon="-79.9754550">
    <ele>251.5</ele>
    <time>2026-09-27T18:58:32Z</time>
   </trkpt>
   <trkpt lat="40.4381730" lon="-79.9755470">
    <ele>251.8</ele>
    <time>2026-09-27T18:58:33Z</time>
   </trkpt>
   <trkpt lat="40.4381820" lon="-79.9756260">
    <ele>252.1</ele>
    <time>2026-09-27T18:58:34Z</time>
   </trkpt>
   <trkpt lat="40.4381850" lon="-79.9757050">
    <ele>252.3</ele>
    <time>2026-09-27T18:58:35Z</time>
   </trkpt>
   <trkpt lat="40.4381930" lon="-79.9757880">
    <ele>252.6</ele>
    <time>2026-09-27T18:58:36Z</time>
   </trkpt>
   <trkpt lat="40.4381990" lon="-79.9758630">
    <ele>252.9</ele>
    <time>2026-09-27T18:58:37Z</time>
   </trkpt>
   <trkpt lat="40.4382030" lon="-79.9759340">
    <ele>253.1</ele>
    <time>2026-09-27T18:58:38Z</time>
   </trkpt>
   <trkpt lat="40.4382080" lon="-79.9760040">
    <ele>253.3</ele>
    <time>2026-09-27T18:58:39Z</time>
   </trkpt>
   <trkpt lat="40.4382150" lon="-79.9760700">
    <ele>253.5</ele>
    <time>2026-09-27T18:58:40Z</time>
   </trkpt>
   <trkpt lat="40.4382200" lon="-79.9761340">
    <ele>253.8</ele>
    <time>2026-09-27T18:58:41Z</time>
   </trkpt>
   <trkpt lat="40.4382200" lon="-79.9761960">
    <ele>254.0</ele>
    <time>2026-09-27T18:58:42Z</time>
   </trkpt>
   <trkpt lat="40.4382200" lon="-79.9762580">
    <ele>254.2</ele>
    <time>2026-09-27T18:58:43Z</time>
   </trkpt>
   <trkpt lat="40.4382190" lon="-79.9762920">
    <ele>254.3</ele>
    <time>2026-09-27T18:58:44Z</time>
   </trkpt>
   <trkpt lat="40.4382180" lon="-79.9763270">
    <ele>254.4</ele>
    <time>2026-09-27T18:58:45Z</time>
   </trkpt>
   <trkpt lat="40.4382330" lon="-79.9763750">
    <ele>254.5</ele>
    <time>2026-09-27T18:58:46Z</time>
   </trkpt>
   <trkpt lat="40.4382470" lon="-79.9764230">
    <ele>254.7</ele>
    <time>2026-09-27T18:58:47Z</time>
   </trkpt>
   <trkpt lat="40.4382440" lon="-79.9764240">
    <ele>254.7</ele>
    <time>2026-09-27T18:58:48Z</time>
   </trkpt>
   <trkpt lat="40.4382500" lon="-79.9764650">
    <ele>254.9</ele>
    <time>2026-09-27T18:58:49Z</time>
   </trkpt>
   <trkpt lat="40.4382370" lon="-79.9765060">
    <ele>255.0</ele>
    <time>2026-09-27T18:58:50Z</time>
   </trkpt>
   <trkpt lat="40.4382540" lon="-79.9765330">
    <ele>255.1</ele>
    <time>2026-09-27T18:58:51Z</time>
   </trkpt>
   <trkpt lat="40.4382600" lon="-79.9765820">
    <ele>255.3</ele>
    <time>2026-09-27T18:58:52Z</time>
   </trkpt>
   <trkpt lat="40.4382590" lon="-79.9766010">
    <ele>255.3</ele>
    <time>2026-09-27T18:58:53Z</time>
   </trkpt>
   <trkpt lat="40.4382540" lon="-79.9766450">
    <ele>255.5</ele>
    <time>2026-09-27T18:58:54Z</time>
   </trkpt>
   <trkpt lat="40.4382450" lon="-79.9766560">
    <ele>255.5</ele>
    <time>2026-09-27T18:58:55Z</time>
   </trkpt>
   <trkpt lat="40.4382480" lon="-79.9767040">
    <ele>255.7</ele>
    <time>2026-09-27T18:58:56Z</time>
   </trkpt>
   <trkpt lat="40.4382610" lon="-79.9767170">
    <ele>255.7</ele>
    <time>2026-09-27T18:58:57Z</time>
   </trkpt>
   <trkpt lat="40.4382630" lon="-79.9767690">
    <ele>255.9</ele>
    <time>2026-09-27T18:58:58Z</time>
   </trkpt>
   <trkpt lat="40.4382590" lon="-79.9767820">
    <ele>256.0</ele>
    <time>2026-09-27T18:59:00Z</time>
   </trkpt>
   <trkpt lat="40.4382630" lon="-79.9768220">
    <ele>256.1</ele>
    <time>2026-09-27T18:59:01Z</time>
   </trkpt>
   <trkpt lat="40.4382620" lon="-79.9768370">
    <ele>256.1</ele>
    <time>2026-09-27T18:59:02Z</time>
   </trkpt>
   <trkpt lat="40.4382590" lon="-79.9768820">
    <ele>256.3</ele>
    <time>2026-09-27T18:59:03Z</time>
   </trkpt>
   <trkpt lat="40.4382580" lon="-79.9769310">
    <ele>256.4</ele>
    <time>2026-09-27T18:59:04Z</time>
   </trkpt>
   <trkpt lat="40.4382620" lon="-79.9769630">
    <ele>256.5</ele>
    <time>2026-09-27T18:59:05Z</time>
   </trkpt>
   <trkpt lat="40.4382620" lon="-79.9770110">
    <ele>256.7</ele>
    <time>2026-09-27T18:59:06Z</time>
   </trkpt>
   <trkpt lat="40.4382720" lon="-79.9770610">
    <ele>256.8</ele>
    <time>2026-09-27T18:59:07Z</time>
   </trkpt>
   <trkpt lat="40.4382820" lon="-79.9770980">
    <ele>257.0</ele>
    <time>2026-09-27T18:59:08Z</time>
   </trkpt>
   <trkpt lat="40.4382880" lon="-79.9771330">
    <ele>257.1</ele>
    <time>2026-09-27T18:59:09Z</time>
   </trkpt>
   <trkpt lat="40.4382920" lon="-79.9771780">
    <ele>257.2</ele>
    <time>2026-09-27T18:59:10Z</time>
   </trkpt>
   <trkpt lat="40.4382960" lon="-79.9772050">
    <ele>257.3</ele>
    <time>2026-09-27T18:59:11Z</time>
   </trkpt>
   <trkpt lat="40.4382930" lon="-79.9772530">
    <ele>257.4</ele>
    <time>2026-09-27T18:59:12Z</time>
   </trkpt>
   <trkpt lat="40.4382890" lon="-79.9772940">
    <ele>257.6</ele>
    <time>2026-09-27T18:59:13Z</time>
   </trkpt>
   <trkpt lat="40.4382850" lon="-79.9773330">
    <ele>257.7</ele>
    <time>2026-09-27T18:59:14Z</time>
   </trkpt>
   <trkpt lat="40.4382800" lon="-79.9773600">
    <ele>257.8</ele>
    <time>2026-09-27T18:59:15Z</time>
   </trkpt>
   <trkpt lat="40.4382750" lon="-79.9773830">
    <ele>257.9</ele>
    <time>2026-09-27T18:59:16Z</time>
   </trkpt>
   <trkpt lat="40.4382720" lon="-79.9774050">
    <ele>257.9</ele>
    <time>2026-09-27T18:59:17Z</time>
   </trkpt>
   <trkpt lat="40.4382790" lon="-79.9774350">
    <ele>258.1</ele>
    <time>2026-09-27T18:59:18Z</time>
   </trkpt>
   <trkpt lat="40.4382810" lon="-79.9774720">
    <ele>258.2</ele>
    <time>2026-09-27T18:59:19Z</time>
   </trkpt>
   <trkpt lat="40.4382760" lon="-79.9775140">
    <ele>258.3</ele>
    <time>2026-09-27T18:59:20Z</time>
   </trkpt>
   <trkpt lat="40.4382720" lon="-79.9775510">
    <ele>258.5</ele>
    <time>2026-09-27T18:59:21Z</time>
   </trkpt>
   <trkpt lat="40.4382760" lon="-79.9775760">
    <ele>258.6</ele>
    <time>2026-09-27T18:59:22Z</time>
   </trkpt>
   <trkpt lat="40.4382780" lon="-79.9776120">
    <ele>258.7</ele>
    <time>2026-09-27T18:59:23Z</time>
   </trkpt>
   <trkpt lat="40.4382810" lon="-79.9776410">
    <ele>258.7</ele>
    <time>2026-09-27T18:59:24Z</time>
   </trkpt>
   <trkpt lat="40.4382920" lon="-79.9776600">
    <ele>258.8</ele>
    <time>2026-09-27T18:59:25Z</time>
   </trkpt>
   <trkpt lat="40.4383000" lon="-79.9776920">
    <ele>258.8</ele>
    <time>2026-09-27T18:59:26Z</time>
   </trkpt>
   <trkpt lat="40.4383140" lon="-79.9777110">
    <ele>258.9</ele>
    <time>2026-09-27T18:59:27Z</time>
   </trkpt>
   <trkpt lat="40.4383180" lon="-79.9777260">
    <ele>258.9</ele>
    <time>2026-09-27T18:59:28Z</time>
   </trkpt>
   <trkpt lat="40.4383210" lon="-79.9777570">
    <ele>258.9</ele>
    <time>2026-09-27T18:59:29Z</time>
   </trkpt>
   <trkpt lat="40.4383210" lon="-79.9777980">
    <ele>259.0</ele>
    <time>2026-09-27T18:59:30Z</time>
   </trkpt>
   <trkpt lat="40.4383190" lon="-79.9778360">
    <ele>259.1</ele>
    <time>2026-09-27T18:59:31Z</time>
   </trkpt>
   <trkpt lat="40.4383150" lon="-79.9778610">
    <ele>259.1</ele>
    <time>2026-09-27T18:59:32Z</time>
   </trkpt>
   <trkpt lat="40.4383150" lon="-79.9778890">
    <ele>259.2</ele>
    <time>2026-09-27T18:59:33Z</time>
   </trkpt>
   <trkpt lat="40.4383210" lon="-79.9779110">
    <ele>259.2</ele>
    <time>2026-09-27T18:59:34Z</time>
   </trkpt>
   <trkpt lat="40.4383200" lon="-79.9779430">
    <ele>259.3</ele>
    <time>2026-09-27T18:59:35Z</time>
   </trkpt>
   <trkpt lat="40.4383230" lon="-79.9779770">
    <ele>259.4</ele>
    <time>2026-09-27T18:59:36Z</time>
   </trkpt>
   <trkpt lat="40.4383240" lon="-79.9780110">
    <ele>259.4</ele>
    <time>2026-09-27T18:59:37Z</time>
   </trkpt>
   <trkpt lat="40.4383240" lon="-79.9780540">
    <ele>259.5</ele>
    <time>2026-09-27T18:59:38Z</time>
   </trkpt>
   <trkpt lat="40.4383320" lon="-79.9780880">
    <ele>259.6</ele>
    <time>2026-09-27T18:59:39Z</time>
   </trkpt>
   <trkpt lat="40.4383330" lon="-79.9781280">
    <ele>259.7</ele>
    <time>2026-09-27T18:59:40Z</time>
   </trkpt>
   <trkpt lat="40.4383320" lon="-79.9781770">
    <ele>259.8</ele>
    <time>2026-09-27T18:59:41Z</time>
   </trkpt>
   <trkpt lat="40.4383300" lon="-79.9782170">
    <ele>259.8</ele>
    <time>2026-09-27T18:59:42Z</time>
   </trkpt>
   <trkpt lat="40.4383340" lon="-79.9782630">
    <ele>259.9</ele>
    <time>2026-09-27T18:59:43Z</time>
   </trkpt>
   <trkpt lat="40.4383350" lon="-79.9783030">
    <ele>260.0</ele>
    <time>2026-09-27T18:59:44Z</time>
   </trkpt>
   <trkpt lat="40.4383380" lon="-79.9783430">
    <ele>260.1</ele>
    <time>2026-09-27T18:59:45Z</time>
   </trkpt>
   <trkpt lat="40.4383340" lon="-79.9783900">
    <ele>260.2</ele>
    <time>2026-09-27T18:59:46Z</time>
   </trkpt>
   <trkpt lat="40.4383380" lon="-79.9784190">
    <ele>260.2</ele>
    <time>2026-09-27T18:59:47Z</time>
   </trkpt>
   <trkpt lat="40.4383460" lon="-79.9784560">
    <ele>260.3</ele>
    <time>2026-09-27T18:59:48Z</time>
   </trkpt>
   <trkpt lat="40.4383500" lon="-79.9784970">
    <ele>260.4</ele>
    <time>2026-09-27T18:59:49Z</time>
   </trkpt>
   <trkpt lat="40.4383530" lon="-79.9785400">
    <ele>260.4</ele>
    <time>2026-09-27T18:59:50Z</time>
   </trkpt>
   <trkpt lat="40.4383520" lon="-79.9785850">
    <ele>260.5</ele>
    <time>2026-09-27T18:59:51Z</time>
   </trkpt>
   <trkpt lat="40.4383540" lon="-79.9786240">
    <ele>260.5</ele>
    <time>2026-09-27T18:59:52Z</time>
   </trkpt>
   <trkpt lat="40.4383560" lon="-79.9786660">
    <ele>260.6</ele>
    <time>2026-09-27T18:59:53Z</time>
   </trkpt>
   <trkpt lat="40.4383570" lon="-79.9787040">
    <ele>260.6</ele>
    <time>2026-09-27T18:59:54Z</time>
   </trkpt>
   <trkpt lat="40.4383570" lon="-79.9787420">
    <ele>260.7</ele>
    <time>2026-09-27T18:59:55Z</time>
   </trkpt>
   <trkpt lat="40.4383610" lon="-79.9788030">
    <ele>260.7</ele>
    <time>2026-09-27T18:59:56Z</time>
   </trkpt>
   <trkpt lat="40.4383620" lon="-79.9788290">
    <ele>260.7</ele>
    <time>2026-09-27T18:59:57Z</time>
   </trkpt>
   <trkpt lat="40.4383620" lon="-79.9788580">
    <ele>260.7</ele>
    <time>2026-09-27T18:59:58Z</time>
   </trkpt>
   <trkpt lat="40.4383630" lon="-79.9789040">
    <ele>260.7</ele>
    <time>2026-09-27T18:59:59Z</time>
   </trkpt>
   <trkpt lat="40.4383660" lon="-79.9789510">
    <ele>260.7</ele>
    <time>2026-09-27T19:00:00Z</time>
   </trkpt>
   <trkpt lat="40.4383710" lon="-79.9789980">
    <ele>260.7</ele>
    <time>2026-09-27T19:00:01Z</time>
   </trkpt>
   <trkpt lat="40.4383750" lon="-79.9790520">
    <ele>260.7</ele>
    <time>2026-09-27T19:00:02Z</time>
   </trkpt>
   <trkpt lat="40.4383720" lon="-79.9791020">
    <ele>260.6</ele>
    <time>2026-09-27T19:00:03Z</time>
   </trkpt>
   <trkpt lat="40.4383740" lon="-79.9791540">
    <ele>260.6</ele>
    <time>2026-09-27T19:00:04Z</time>
   </trkpt>
   <trkpt lat="40.4383740" lon="-79.9792090">
    <ele>260.5</ele>
    <time>2026-09-27T19:00:05Z</time>
   </trkpt>
   <trkpt lat="40.4383830" lon="-79.9792540">
    <ele>260.5</ele>
    <time>2026-09-27T19:00:06Z</time>
   </trkpt>
   <trkpt lat="40.4383930" lon="-79.9793120">
    <ele>260.4</ele>
    <time>2026-09-27T19:00:07Z</time>
   </trkpt>
   <trkpt lat="40.4384020" lon="-79.9793710">
    <ele>260.3</ele>
    <time>2026-09-27T19:00:08Z</time>
   </trkpt>
   <trkpt lat="40.4384080" lon="-79.9794100">
    <ele>260.3</ele>
    <time>2026-09-27T19:00:09Z</time>
   </trkpt>
   <trkpt lat="40.4384090" lon="-79.9794540">
    <ele>260.2</ele>
    <time>2026-09-27T19:00:10Z</time>
   </trkpt>
   <trkpt lat="40.4384060" lon="-79.9794880">
    <ele>260.2</ele>
    <time>2026-09-27T19:00:11Z</time>
   </trkpt>
   <trkpt lat="40.4384040" lon="-79.9795380">
    <ele>260.1</ele>
    <time>2026-09-27T19:00:12Z</time>
   </trkpt>
   <trkpt lat="40.4384010" lon="-79.9795990">
    <ele>260.0</ele>
    <time>2026-09-27T19:00:13Z</time>
   </trkpt>
   <trkpt lat="40.4383950" lon="-79.9796420">
    <ele>259.9</ele>
    <time>2026-09-27T19:00:14Z</time>
   </trkpt>
   <trkpt lat="40.4383950" lon="-79.9796970">
    <ele>259.8</ele>
    <time>2026-09-27T19:00:15Z</time>
   </trkpt>
   <trkpt lat="40.4384000" lon="-79.9797510">
    <ele>259.7</ele>
    <time>2026-09-27T19:00:16Z</time>
   </trkpt>
   <trkpt lat="40.4384030" lon="-79.9798010">
    <ele>259.6</ele>
    <time>2026-09-27T19:00:17Z</time>
   </trkpt>
   <trkpt lat="40.4384060" lon="-79.9798510">
    <ele>259.5</ele>
    <time>2026-09-27T19:00:18Z</time>
   </trkpt>
   <trkpt lat="40.4384120" lon="-79.9799010">
    <ele>259.4</ele>
    <time>2026-09-27T19:00:19Z</time>
   </trkpt>
   <trkpt lat="40.4384130" lon="-79.9799520">
    <ele>259.3</ele>
    <time>2026-09-27T19:00:20Z</time>
   </trkpt>
   <trkpt lat="40.4384160" lon="-79.9800100">
    <ele>259.2</ele>
    <time>2026-09-27T19:00:21Z</time>
   </trkpt>
   <trkpt lat="40.4384150" lon="-79.9800630">
    <ele>259.1</ele>
    <time>2026-09-27T19:00:22Z</time>
   </trkpt>
   <trkpt lat="40.4384150" lon="-79.9801190">
    <ele>259.0</ele>
    <time>2026-09-27T19:00:23Z</time>
   </trkpt>
   <trkpt lat="40.4384220" lon="-79.9801730">
    <ele>258.9</ele>
    <time>2026-09-27T19:00:24Z</time>
   </trkpt>
   <trkpt lat="40.4384240" lon="-79.9802250">
    <ele>258.8</ele>
    <time>2026-09-27T19:00:25Z</time>
   </trkpt>
   <trkpt lat="40.4384300" lon="-79.9802840">
    <ele>258.7</ele>
    <time>2026-09-27T19:00:26Z</time>
   </trkpt>
   <trkpt lat="40.4384250" lon="-79.9803370">
    <ele>258.6</ele>
    <time>2026-09-27T19:00:27Z</time>
   </trkpt>
   <trkpt lat="40.4384230" lon="-79.9803880">
    <ele>258.5</ele>
    <time>2026-09-27T19:00:28Z</time>
   </trkpt>
   <trkpt lat="40.4384290" lon="-79.9804410">
    <ele>258.4</ele>
    <time>2026-09-27T19:00:29Z</time>
   </trkpt>
   <trkpt lat="40.4384340" lon="-79.9804930">
    <ele>258.3</ele>
    <time>2026-09-27T19:00:30Z</time>
   </trkpt>
   <trkpt lat="40.4384440" lon="-79.9805570">
    <ele>258.2</ele>
    <time>2026-09-27T19:00:31Z</time>
   </trkpt>
   <trkpt lat="40.4384410" lon="-79.9806020">
    <ele>258.1</ele>
    <time>2026-09-27T19:00:32Z</time>
   </trkpt>
   <trkpt lat="40.4384440" lon="-79.9806410">
    <ele>258.1</ele>
    <time>2026-09-27T19:00:33Z</time>
   </trkpt>
   <trkpt lat="40.4384380" lon="-79.9806830">
    <ele>258.1</ele>
    <time>2026-09-27T19:00:34Z</time>
   </trkpt>
   <trkpt lat="40.4384450" lon="-79.9807380">
    <ele>258.1</ele>
    <time>2026-09-27T19:00:35Z</time>
   </trkpt>
   <trkpt lat="40.4384590" lon="-79.9807820">
    <ele>258.1</ele>
    <time>2026-09-27T19:00:36Z</time>
   </trkpt>
   <trkpt lat="40.4384570" lon="-79.9808360">
    <ele>257.9</ele>
    <time>2026-09-27T19:00:37Z</time>
   </trkpt>
   <trkpt lat="40.4384500" lon="-79.9808960">
    <ele>257.7</ele>
    <time>2026-09-27T19:00:38Z</time>
   </trkpt>
   <trkpt lat="40.4384350" lon="-79.9809520">
    <ele>257.5</ele>
    <time>2026-09-27T19:00:39Z</time>
   </trkpt>
   <trkpt lat="40.4384320" lon="-79.9810100">
    <ele>257.4</ele>
    <time>2026-09-27T19:00:40Z</time>
   </trkpt>
   <trkpt lat="40.4384390" lon="-79.9810630">
    <ele>257.2</ele>
    <time>2026-09-27T19:00:41Z</time>
   </trkpt>
   <trkpt lat="40.4384410" lon="-79.9811140">
    <ele>257.1</ele>
    <time>2026-09-27T19:00:42Z</time>
   </trkpt>
   <trkpt lat="40.4384570" lon="-79.9811610">
    <ele>256.9</ele>
    <time>2026-09-27T19:00:43Z</time>
   </trkpt>
   <trkpt lat="40.4384640" lon="-79.9812180">
    <ele>256.8</ele>
    <time>2026-09-27T19:00:44Z</time>
   </trkpt>
   <trkpt lat="40.4384680" lon="-79.9812740">
    <ele>256.7</ele>
    <time>2026-09-27T19:00:45Z</time>
   </trkpt>
   <trkpt lat="40.4384670" lon="-79.9813320">
    <ele>256.5</ele>
    <time>2026-09-27T19:00:46Z</time>
   </trkpt>
   <trkpt lat="40.4384640" lon="-79.9813930">
    <ele>256.4</ele>
    <time>2026-09-27T19:00:47Z</time>
   </trkpt>
   <trkpt lat="40.4384620" lon="-79.9814560">
    <ele>256.3</ele>
    <time>2026-09-27T19:00:48Z</time>
   </trkpt>
   <trkpt lat="40.4384670" lon="-79.9815130">
    <ele>256.2</ele>
    <time>2026-09-27T19:00:49Z</time>
   </trkpt>
   <trkpt lat="40.4384710" lon="-79.9815780">
    <ele>256.0</ele>
    <time>2026-09-27T19:00:50Z</time>
   </trkpt>
   <trkpt lat="40.4384720" lon="-79.9816390">
    <ele>255.9</ele>
    <time>2026-09-27T19:00:51Z</time>
   </trkpt>
   <trkpt lat="40.4384750" lon="-79.9817030">
    <ele>255.8</ele>
    <time>2026-09-27T19:00:52Z</time>
   </trkpt>
   <trkpt lat="40.4384770" lon="-79.9817650">
    <ele>255.7</ele>
    <time>2026-09-27T19:00:53Z</time>
   </trkpt>
   <trkpt lat="40.4384770" lon="-79.9818270">
    <ele>255.5</ele>
    <time>2026-09-27T19:00:54Z</time>
   </trkpt>
   <trkpt lat="40.4384750" lon="-79.9818870">
    <ele>255.4</ele>
    <time>2026-09-27T19:00:55Z</time>
   </trkpt>
   <trkpt lat="40.4384790" lon="-79.9819440">
    <ele>255.3</ele>
    <time>2026-09-27T19:00:56Z</time>
   </trkpt>
   <trkpt lat="40.4384820" lon="-79.9820030">
    <ele>255.2</ele>
    <time>2026-09-27T19:00:57Z</time>
   </trkpt>
   <trkpt lat="40.4384870" lon="-79.9820570">
    <ele>255.1</ele>
    <time>2026-09-27T19:00:58Z</time>
   </trkpt>
   <trkpt lat="40.4384690" lon="-79.9821030">
    <ele>254.9</ele>
    <time>2026-09-27T19:00:59Z</time>
   </trkpt>
   <trkpt lat="40.4384670" lon="-79.9821560">
    <ele>254.8</ele>
    <time>2026-09-27T19:01:00Z</time>
   </trkpt>
   <trkpt lat="40.4384650" lon="-79.9822210">
    <ele>254.7</ele>
    <time>2026-09-27T19:01:01Z</time>
   </trkpt>
   <trkpt lat="40.4384650" lon="-79.9822840">
    <ele>254.6</ele>
    <time>2026-09-27T19:01:02Z</time>
   </trkpt>
   <trkpt lat="40.4384730" lon="-79.9823510">
    <ele>254.4</ele>
    <time>2026-09-27T19:01:03Z</time>
   </trkpt>
   <trkpt lat="40.4384940" lon="-79.9824340">
    <ele>254.3</ele>
    <time>2026-09-27T19:01:04Z</time>
   </trkpt>
   <trkpt lat="40.4385000" lon="-79.9824880">
    <ele>254.1</ele>
    <time>2026-09-27T19:01:05Z</time>
   </trkpt>
   <trkpt lat="40.4385030" lon="-79.9825660">
    <ele>253.9</ele>
    <time>2026-09-27T19:01:06Z</time>
   </trkpt>
   <trkpt lat="40.4385150" lon="-79.9826460">
    <ele>253.7</ele>
    <time>2026-09-27T19:01:07Z</time>
   </trkpt>
   <trkpt lat="40.4385100" lon="-79.9827090">
    <ele>253.6</ele>
    <time>2026-09-27T19:01:08Z</time>
   </trkpt>
   <trkpt lat="40.4385170" lon="-79.9827870">
    <ele>253.5</ele>
    <time>2026-09-27T19:01:09Z</time>
   </trkpt>
   <trkpt lat="40.4385140" lon="-79.9828490">
    <ele>253.4</ele>
    <time>2026-09-27T19:01:10Z</time>
   </trkpt>
   <trkpt lat="40.4385290" lon="-79.9829320">
    <ele>253.3</ele>
    <time>2026-09-27T19:01:11Z</time>
   </trkpt>
   <trkpt lat="40.4385410" lon="-79.9830050">
    <ele>253.2</ele>
    <time>2026-09-27T19:01:12Z</time>
   </trkpt>
   <trkpt lat="40.4385350" lon="-79.9830670">
    <ele>253.1</ele>
    <time>2026-09-27T19:01:13Z</time>
   </trkpt>
   <trkpt lat="40.4385410" lon="-79.9831410">
    <ele>253.0</ele>
    <time>2026-09-27T19:01:14Z</time>
   </trkpt>
   <trkpt lat="40.4385520" lon="-79.9832190">
    <ele>252.8</ele>
    <time>2026-09-27T19:01:15Z</time>
   </trkpt>
   <trkpt lat="40.4385620" lon="-79.9833040">
    <ele>252.7</ele>
    <time>2026-09-27T19:01:16Z</time>
   </trkpt>
   <trkpt lat="40.4385610" lon="-79.9833670">
    <ele>252.6</ele>
    <time>2026-09-27T19:01:17Z</time>
   </trkpt>
   <trkpt lat="40.4385630" lon="-79.9834310">
    <ele>252.5</ele>
    <time>2026-09-27T19:01:18Z</time>
   </trkpt>
   <trkpt lat="40.4385700" lon="-79.9835100">
    <ele>252.4</ele>
    <time>2026-09-27T19:01:19Z</time>
   </trkpt>
   <trkpt lat="40.4385760" lon="-79.9835860">
    <ele>252.2</ele>
    <time>2026-09-27T19:01:20Z</time>
   </trkpt>
   <trkpt lat="40.4385800" lon="-79.9836480">
    <ele>252.1</ele>
    <time>2026-09-27T19:01:21Z</time>
   </trkpt>
   <trkpt lat="40.4385820" lon="-79.9836990">
    <ele>252.0</ele>
    <time>2026-09-27T19:01:22Z</time>
   </trkpt>
   <trkpt lat="40.4385810" lon="-79.9837440">
    <ele>252.0</ele>
    <time>2026-09-27T19:01:23Z</time>
   </trkpt>
   <trkpt lat="40.4385810" lon="-79.9837830">
    <ele>251.9</ele>
    <time>2026-09-27T19:01:24Z</time>
   </trkpt>
   <trkpt lat="40.4385910" lon="-79.9838230">
    <ele>251.8</ele>
    <time>2026-09-27T19:01:25Z</time>
   </trkpt>
   <trkpt lat="40.4385960" lon="-79.9838710">
    <ele>251.7</ele>
    <time>2026-09-27T19:01:26Z</time>
   </trkpt>
   <trkpt lat="40.4385940" lon="-79.9839110">
    <ele>251.6</ele>
    <time>2026-09-27T19:01:27Z</time>
   </trkpt>
   <trkpt lat="40.4385860" lon="-79.9839440">
    <ele>251.6</ele>
    <time>2026-09-27T19:01:28Z</time>
   </trkpt>
   <trkpt lat="40.4385800" lon="-79.9839920">
    <ele>251.5</ele>
    <time>2026-09-27T19:01:29Z</time>
   </trkpt>
   <trkpt lat="40.4385890" lon="-79.9840700">
    <ele>251.3</ele>
    <time>2026-09-27T19:01:30Z</time>
   </trkpt>
   <trkpt lat="40.4386030" lon="-79.9841190">
    <ele>251.2</ele>
    <time>2026-09-27T19:01:31Z</time>
   </trkpt>
   <trkpt lat="40.4386100" lon="-79.9841780">
    <ele>251.1</ele>
    <time>2026-09-27T19:01:32Z</time>
   </trkpt>
   <trkpt lat="40.4386120" lon="-79.9842280">
    <ele>251.0</ele>
    <time>2026-09-27T19:01:33Z</time>
   </trkpt>
   <trkpt lat="40.4386160" lon="-79.9842800">
    <ele>250.9</ele>
    <time>2026-09-27T19:01:34Z</time>
   </trkpt>
   <trkpt lat="40.4386140" lon="-79.9843390">
    <ele>250.8</ele>
    <time>2026-09-27T19:01:35Z</time>
   </trkpt>
   <trkpt lat="40.4386090" lon="-79.9844020">
    <ele>250.6</ele>
    <time>2026-09-27T19:01:36Z</time>
   </trkpt>
   <trkpt lat="40.4385980" lon="-79.9844670">
    <ele>250.5</ele>
    <time>2026-09-27T19:01:37Z</time>
   </trkpt>
   <trkpt lat="40.4385900" lon="-79.9845320">
    <ele>250.3</ele>
    <time>2026-09-27T19:01:38Z</time>
   </trkpt>
   <trkpt lat="40.4385960" lon="-79.9846060">
    <ele>250.2</ele>
    <time>2026-09-27T19:01:39Z</time>
   </trkpt>
   <trkpt lat="40.4386030" lon="-79.9846720">
    <ele>250.0</ele>
    <time>2026-09-27T19:01:40Z</time>
   </trkpt>
   <trkpt lat="40.4386000" lon="-79.9847450">
    <ele>249.8</ele>
    <time>2026-09-27T19:01:41Z</time>
   </trkpt>
   <trkpt lat="40.4386020" lon="-79.9848080">
    <ele>249.7</ele>
    <time>2026-09-27T19:01:42Z</time>
   </trkpt>
   <trkpt lat="40.4386040" lon="-79.9848600">
    <ele>249.6</ele>
    <time>2026-09-27T19:01:43Z</time>
   </trkpt>
   <trkpt lat="40.4386100" lon="-79.9849010">
    <ele>249.5</ele>
    <time>2026-09-27T19:01:44Z</time>
   </trkpt>
   <trkpt lat="40.4386130" lon="-79.9849400">
    <ele>249.4</ele>
    <time>2026-09-27T19:01:45Z</time>
   </trkpt>
   <trkpt lat="40.4386180" lon="-79.9849670">
    <ele>249.3</ele>
    <time>2026-09-27T19:01:46Z</time>
   </trkpt>
   <trkpt lat="40.4386230" lon="-79.9850010">
    <ele>249.2</ele>
    <time>2026-09-27T19:01:47Z</time>
   </trkpt>
   <trkpt lat="40.4386220" lon="-79.9850340">
    <ele>249.2</ele>
    <time>2026-09-27T19:01:48Z</time>
   </trkpt>
   <trkpt lat="40.4386150" lon="-79.9850640">
    <ele>249.1</ele>
    <time>2026-09-27T19:01:49Z</time>
   </trkpt>
   <trkpt lat="40.4386040" lon="-79.9850960">
    <ele>249.1</ele>
    <time>2026-09-27T19:01:50Z</time>
   </trkpt>
   <trkpt lat="40.4386060" lon="-79.9851650">
    <ele>248.9</ele>
    <time>2026-09-27T19:01:51Z</time>
   </trkpt>
   <trkpt lat="40.4386130" lon="-79.9852260">
    <ele>248.8</ele>
    <time>2026-09-27T19:01:52Z</time>
   </trkpt>
   <trkpt lat="40.4386120" lon="-79.9852780">
    <ele>248.7</ele>
    <time>2026-09-27T19:01:53Z</time>
   </trkpt>
   <trkpt lat="40.4386150" lon="-79.9853360">
    <ele>248.5</ele>
    <time>2026-09-27T19:01:54Z</time>
   </trkpt>
   <trkpt lat="40.4386120" lon="-79.9853940">
    <ele>248.4</ele>
    <time>2026-09-27T19:01:55Z</time>
   </trkpt>
   <trkpt lat="40.4386140" lon="-79.9854500">
    <ele>248.3</ele>
    <time>2026-09-27T19:01:56Z</time>
   </trkpt>
   <trkpt lat="40.4386200" lon="-79.9855110">
    <ele>248.1</ele>
    <time>2026-09-27T19:01:57Z</time>
   </trkpt>
   <trkpt lat="40.4386250" lon="-79.9855810">
    <ele>248.0</ele>
    <time>2026-09-27T19:01:58Z</time>
   </trkpt>
   <trkpt lat="40.4386280" lon="-79.9856460">
    <ele>247.9</ele>
    <time>2026-09-27T19:01:59Z</time>
   </trkpt>
   <trkpt lat="40.4386260" lon="-79.9857070">
    <ele>247.7</ele>
    <time>2026-09-27T19:02:00Z</time>
   </trkpt>
   <trkpt lat="40.4386330" lon="-79.9857700">
    <ele>247.6</ele>
    <time>2026-09-27T19:02:01Z</time>
   </trkpt>
   <trkpt lat="40.4386350" lon="-79.9858420">
    <ele>247.4</ele>
    <time>2026-09-27T19:02:02Z</time>
   </trkpt>
   <trkpt lat="40.4386410" lon="-79.9859110">
    <ele>247.3</ele>
    <time>2026-09-27T19:02:03Z</time>
   </trkpt>
   <trkpt lat="40.4386440" lon="-79.9859790">
    <ele>247.1</ele>
    <time>2026-09-27T19:02:04Z</time>
   </trkpt>
   <trkpt lat="40.4386470" lon="-79.9860510">
    <ele>246.9</ele>
    <time>2026-09-27T19:02:05Z</time>
   </trkpt>
   <trkpt lat="40.4386490" lon="-79.9861270">
    <ele>246.7</ele>
    <time>2026-09-27T19:02:06Z</time>
   </trkpt>
   <trkpt lat="40.4386520" lon="-79.9861990">
    <ele>246.6</ele>
    <time>2026-09-27T19:02:07Z</time>
   </trkpt>
   <trkpt lat="40.4386540" lon="-79.9862690">
    <ele>246.4</ele>
    <time>2026-09-27T19:02:08Z</time>
   </trkpt>
   <trkpt lat="40.4386550" lon="-79.9863390">
    <ele>246.2</ele>
    <time>2026-09-27T19:02:09Z</time>
   </trkpt>
   <trkpt lat="40.4386610" lon="-79.9864100">
    <ele>246.1</ele>
    <time>2026-09-27T19:02:10Z</time>
   </trkpt>
   <trkpt lat="40.4386650" lon="-79.9864800">
    <ele>245.9</ele>
    <time>2026-09-27T19:02:11Z</time>
   </trkpt>
   <trkpt lat="40.4386670" lon="-79.9865380">
    <ele>245.8</ele>
    <time>2026-09-27T19:02:12Z</time>
   </trkpt>
   <trkpt lat="40.4386670" lon="-79.9865830">
    <ele>245.7</ele>
    <time>2026-09-27T19:02:13Z</time>
   </trkpt>
   <trkpt lat="40.4386680" lon="-79.9866250">
    <ele>245.6</ele>
    <time>2026-09-27T19:02:14Z</time>
   </trkpt>
   <trkpt lat="40.4386720" lon="-79.9866660">
    <ele>245.5</ele>
    <time>2026-09-27T19:02:15Z</time>
   </trkpt>
   <trkpt lat="40.4386770" lon="-79.9867070">
    <ele>245.5</ele>
    <time>2026-09-27T19:02:16Z</time>
   </trkpt>
   <trkpt lat="40.4386750" lon="-79.9867770">
    <ele>245.3</ele>
    <time>2026-09-27T19:02:17Z</time>
   </trkpt>
   <trkpt lat="40.4386780" lon="-79.9868240">
    <ele>245.2</ele>
    <time>2026-09-27T19:02:18Z</time>
   </trkpt>
   <trkpt lat="40.4386810" lon="-79.9868730">
    <ele>245.1</ele>
    <time>2026-09-27T19:02:19Z</time>
   </trkpt>
   <trkpt lat="40.4386780" lon="-79.9869190">
    <ele>245.0</ele>
    <time>2026-09-27T19:02:20Z</time>
   </trkpt>
   <trkpt lat="40.4386800" lon="-79.9869710">
    <ele>244.9</ele>
    <time>2026-09-27T19:02:21Z</time>
   </trkpt>
   <trkpt lat="40.4386850" lon="-79.9870220">
    <ele>244.8</ele>
    <time>2026-09-27T19:02:22Z</time>
   </trkpt>
   <trkpt lat="40.4386900" lon="-79.9870730">
    <ele>244.6</ele>
    <time>2026-09-27T19:02:23Z</time>
   </trkpt>
   <trkpt lat="40.4386900" lon="-79.9871270">
    <ele>244.5</ele>
    <time>2026-09-27T19:02:24Z</time>
   </trkpt>
   <trkpt lat="40.4386920" lon="-79.9871830">
    <ele>244.4</ele>
    <time>2026-09-27T19:02:25Z</time>
   </trkpt>
   <trkpt lat="40.4386920" lon="-79.9872360">
    <ele>244.3</ele>
    <time>2026-09-27T19:02:26Z</time>
   </trkpt>
   <trkpt lat="40.4386970" lon="-79.9872850">
    <ele>244.2</ele>
    <time>2026-09-27T19:02:27Z</time>
   </trkpt>
   <trkpt lat="40.4387020" lon="-79.9873340">
    <ele>244.1</ele>
    <time>2026-09-27T19:02:28Z</time>
   </trkpt>
   <trkpt lat="40.4387050" lon="-79.9873920">
    <ele>243.9</ele>
    <time>2026-09-27T19:02:29Z</time>
   </trkpt>
   <trkpt lat="40.4386960" lon="-79.9874540">
    <ele>243.8</ele>
    <time>2026-09-27T19:02:30Z</time>
   </trkpt>
   <trkpt lat="40.4386950" lon="-79.9875110">
    <ele>243.7</ele>
    <time>2026-09-27T19:02:31Z</time>
   </trkpt>
   <trkpt lat="40.4386980" lon="-79.9875620">
    <ele>243.7</ele>
    <time>2026-09-27T19:02:32Z</time>
   </trkpt>
   <trkpt lat="40.4387050" lon="-79.9876130">
    <ele>243.6</ele>
    <time>2026-09-27T19:02:33Z</time>
   </trkpt>
   <trkpt lat="40.4387110" lon="-79.9876710">
    <ele>243.5</ele>
    <time>2026-09-27T19:02:34Z</time>
   </trkpt>
   <trkpt lat="40.4387130" lon="-79.9877300">
    <ele>243.4</ele>
    <time>2026-09-27T19:02:35Z</time>
   </trkpt>
   <trkpt lat="40.4387130" lon="-79.9877840">
    <ele>243.3</ele>
    <time>2026-09-27T19:02:36Z</time>
   </trkpt>
   <trkpt lat="40.4387180" lon="-79.9878450">
    <ele>243.1</ele>
    <time>2026-09-27T19:02:37Z</time>
   </trkpt>
   <trkpt lat="40.4387250" lon="-79.9879070">
    <ele>243.0</ele>
    <time>2026-09-27T19:02:38Z</time>
   </trkpt>
   <trkpt lat="40.4387310" lon="-79.9879680">
    <ele>242.8</ele>
    <time>2026-09-27T19:02:39Z</time>
   </trkpt>
   <trkpt lat="40.4387390" lon="-79.9880320">
    <ele>242.7</ele>
    <time>2026-09-27T19:02:40Z</time>
   </trkpt>
   <trkpt lat="40.4387420" lon="-79.9880950">
    <ele>242.5</ele>
    <time>2026-09-27T19:02:41Z</time>
   </trkpt>
   <trkpt lat="40.4387440" lon="-79.9881610">
    <ele>242.4</ele>
    <time>2026-09-27T19:02:42Z</time>
   </trkpt>
   <trkpt lat="40.4387460" lon="-79.9882240">
    <ele>242.3</ele>
    <time>2026-09-27T19:02:43Z</time>
   </trkpt>
   <trkpt lat="40.4387560" lon="-79.9882880">
    <ele>242.2</ele>
    <time>2026-09-27T19:02:44Z</time>
   </trkpt>
   <trkpt lat="40.4387670" lon="-79.9883550">
    <ele>242.1</ele>
    <time>2026-09-27T19:02:45Z</time>
   </trkpt>
   <trkpt lat="40.4387750" lon="-79.9884230">
    <ele>241.8</ele>
    <time>2026-09-27T19:02:46Z</time>
   </trkpt>
   <trkpt lat="40.4387800" lon="-79.9884880">
    <ele>241.7</ele>
    <time>2026-09-27T19:02:47Z</time>
   </trkpt>
   <trkpt lat="40.4387840" lon="-79.9885560">
    <ele>241.7</ele>
    <time>2026-09-27T19:02:48Z</time>
   </trkpt>
   <trkpt lat="40.4387870" lon="-79.9886210">
    <ele>241.7</ele>
    <time>2026-09-27T19:02:49Z</time>
   </trkpt>
   <trkpt lat="40.4387880" lon="-79.9886840">
    <ele>241.7</ele>
    <time>2026-09-27T19:02:50Z</time>
   </trkpt>
   <trkpt lat="40.4387880" lon="-79.9887390">
    <ele>241.7</ele>
    <time>2026-09-27T19:02:51Z</time>
   </trkpt>
   <trkpt lat="40.4388070" lon="-79.9888090">
    <ele>241.5</ele>
    <time>2026-09-27T19:02:52Z</time>
   </trkpt>
   <trkpt lat="40.4388110" lon="-79.9888790">
    <ele>241.3</ele>
    <time>2026-09-27T19:02:53Z</time>
   </trkpt>
   <trkpt lat="40.4388190" lon="-79.9889520">
    <ele>241.2</ele>
    <time>2026-09-27T19:02:54Z</time>
   </trkpt>
   <trkpt lat="40.4388360" lon="-79.9890210">
    <ele>241.0</ele>
    <time>2026-09-27T19:02:55Z</time>
   </trkpt>
   <trkpt lat="40.4388360" lon="-79.9890970">
    <ele>240.8</ele>
    <time>2026-09-27T19:02:56Z</time>
   </trkpt>
   <trkpt lat="40.4388410" lon="-79.9891670">
    <ele>240.6</ele>
    <time>2026-09-27T19:02:57Z</time>
   </trkpt>
   <trkpt lat="40.4388460" lon="-79.9892260">
    <ele>240.5</ele>
    <time>2026-09-27T19:02:58Z</time>
   </trkpt>
   <trkpt lat="40.4388580" lon="-79.9892920">
    <ele>240.3</ele>
    <time>2026-09-27T19:02:59Z</time>
   </trkpt>
   <trkpt lat="40.4388610" lon="-79.9893540">
    <ele>240.2</ele>
    <time>2026-09-27T19:03:00Z</time>
   </trkpt>
   <trkpt lat="40.4388620" lon="-79.9894110">
    <ele>240.1</ele>
    <time>2026-09-27T19:03:01Z</time>
   </trkpt>
   <trkpt lat="40.4388650" lon="-79.9894720">
    <ele>239.9</ele>
    <time>2026-09-27T19:03:02Z</time>
   </trkpt>
   <trkpt lat="40.4388590" lon="-79.9895300">
    <ele>239.8</ele>
    <time>2026-09-27T19:03:03Z</time>
   </trkpt>
   <trkpt lat="40.4388560" lon="-79.9895980">
    <ele>239.7</ele>
    <time>2026-09-27T19:03:04Z</time>
   </trkpt>
   <trkpt lat="40.4388630" lon="-79.9896570">
    <ele>239.5</ele>
    <time>2026-09-27T19:03:05Z</time>
   </trkpt>
   <trkpt lat="40.4388690" lon="-79.9897100">
    <ele>239.4</ele>
    <time>2026-09-27T19:03:06Z</time>
   </trkpt>
   <trkpt lat="40.4388600" lon="-79.9897670">
    <ele>239.3</ele>
    <time>2026-09-27T19:03:07Z</time>
   </trkpt>
   <trkpt lat="40.4388710" lon="-79.9898280">
    <ele>239.1</ele>
    <time>2026-09-27T19:03:08Z</time>
   </trkpt>
   <trkpt lat="40.4388680" lon="-79.9898900">
    <ele>239.0</ele>
    <time>2026-09-27T19:03:09Z</time>
   </trkpt>
   <trkpt lat="40.4388710" lon="-79.9899530">
    <ele>238.8</ele>
    <time>2026-09-27T19:03:10Z</time>
   </trkpt>
   <trkpt lat="40.4388710" lon="-79.9900160">
    <ele>238.7</ele>
    <time>2026-09-27T19:03:11Z</time>
   </trkpt>
   <trkpt lat="40.4388820" lon="-79.9900770">
    <ele>238.6</ele>
    <time>2026-09-27T19:03:12Z</time>
   </trkpt>
   <trkpt lat="40.4388910" lon="-79.9901320">
    <ele>238.5</ele>
    <time>2026-09-27T19:03:13Z</time>
   </trkpt>
   <trkpt lat="40.4389210" lon="-79.9901990">
    <ele>238.3</ele>
    <time>2026-09-27T19:03:14Z</time>
   </trkpt>
   <trkpt lat="40.4389080" lon="-79.9902630">
    <ele>238.2</ele>
    <time>2026-09-27T19:03:15Z</time>
   </trkpt>
   <trkpt lat="40.4389190" lon="-79.9903280">
    <ele>238.0</ele>
    <time>2026-09-27T19:03:16Z</time>
   </trkpt>
   <trkpt lat="40.4389420" lon="-79.9903810">
    <ele>237.9</ele>
    <time>2026-09-27T19:03:17Z</time>
   </trkpt>
   <trkpt lat="40.4389570" lon="-79.9904280">
    <ele>237.8</ele>
    <time>2026-09-27T19:03:18Z</time>
   </trkpt>
   <trkpt lat="40.4389590" lon="-79.9904570">
    <ele>237.8</ele>
    <time>2026-09-27T19:03:19Z</time>
   </trkpt>
   <trkpt lat="40.4389760" lon="-79.9904800">
    <ele>237.7</ele>
    <time>2026-09-27T19:03:20Z</time>
   </trkpt>
   <trkpt lat="40.4389930" lon="-79.9905010">
    <ele>237.6</ele>
    <time>2026-09-27T19:03:21Z</time>
   </trkpt>
   <trkpt lat="40.4390100" lon="-79.9905260">
    <ele>237.5</ele>
    <time>2026-09-27T19:03:22Z</time>
   </trkpt>
   <trkpt lat="40.4390370" lon="-79.9905600">
    <ele>237.5</ele>
    <time>2026-09-27T19:03:23Z</time>
   </trkpt>
   <trkpt lat="40.4390470" lon="-79.9905820">
    <ele>237.7</ele>
    <time>2026-09-27T19:03:24Z</time>
   </trkpt>
   <trkpt lat="40.4390620" lon="-79.9906020">
    <ele>237.7</ele>
    <time>2026-09-27T19:03:25Z</time>
   </trkpt>
   <trkpt lat="40.4390720" lon="-79.9906250">
    <ele>237.7</ele>
    <time>2026-09-27T19:03:26Z</time>
   </trkpt>
   <trkpt lat="40.4390880" lon="-79.9906440">
    <ele>237.9</ele>
    <time>2026-09-27T19:03:27Z</time>
   </trkpt>
   <trkpt lat="40.4391020" lon="-79.9906570">
    <ele>237.9</ele>
    <time>2026-09-27T19:03:28Z</time>
   </trkpt>
   <trkpt lat="40.4391240" lon="-79.9906650">
    <ele>238.1</ele>
    <time>2026-09-27T19:03:29Z</time>
   </trkpt>
   <trkpt lat="40.4391410" lon="-79.9906700">
    <ele>238.1</ele>
    <time>2026-09-27T19:03:30Z</time>
   </trkpt>
   <trkpt lat="40.4391590" lon="-79.9906770">
    <ele>238.2</ele>
    <time>2026-09-27T19:03:31Z</time>
   </trkpt>
   <trkpt lat="40.4391650" lon="-79.9906910">
    <ele>238.3</ele>
    <time>2026-09-27T19:03:32Z</time>
   </trkpt>
   <trkpt lat="40.4391750" lon="-79.9907040">
    <ele>238.4</ele>
    <time>2026-09-27T19:03:33Z</time>
   </trkpt>
   <trkpt lat="40.4391880" lon="-79.9907230">
    <ele>238.4</ele>
    <time>2026-09-27T19:03:34Z</time>
   </trkpt>
   <trkpt lat="40.4392050" lon="-79.9907430">
    <ele>238.3</ele>
    <time>2026-09-27T19:03:35Z</time>
   </trkpt>
   <trkpt lat="40.4392110" lon="-79.9907610">
    <ele>238.5</ele>
    <time>2026-09-27T19:03:36Z</time>
   </trkpt>
   <trkpt lat="40.4392120" lon="-79.9907900">
    <ele>238.4</ele>
    <time>2026-09-27T19:03:37Z</time>
   </trkpt>
   <trkpt lat="40.4392000" lon="-79.9908170">
    <ele>238.2</ele>
    <time>2026-09-27T19:03:38Z</time>
   </trkpt>
   <trkpt lat="40.4391840" lon="-79.9908500">
    <ele>238.2</ele>
    <time>2026-09-27T19:03:39Z</time>
   </trkpt>
   <trkpt lat="40.4391660" lon="-79.9908770">
    <ele>238.0</ele>
    <time>2026-09-27T19:03:40Z</time>
   </trkpt>
   <trkpt lat="40.4391440" lon="-79.9908900">
    <ele>238.0</ele>
    <time>2026-09-27T19:03:41Z</time>
   </trkpt>
   <trkpt lat="40.4391210" lon="-79.9909010">
    <ele>237.7</ele>
    <time>2026-09-27T19:03:42Z</time>
   </trkpt>
   <trkpt lat="40.4391030" lon="-79.9909120">
    <ele>237.6</ele>
    <time>2026-09-27T19:03:43Z</time>
   </trkpt>
   <trkpt lat="40.4390830" lon="-79.9909230">
    <ele>237.6</ele>
    <time>2026-09-27T19:03:44Z</time>
   </trkpt>
   <trkpt lat="40.4390680" lon="-79.9909470">
    <ele>237.4</ele>
    <time>2026-09-27T19:03:45Z</time>
   </trkpt>
   <trkpt lat="40.4390490" lon="-79.9909790">
    <ele>237.4</ele>
    <time>2026-09-27T19:03:46Z</time>
   </trkpt>
   <trkpt lat="40.4390340" lon="-79.9910150">
    <ele>237.2</ele>
    <time>2026-09-27T19:03:47Z</time>
   </trkpt>
   <trkpt lat="40.4390240" lon="-79.9910530">
    <ele>237.2</ele>
    <time>2026-09-27T19:03:48Z</time>
   </trkpt>
   <trkpt lat="40.4390020" lon="-79.9910890">
    <ele>237.1</ele>
    <time>2026-09-27T19:03:49Z</time>
   </trkpt>
   <trkpt lat="40.4389780" lon="-79.9911080">
    <ele>237.0</ele>
    <time>2026-09-27T19:03:50Z</time>
   </trkpt>
   <trkpt lat="40.4389440" lon="-79.9911220">
    <ele>236.9</ele>
    <time>2026-09-27T19:03:51Z</time>
   </trkpt>
   <trkpt lat="40.4389180" lon="-79.9911480">
    <ele>236.8</ele>
    <time>2026-09-27T19:03:52Z</time>
   </trkpt>
   <trkpt lat="40.4389070" lon="-79.9911930">
    <ele>236.7</ele>
    <time>2026-09-27T19:03:53Z</time>
   </trkpt>
   <trkpt lat="40.4388960" lon="-79.9912380">
    <ele>236.6</ele>
    <time>2026-09-27T19:03:54Z</time>
   </trkpt>
   <trkpt lat="40.4389030" lon="-79.9912820">
    <ele>236.5</ele>
    <time>2026-09-27T19:03:55Z</time>
   </trkpt>
   <trkpt lat="40.4389200" lon="-79.9913300">
    <ele>236.5</ele>
    <time>2026-09-27T19:03:56Z</time>
   </trkpt>
   <trkpt lat="40.4389270" lon="-79.9913760">
    <ele>236.4</ele>
    <time>2026-09-27T19:03:57Z</time>
   </trkpt>
   <trkpt lat="40.4389300" lon="-79.9914220">
    <ele>236.3</ele>
    <time>2026-09-27T19:03:58Z</time>
   </trkpt>
   <trkpt lat="40.4389250" lon="-79.9914720">
    <ele>236.2</ele>
    <time>2026-09-27T19:03:59Z</time>
   </trkpt>
   <trkpt lat="40.4389240" lon="-79.9915180">
    <ele>236.1</ele>
    <time>2026-09-27T19:04:00Z</time>
   </trkpt>
   <trkpt lat="40.4389260" lon="-79.9915670">
    <ele>236.1</ele>
    <time>2026-09-27T19:04:01Z</time>
   </trkpt>
   <trkpt lat="40.4389390" lon="-79.9916080">
    <ele>236.0</ele>
    <time>2026-09-27T19:04:02Z</time>
   </trkpt>
   <trkpt lat="40.4389400" lon="-79.9916620">
    <ele>235.9</ele>
    <time>2026-09-27T19:04:03Z</time>
   </trkpt>
   <trkpt lat="40.4389350" lon="-79.9917120">
    <ele>235.9</ele>
    <time>2026-09-27T19:04:04Z</time>
   </trkpt>
   <trkpt lat="40.4389310" lon="-79.9917610">
    <ele>235.8</ele>
    <time>2026-09-27T19:04:05Z</time>
   </trkpt>
   <trkpt lat="40.4389340" lon="-79.9918090">
    <ele>235.7</ele>
    <time>2026-09-27T19:04:06Z</time>
   </trkpt>
   <trkpt lat="40.4389370" lon="-79.9918590">
    <ele>235.7</ele>
    <time>2026-09-27T19:04:07Z</time>
   </trkpt>
   <trkpt lat="40.4389400" lon="-79.9919130">
    <ele>235.6</ele>
    <time>2026-09-27T19:04:08Z</time>
   </trkpt>
   <trkpt lat="40.4389460" lon="-79.9919660">
    <ele>235.5</ele>
    <time>2026-09-27T19:04:09Z</time>
   </trkpt>
   <trkpt lat="40.4389500" lon="-79.9920170">
    <ele>235.4</ele>
    <time>2026-09-27T19:04:10Z</time>
   </trkpt>
   <trkpt lat="40.4389550" lon="-79.9920670">
    <ele>235.4</ele>
    <time>2026-09-27T19:04:11Z</time>
   </trkpt>
   <trkpt lat="40.4389550" lon="-79.9921210">
    <ele>235.3</ele>
    <time>2026-09-27T19:04:12Z</time>
   </trkpt>
   <trkpt lat="40.4389520" lon="-79.9921720">
    <ele>235.2</ele>
    <time>2026-09-27T19:04:13Z</time>
   </trkpt>
   <trkpt lat="40.4389550" lon="-79.9922250">
    <ele>235.2</ele>
    <time>2026-09-27T19:04:14Z</time>
   </trkpt>
   <trkpt lat="40.4389640" lon="-79.9922760">
    <ele>235.1</ele>
    <time>2026-09-27T19:04:15Z</time>
   </trkpt>
   <trkpt lat="40.4389680" lon="-79.9923240">
    <ele>235.1</ele>
    <time>2026-09-27T19:04:16Z</time>
   </trkpt>
   <trkpt lat="40.4389670" lon="-79.9923750">
    <ele>235.0</ele>
    <time>2026-09-27T19:04:17Z</time>
   </trkpt>
   <trkpt lat="40.4389620" lon="-79.9924310">
    <ele>235.0</ele>
    <time>2026-09-27T19:04:18Z</time>
   </trkpt>
   <trkpt lat="40.4389590" lon="-79.9924930">
    <ele>234.9</ele>
    <time>2026-09-27T19:04:19Z</time>
   </trkpt>
   <trkpt lat="40.4389720" lon="-79.9925450">
    <ele>234.9</ele>
    <time>2026-09-27T19:04:20Z</time>
   </trkpt>
   <trkpt lat="40.4389780" lon="-79.9926010">
    <ele>234.8</ele>
    <time>2026-09-27T19:04:21Z</time>
   </trkpt>
   <trkpt lat="40.4389810" lon="-79.9926540">
    <ele>234.8</ele>
    <time>2026-09-27T19:04:22Z</time>
   </trkpt>
   <trkpt lat="40.4389830" lon="-79.9927050">
    <ele>234.7</ele>
    <time>2026-09-27T19:04:23Z</time>
   </trkpt>
   <trkpt lat="40.4389840" lon="-79.9927620">
    <ele>234.7</ele>
    <time>2026-09-27T19:04:24Z</time>
   </trkpt>
   <trkpt lat="40.4389840" lon="-79.9928170">
    <ele>234.7</ele>
    <time>2026-09-27T19:04:25Z</time>
   </trkpt>
   <trkpt lat="40.4389830" lon="-79.9928690">
    <ele>234.7</ele>
    <time>2026-09-27T19:04:26Z</time>
   </trkpt>
   <trkpt lat="40.4389840" lon="-79.9929250">
    <ele>234.7</ele>
    <time>2026-09-27T19:04:27Z</time>
   </trkpt>
   <trkpt lat="40.4389870" lon="-79.9929880">
    <ele>234.7</ele>
    <time>2026-09-27T19:04:28Z</time>
   </trkpt>
   <trkpt lat="40.4389820" lon="-79.9930330">
    <ele>234.8</ele>
    <time>2026-09-27T19:04:29Z</time>
   </trkpt>
   <trkpt lat="40.4389820" lon="-79.9930890">
    <ele>234.8</ele>
    <time>2026-09-27T19:04:30Z</time>
   </trkpt>
   <trkpt lat="40.4390000" lon="-79.9931430">
    <ele>234.9</ele>
    <time>2026-09-27T19:04:31Z</time>
   </trkpt>
   <trkpt lat="40.4390040" lon="-79.9931980">
    <ele>235.0</ele>
    <time>2026-09-27T19:04:32Z</time>
   </trkpt>
   <trkpt lat="40.4390030" lon="-79.9932560">
    <ele>235.0</ele>
    <time>2026-09-27T19:04:33Z</time>
   </trkpt>
   <trkpt lat="40.4390030" lon="-79.9933090">
    <ele>235.1</ele>
    <time>2026-09-27T19:04:34Z</time>
   </trkpt>
   <trkpt lat="40.4389950" lon="-79.9933610">
    <ele>235.2</ele>
    <time>2026-09-27T19:04:35Z</time>
   </trkpt>
   <trkpt lat="40.4389960" lon="-79.9934140">
    <ele>235.2</ele>
    <time>2026-09-27T19:04:36Z</time>
   </trkpt>
   <trkpt lat="40.4390020" lon="-79.9934720">
    <ele>235.3</ele>
    <time>2026-09-27T19:04:37Z</time>
   </trkpt>
   <trkpt lat="40.4390040" lon="-79.9935210">
    <ele>235.4</ele>
    <time>2026-09-27T19:04:38Z</time>
   </trkpt>
   <trkpt lat="40.4390060" lon="-79.9935670">
    <ele>235.4</ele>
    <time>2026-09-27T19:04:39Z</time>
   </trkpt>
   <trkpt lat="40.4390050" lon="-79.9936150">
    <ele>235.5</ele>
    <time>2026-09-27T19:04:40Z</time>
   </trkpt>
   <trkpt lat="40.4390030" lon="-79.9936600">
    <ele>235.5</ele>
    <time>2026-09-27T19:04:41Z</time>
   </trkpt>
   <trkpt lat="40.4390030" lon="-79.9937020">
    <ele>235.6</ele>
    <time>2026-09-27T19:04:42Z</time>
   </trkpt>
   <trkpt lat="40.4390040" lon="-79.9937440">
    <ele>235.7</ele>
    <time>2026-09-27T19:04:43Z</time>
   </trkpt>
   <trkpt lat="40.4390030" lon="-79.9937810">
    <ele>235.7</ele>
    <time>2026-09-27T19:04:44Z</time>
   </trkpt>
   <trkpt lat="40.4390020" lon="-79.9938210">
    <ele>235.8</ele>
    <time>2026-09-27T19:04:45Z</time>
   </trkpt>
   <trkpt lat="40.4390040" lon="-79.9938610">
    <ele>235.9</ele>
    <time>2026-09-27T19:04:46Z</time>
   </trkpt>
   <trkpt lat="40.4390100" lon="-79.9939010">
    <ele>235.9</ele>
    <time>2026-09-27T19:04:47Z</time>
   </trkpt>
   <trkpt lat="40.4390190" lon="-79.9939440">
    <ele>236.0</ele>
    <time>2026-09-27T19:04:48Z</time>
   </trkpt>
   <trkpt lat="40.4390670" lon="-79.9940090">
    <ele>236.1</ele>
    <time>2026-09-27T19:04:49Z</time>
   </trkpt>
   <trkpt lat="40.4390020" lon="-79.9939760">
    <ele>236.3</ele>
    <time>2026-09-27T19:04:50Z</time>
   </trkpt>
   <trkpt lat="40.4390030" lon="-79.9940310">
    <ele>236.3</ele>
    <time>2026-09-27T19:04:51Z</time>
   </trkpt>
   <trkpt lat="40.4390110" lon="-79.9940460">
    <ele>236.4</ele>
    <time>2026-09-27T19:04:52Z</time>
   </trkpt>
   <trkpt lat="40.4390030" lon="-79.9941050">
    <ele>236.4</ele>
    <time>2026-09-27T19:04:53Z</time>
   </trkpt>
   <trkpt lat="40.4389970" lon="-79.9941480">
    <ele>236.5</ele>
    <time>2026-09-27T19:04:54Z</time>
   </trkpt>
   <trkpt lat="40.4389910" lon="-79.9941910">
    <ele>236.6</ele>
    <time>2026-09-27T19:04:55Z</time>
   </trkpt>
   <trkpt lat="40.4389870" lon="-79.9942310">
    <ele>236.6</ele>
    <time>2026-09-27T19:04:56Z</time>
   </trkpt>
   <trkpt lat="40.4389830" lon="-79.9942720">
    <ele>236.7</ele>
    <time>2026-09-27T19:04:57Z</time>
   </trkpt>
   <trkpt lat="40.4390020" lon="-79.9942830">
    <ele>236.7</ele>
    <time>2026-09-27T19:04:58Z</time>
   </trkpt>
   <trkpt lat="40.4390050" lon="-79.9943430">
    <ele>236.8</ele>
    <time>2026-09-27T19:04:59Z</time>
   </trkpt>
   <trkpt lat="40.4390030" lon="-79.9943550">
    <ele>236.8</ele>
    <time>2026-09-27T19:05:00Z</time>
   </trkpt>
   <trkpt lat="40.4390040" lon="-79.9944090">
    <ele>236.8</ele>
    <time>2026-09-27T19:05:01Z</time>
   </trkpt>
   <trkpt lat="40.4390080" lon="-79.9944160">
    <ele>236.9</ele>
    <time>2026-09-27T19:05:02Z</time>
   </trkpt>
   <trkpt lat="40.4390120" lon="-79.9944430">
    <ele>236.9</ele>
    <time>2026-09-27T19:05:03Z</time>
   </trkpt>
   <trkpt lat="40.4390190" lon="-79.9944650">
    <ele>236.9</ele>
    <time>2026-09-27T19:05:04Z</time>
   </trkpt>
   <trkpt lat="40.4390070" lon="-79.9944470">
    <ele>236.9</ele>
    <time>2026-09-27T19:05:05Z</time>
   </trkpt>
   <trkpt lat="40.4390180" lon="-79.9944300">
    <ele>237.0</ele>
    <time>2026-09-27T19:05:06Z</time>
   </trkpt>
   <trkpt lat="40.4390230" lon="-79.9944100">
    <ele>237.0</ele>
    <time>2026-09-27T19:05:07Z</time>
   </trkpt>
   <trkpt lat="40.4390300" lon="-79.9943910">
    <ele>237.0</ele>
    <time>2026-09-27T19:05:08Z</time>
   </trkpt>
   <trkpt lat="40.4390300" lon="-79.9943850">
    <ele>237.0</ele>
    <time>2026-09-27T19:05:09Z</time>
   </trkpt>
   <trkpt lat="40.4390490" lon="-79.9944020">
    <ele>237.1</ele>
    <time>2026-09-27T19:05:10Z</time>
   </trkpt>
   <trkpt lat="40.4390680" lon="-79.9944120">
    <ele>237.2</ele>
    <time>2026-09-27T19:05:11Z</time>
   </trkpt>
   <trkpt lat="40.4390870" lon="-79.9944000">
    <ele>237.3</ele>
    <time>2026-09-27T19:05:12Z</time>
   </trkpt>
   <trkpt lat="40.4391040" lon="-79.9943990">
    <ele>237.3</ele>
    <time>2026-09-27T19:05:13Z</time>
   </trkpt>
   <trkpt lat="40.4391210" lon="-79.9944050">
    <ele>237.3</ele>
    <time>2026-09-27T19:05:15Z</time>
   </trkpt>
   <trkpt lat="40.4391500" lon="-79.9944060">
    <ele>237.4</ele>
    <time>2026-09-27T19:05:16Z</time>
   </trkpt>
   <trkpt lat="40.4391720" lon="-79.9944150">
    <ele>237.4</ele>
    <time>2026-09-27T19:05:17Z</time>
   </trkpt>
   <trkpt lat="40.4392230" lon="-79.9943430">
    <ele>237.5</ele>
    <time>2026-09-27T19:05:18Z</time>
   </trkpt>
   <trkpt lat="40.4392380" lon="-79.9943350">
    <ele>237.5</ele>
    <time>2026-09-27T19:05:19Z</time>
   </trkpt>
   <trkpt lat="40.4392520" lon="-79.9943450">
    <ele>237.5</ele>
    <time>2026-09-27T19:05:20Z</time>
   </trkpt>
   <trkpt lat="40.4392590" lon="-79.9943660">
    <ele>237.5</ele>
    <time>2026-09-27T19:05:22Z</time>
   </trkpt>
   <trkpt lat="40.4392690" lon="-79.9944210">
    <ele>237.6</ele>
    <time>2026-09-27T19:05:23Z</time>
   </trkpt>
   <trkpt lat="40.4392270" lon="-79.9944700">
    <ele>237.7</ele>
    <time>2026-09-27T19:05:24Z</time>
   </trkpt>
   <trkpt lat="40.4392710" lon="-79.9945500">
    <ele>237.8</ele>
    <time>2026-09-27T19:05:25Z</time>
   </trkpt>
   <trkpt lat="40.4392090" lon="-79.9945690">
    <ele>237.9</ele>
    <time>2026-09-27T19:05:26Z</time>
   </trkpt>
   <trkpt lat="40.4391860" lon="-79.9945240">
    <ele>238.0</ele>
    <time>2026-09-27T19:05:27Z</time>
   </trkpt>
   <trkpt lat="40.4392570" lon="-79.9945700">
    <ele>238.1</ele>
    <time>2026-09-27T19:05:28Z</time>
   </trkpt>
   <trkpt lat="40.4393010" lon="-79.9944910">
    <ele>238.2</ele>
    <time>2026-09-27T19:05:29Z</time>
   </trkpt>
   <trkpt lat="40.4393860" lon="-79.9943680">
    <ele>238.5</ele>
    <time>2026-09-27T19:05:30Z</time>
   </trkpt>
   <trkpt lat="40.4394280" lon="-79.9943190">
    <ele>238.6</ele>
    <time>2026-09-27T19:05:31Z</time>
   </trkpt>
   <trkpt lat="40.4394540" lon="-79.9942840">
    <ele>238.7</ele>
    <time>2026-09-27T19:05:32Z</time>
   </trkpt>
   <trkpt lat="40.4394780" lon="-79.9942580">
    <ele>238.8</ele>
    <time>2026-09-27T19:05:33Z</time>
   </trkpt>
   <trkpt lat="40.4395270" lon="-79.9942300">
    <ele>238.9</ele>
    <time>2026-09-27T19:05:34Z</time>
   </trkpt>
   <trkpt lat="40.4395660" lon="-79.9942100">
    <ele>239.0</ele>
    <time>2026-09-27T19:05:35Z</time>
   </trkpt>
   <trkpt lat="40.4395780" lon="-79.9942080">
    <ele>239.1</ele>
    <time>2026-09-27T19:05:36Z</time>
   </trkpt>
   <trkpt lat="40.4395900" lon="-79.9941910">
    <ele>239.2</ele>
    <time>2026-09-27T19:05:37Z</time>
   </trkpt>
   <trkpt lat="40.4396400" lon="-79.9941760">
    <ele>239.4</ele>
    <time>2026-09-27T19:05:38Z</time>
   </trkpt>
   <trkpt lat="40.4396840" lon="-79.9941520">
    <ele>239.7</ele>
    <time>2026-09-27T19:05:39Z</time>
   </trkpt>
   <trkpt lat="40.4397170" lon="-79.9941360">
    <ele>239.8</ele>
    <time>2026-09-27T19:05:40Z</time>
   </trkpt>
   <trkpt lat="40.4397530" lon="-79.9940790">
    <ele>240.1</ele>
    <time>2026-09-27T19:05:41Z</time>
   </trkpt>
   <trkpt lat="40.4397690" lon="-79.9940230">
    <ele>240.3</ele>
    <time>2026-09-27T19:05:42Z</time>
   </trkpt>
   <trkpt lat="40.4398640" lon="-79.9939650">
    <ele>240.5</ele>
    <time>2026-09-27T19:05:43Z</time>
   </trkpt>
   <trkpt lat="40.4399130" lon="-79.9938980">
    <ele>240.6</ele>
    <time>2026-09-27T19:05:44Z</time>
   </trkpt>
   <trkpt lat="40.4399550" lon="-79.9938180">
    <ele>240.8</ele>
    <time>2026-09-27T19:05:45Z</time>
   </trkpt>
   <trkpt lat="40.4399460" lon="-79.9939490">
    <ele>240.8</ele>
    <time>2026-09-27T19:05:46Z</time>
   </trkpt>
   <trkpt lat="40.4399790" lon="-79.9939700">
    <ele>240.9</ele>
    <time>2026-09-27T19:05:47Z</time>
   </trkpt>
   <trkpt lat="40.4400200" lon="-79.9940670">
    <ele>241.0</ele>
    <time>2026-09-27T19:05:48Z</time>
   </trkpt>
   <trkpt lat="40.4400540" lon="-79.9941210">
    <ele>240.9</ele>
    <time>2026-09-27T19:05:49Z</time>
   </trkpt>
   <trkpt lat="40.4401070" lon="-79.9941540">
    <ele>240.7</ele>
    <time>2026-09-27T19:05:50Z</time>
   </trkpt>
   <trkpt lat="40.4401600" lon="-79.9941740">
    <ele>240.4</ele>
    <time>2026-09-27T19:05:51Z</time>
   </trkpt>
   <trkpt lat="40.4401880" lon="-79.9941950">
    <ele>240.3</ele>
    <time>2026-09-27T19:05:52Z</time>
   </trkpt>
   <trkpt lat="40.4402190" lon="-79.9942310">
    <ele>240.1</ele>
    <time>2026-09-27T19:05:53Z</time>
   </trkpt>
   <trkpt lat="40.4402490" lon="-79.9942760">
    <ele>239.8</ele>
    <time>2026-09-27T19:05:54Z</time>
   </trkpt>
   <trkpt lat="40.4402690" lon="-79.9943130">
    <ele>239.6</ele>
    <time>2026-09-27T19:05:55Z</time>
   </trkpt>
   <trkpt lat="40.4402910" lon="-79.9943480">
    <ele>239.5</ele>
    <time>2026-09-27T19:05:56Z</time>
   </trkpt>
   <trkpt lat="40.4403120" lon="-79.9943810">
    <ele>239.3</ele>
    <time>2026-09-27T19:05:57Z</time>
   </trkpt>
   <trkpt lat="40.4403330" lon="-79.9944160">
    <ele>239.1</ele>
    <time>2026-09-27T19:05:58Z</time>
   </trkpt>
   <trkpt lat="40.4403520" lon="-79.9944530">
    <ele>238.9</ele>
    <time>2026-09-27T19:05:59Z</time>
   </trkpt>
   <trkpt lat="40.4403690" lon="-79.9944950">
    <ele>238.7</ele>
    <time>2026-09-27T19:06:00Z</time>
   </trkpt>
   <trkpt lat="40.4403840" lon="-79.9945300">
    <ele>238.5</ele>
    <time>2026-09-27T19:06:01Z</time>
   </trkpt>
   <trkpt lat="40.4403960" lon="-79.9945630">
    <ele>238.4</ele>
    <time>2026-09-27T19:06:02Z</time>
   </trkpt>
   <trkpt lat="40.4404020" lon="-79.9945900">
    <ele>238.3</ele>
    <time>2026-09-27T19:06:03Z</time>
   </trkpt>
   <trkpt lat="40.4404060" lon="-79.9946100">
    <ele>238.2</ele>
    <time>2026-09-27T19:06:04Z</time>
   </trkpt>
   <trkpt lat="40.4404160" lon="-79.9946350">
    <ele>238.1</ele>
    <time>2026-09-27T19:06:05Z</time>
   </trkpt>
   <trkpt lat="40.4404250" lon="-79.9946480">
    <ele>238.0</ele>
    <time>2026-09-27T19:06:06Z</time>
   </trkpt>
   <trkpt lat="40.4404320" lon="-79.9946560">
    <ele>238.0</ele>
    <time>2026-09-27T19:06:07Z</time>
   </trkpt>
   <trkpt lat="40.4404320" lon="-79.9946580">
    <ele>238.0</ele>
    <time>2026-09-27T19:06:08Z</time>
   </trkpt>
   <trkpt lat="40.4404300" lon="-79.9946560">
    <ele>238.0</ele>
    <time>2026-09-27T19:06:09Z</time>
   </trkpt>
   <trkpt lat="40.4404240" lon="-79.9946690">
    <ele>238.0</ele>
    <time>2026-09-27T19:06:10Z</time>
   </trkpt>
   <trkpt lat="40.4404200" lon="-79.9946720">
    <ele>238.0</ele>
    <time>2026-09-27T19:06:11Z</time>
   </trkpt>
   <trkpt lat="40.4404210" lon="-79.9946680">
    <ele>238.0</ele>
    <time>2026-09-27T19:06:12Z</time>
   </trkpt>
   <trkpt lat="40.4404200" lon="-79.9946690">
    <ele>238.0</ele>
    <time>2026-09-27T19:06:13Z</time>
   </trkpt>
   <trkpt lat="40.4404240" lon="-79.9946730">
    <ele>238.0</ele>
    <time>2026-09-27T19:06:14Z</time>
   </trkpt>
   <trkpt lat="40.4404190" lon="-79.9946790">
    <ele>238.0</ele>
    <time>2026-09-27T19:06:15Z</time>
   </trkpt>
   <trkpt lat="40.4404190" lon="-79.9946820">
    <ele>238.0</ele>
    <time>2026-09-27T19:06:16Z</time>
   </trkpt>
   <trkpt lat="40.4403430" lon="-79.9947920">
    <ele>238.1</ele>
    <time>2026-09-27T19:06:29Z</time>
   </trkpt>
   <trkpt lat="40.4403450" lon="-79.9947470">
    <ele>238.1</ele>
    <time>2026-09-27T19:06:30Z</time>
   </trkpt>
   <trkpt lat="40.4403420" lon="-79.9947260">
    <ele>238.1</ele>
    <time>2026-09-27T19:06:31Z</time>
   </trkpt>
   <trkpt lat="40.4403430" lon="-79.9947240">
    <ele>238.1</ele>
    <time>2026-09-27T19:06:32Z</time>
   </trkpt>
   <trkpt lat="40.4403430" lon="-79.9947240">
    <ele>238.1</ele>
    <time>2026-09-27T19:06:33Z</time>
   </trkpt>
   <trkpt lat="40.4403390" lon="-79.9946950">
    <ele>238.1</ele>
    <time>2026-09-27T19:06:34Z</time>
   </trkpt>
   <trkpt lat="40.4403510" lon="-79.9946710">
    <ele>238.1</ele>
    <time>2026-09-27T19:06:35Z</time>
   </trkpt>
   <trkpt lat="40.4403620" lon="-79.9946470">
    <ele>238.0</ele>
    <time>2026-09-27T19:06:36Z</time>
   </trkpt>
   <trkpt lat="40.4403600" lon="-79.9946610">
    <ele>238.0</ele>
    <time>2026-09-27T19:06:37Z</time>
   </trkpt>
   <trkpt lat="40.4403710" lon="-79.9946930">
    <ele>238.0</ele>
    <time>2026-09-27T19:06:38Z</time>
   </trkpt>
   <trkpt lat="40.4404130" lon="-79.9947700">
    <ele>237.9</ele>
    <time>2026-09-27T19:06:39Z</time>
   </trkpt>
   <trkpt lat="40.4404550" lon="-79.9948470">
    <ele>237.7</ele>
    <time>2026-09-27T19:06:40Z</time>
   </trkpt>
   <trkpt lat="40.4404770" lon="-79.9948930">
    <ele>237.6</ele>
    <time>2026-09-27T19:06:41Z</time>
   </trkpt>
   <trkpt lat="40.4404900" lon="-79.9949370">
    <ele>237.5</ele>
    <time>2026-09-27T19:06:42Z</time>
   </trkpt>
   <trkpt lat="40.4405090" lon="-79.9950220">
    <ele>237.4</ele>
    <time>2026-09-27T19:06:43Z</time>
   </trkpt>
   <trkpt lat="40.4405250" lon="-79.9951210">
    <ele>237.1</ele>
    <time>2026-09-27T19:06:44Z</time>
   </trkpt>
   <trkpt lat="40.4405380" lon="-79.9951680">
    <ele>237.0</ele>
    <time>2026-09-27T19:06:45Z</time>
   </trkpt>
   <trkpt lat="40.4405520" lon="-79.9952050">
    <ele>236.9</ele>
    <time>2026-09-27T19:06:46Z</time>
   </trkpt>
   <trkpt lat="40.4405640" lon="-79.9952340">
    <ele>236.8</ele>
    <time>2026-09-27T19:06:47Z</time>
   </trkpt>
   <trkpt lat="40.4406360" lon="-79.9952640">
    <ele>236.4</ele>
    <time>2026-09-27T19:06:48Z</time>
   </trkpt>
   <trkpt lat="40.4406720" lon="-79.9953150">
    <ele>236.1</ele>
    <time>2026-09-27T19:06:49Z</time>
   </trkpt>
   <trkpt lat="40.4406840" lon="-79.9953800">
    <ele>235.8</ele>
    <time>2026-09-27T19:06:50Z</time>
   </trkpt>
   <trkpt lat="40.4406940" lon="-79.9954390">
    <ele>235.6</ele>
    <time>2026-09-27T19:06:51Z</time>
   </trkpt>
   <trkpt lat="40.4407080" lon="-79.9954980">
    <ele>235.3</ele>
    <time>2026-09-27T19:06:52Z</time>
   </trkpt>
   <trkpt lat="40.4407220" lon="-79.9955620">
    <ele>235.0</ele>
    <time>2026-09-27T19:06:53Z</time>
   </trkpt>
   <trkpt lat="40.4407450" lon="-79.9956110">
    <ele>234.8</ele>
    <time>2026-09-27T19:06:54Z</time>
   </trkpt>
   <trkpt lat="40.4407550" lon="-79.9956690">
    <ele>234.5</ele>
    <time>2026-09-27T19:06:55Z</time>
   </trkpt>
   <trkpt lat="40.4407760" lon="-79.9957110">
    <ele>234.3</ele>
    <time>2026-09-27T19:06:56Z</time>
   </trkpt>
   <trkpt lat="40.4407860" lon="-79.9957590">
    <ele>234.1</ele>
    <time>2026-09-27T19:06:57Z</time>
   </trkpt>
   <trkpt lat="40.4408240" lon="-79.9957750">
    <ele>234.0</ele>
    <time>2026-09-27T19:06:58Z</time>
   </trkpt>
   <trkpt lat="40.4408450" lon="-79.9957660">
    <ele>233.9</ele>
    <time>2026-09-27T19:06:59Z</time>
   </trkpt>
   <trkpt lat="40.4408750" lon="-79.9957560">
    <ele>233.8</ele>
    <time>2026-09-27T19:07:00Z</time>
   </trkpt>
   <trkpt lat="40.4408800" lon="-79.9957340">
    <ele>233.8</ele>
    <time>2026-09-27T19:07:01Z</time>
   </trkpt>
   <trkpt lat="40.4408920" lon="-79.9957280">
    <ele>233.8</ele>
    <time>2026-09-27T19:07:02Z</time>
   </trkpt>
   <trkpt lat="40.4409090" lon="-79.9957190">
    <ele>233.7</ele>
    <time>2026-09-27T19:07:03Z</time>
   </trkpt>
   <trkpt lat="40.4409160" lon="-79.9956580">
    <ele>233.6</ele>
    <time>2026-09-27T19:07:04Z</time>
   </trkpt>
   <trkpt lat="40.4409280" lon="-79.9956440">
    <ele>233.6</ele>
    <time>2026-09-27T19:07:05Z</time>
   </trkpt>
   <trkpt lat="40.4409420" lon="-79.9956310">
    <ele>233.6</ele>
    <time>2026-09-27T19:07:06Z</time>
   </trkpt>
   <trkpt lat="40.4409550" lon="-79.9956180">
    <ele>233.5</ele>
    <time>2026-09-27T19:07:07Z</time>
   </trkpt>
   <trkpt lat="40.4409690" lon="-79.9956040">
    <ele>233.5</ele>
    <time>2026-09-27T19:07:08Z</time>
   </trkpt>
   <trkpt lat="40.4409850" lon="-79.9955970">
    <ele>233.5</ele>
    <time>2026-09-27T19:07:09Z</time>
   </trkpt>
   <trkpt lat="40.4410130" lon="-79.9956000">
    <ele>233.4</ele>
    <time>2026-09-27T19:07:10Z</time>
   </trkpt>
   <trkpt lat="40.4410130" lon="-79.9956000">
    <ele>233.4</ele>
    <time>2026-09-27T19:07:11Z</time>
   </trkpt>
   <trkpt lat="40.4411760" lon="-79.9954980">
    <ele>233.1</ele>
    <time>2026-09-27T19:07:12Z</time>
   </trkpt>
   <trkpt lat="40.4411760" lon="-79.9954980">
    <ele>233.1</ele>
    <time>2026-09-27T19:07:13Z</time>
   </trkpt>
   <trkpt lat="40.4412010" lon="-79.9955110">
    <ele>233.0</ele>
    <time>2026-09-27T19:07:14Z</time>
   </trkpt>
   <trkpt lat="40.4412110" lon="-79.9955360">
    <ele>233.0</ele>
    <time>2026-09-27T19:07:15Z</time>
   </trkpt>
   <trkpt lat="40.4412620" lon="-79.9955620">
    <ele>232.9</ele>
    <time>2026-09-27T19:07:16Z</time>
   </trkpt>
   <trkpt lat="40.4413080" lon="-79.9954670">
    <ele>232.8</ele>
    <time>2026-09-27T19:07:17Z</time>
   </trkpt>
   <trkpt lat="40.4413430" lon="-79.9954060">
    <ele>232.7</ele>
    <time>2026-09-27T19:07:18Z</time>
   </trkpt>
   <trkpt lat="40.4413690" lon="-79.9953680">
    <ele>232.7</ele>
    <time>2026-09-27T19:07:19Z</time>
   </trkpt>
   <trkpt lat="40.4414120" lon="-79.9953560">
    <ele>232.6</ele>
    <time>2026-09-27T19:07:20Z</time>
   </trkpt>
   <trkpt lat="40.4414500" lon="-79.9953050">
    <ele>232.5</ele>
    <time>2026-09-27T19:07:21Z</time>
   </trkpt>
   <trkpt lat="40.4414790" lon="-79.9952630">
    <ele>232.5</ele>
    <time>2026-09-27T19:07:22Z</time>
   </trkpt>
   <trkpt lat="40.4415220" lon="-79.9952310">
    <ele>232.4</ele>
    <time>2026-09-27T19:07:23Z</time>
   </trkpt>
   <trkpt lat="40.4415620" lon="-79.9952160">
    <ele>232.4</ele>
    <time>2026-09-27T19:07:24Z</time>
   </trkpt>
   <trkpt lat="40.4415860" lon="-79.9951900">
    <ele>232.3</ele>
    <time>2026-09-27T19:07:25Z</time>
   </trkpt>
   <trkpt lat="40.4416190" lon="-79.9951840">
    <ele>232.3</ele>
    <time>2026-09-27T19:07:26Z</time>
   </trkpt>
   <trkpt lat="40.4416680" lon="-79.9951700">
    <ele>232.3</ele>
    <time>2026-09-27T19:07:27Z</time>
   </trkpt>
   <trkpt lat="40.4417070" lon="-79.9951510">
    <ele>232.2</ele>
    <time>2026-09-27T19:07:28Z</time>
   </trkpt>
   <trkpt lat="40.4417490" lon="-79.9951120">
    <ele>232.1</ele>
    <time>2026-09-27T19:07:29Z</time>
   </trkpt>
   <trkpt lat="40.4417550" lon="-79.9950890">
    <ele>232.1</ele>
    <time>2026-09-27T19:07:30Z</time>
   </trkpt>
   <trkpt lat="40.4417750" lon="-79.9950400">
    <ele>232.1</ele>
    <time>2026-09-27T19:07:31Z</time>
   </trkpt>
   <trkpt lat="40.4417990" lon="-79.9950250">
    <ele>232.1</ele>
    <time>2026-09-27T19:07:32Z</time>
   </trkpt>
   <trkpt lat="40.4418190" lon="-79.9950080">
    <ele>232.0</ele>
    <time>2026-09-27T19:07:33Z</time>
   </trkpt>
   <trkpt lat="40.4418280" lon="-79.9949760">
    <ele>232.0</ele>
    <time>2026-09-27T19:07:34Z</time>
   </trkpt>
   <trkpt lat="40.4418730" lon="-79.9949440">
    <ele>232.0</ele>
    <time>2026-09-27T19:07:35Z</time>
   </trkpt>
   <trkpt lat="40.4419690" lon="-79.9949640">
    <ele>231.9</ele>
    <time>2026-09-27T19:07:36Z</time>
   </trkpt>
   <trkpt lat="40.4420260" lon="-79.9949710">
    <ele>231.8</ele>
    <time>2026-09-27T19:07:37Z</time>
   </trkpt>
   <trkpt lat="40.4420550" lon="-79.9949430">
    <ele>231.7</ele>
    <time>2026-09-27T19:07:38Z</time>
   </trkpt>
   <trkpt lat="40.4420850" lon="-79.9949250">
    <ele>231.6</ele>
    <time>2026-09-27T19:07:39Z</time>
   </trkpt>
   <trkpt lat="40.4421260" lon="-79.9948680">
    <ele>231.5</ele>
    <time>2026-09-27T19:07:40Z</time>
   </trkpt>
   <trkpt lat="40.4421730" lon="-79.9948160">
    <ele>231.3</ele>
    <time>2026-09-27T19:07:41Z</time>
   </trkpt>
   <trkpt lat="40.4422110" lon="-79.9947990">
    <ele>231.2</ele>
    <time>2026-09-27T19:07:42Z</time>
   </trkpt>
   <trkpt lat="40.4422680" lon="-79.9947650">
    <ele>231.2</ele>
    <time>2026-09-27T19:07:43Z</time>
   </trkpt>
   <trkpt lat="40.4423000" lon="-79.9947300">
    <ele>231.1</ele>
    <time>2026-09-27T19:07:44Z</time>
   </trkpt>
   <trkpt lat="40.4423380" lon="-79.9947020">
    <ele>231.1</ele>
    <time>2026-09-27T19:07:45Z</time>
   </trkpt>
   <trkpt lat="40.4423930" lon="-79.9946820">
    <ele>230.9</ele>
    <time>2026-09-27T19:07:46Z</time>
   </trkpt>
   <trkpt lat="40.4424510" lon="-79.9946480">
    <ele>230.8</ele>
    <time>2026-09-27T19:07:47Z</time>
   </trkpt>
   <trkpt lat="40.4425120" lon="-79.9946130">
    <ele>230.7</ele>
    <time>2026-09-27T19:07:48Z</time>
   </trkpt>
   <trkpt lat="40.4425730" lon="-79.9945710">
    <ele>230.5</ele>
    <time>2026-09-27T19:07:49Z</time>
   </trkpt>
   <trkpt lat="40.4426270" lon="-79.9945990">
    <ele>230.4</ele>
    <time>2026-09-27T19:07:50Z</time>
   </trkpt>
   <trkpt lat="40.4426710" lon="-79.9945520">
    <ele>230.3</ele>
    <time>2026-09-27T19:07:51Z</time>
   </trkpt>
   <trkpt lat="40.4427200" lon="-79.9945180">
    <ele>230.1</ele>
    <time>2026-09-27T19:07:52Z</time>
   </trkpt>
   <trkpt lat="40.4427780" lon="-79.9944770">
    <ele>230.0</ele>
    <time>2026-09-27T19:07:53Z</time>
   </trkpt>
   <trkpt lat="40.4428080" lon="-79.9944730">
    <ele>229.9</ele>
    <time>2026-09-27T19:07:54Z</time>
   </trkpt>
   <trkpt lat="40.4428560" lon="-79.9944240">
    <ele>229.8</ele>
    <time>2026-09-27T19:07:55Z</time>
   </trkpt>
   <trkpt lat="40.4429040" lon="-79.9943760">
    <ele>229.6</ele>
    <time>2026-09-27T19:07:56Z</time>
   </trkpt>
   <trkpt lat="40.4429630" lon="-79.9943320">
    <ele>229.4</ele>
    <time>2026-09-27T19:07:57Z</time>
   </trkpt>
   <trkpt lat="40.4430110" lon="-79.9942950">
    <ele>229.2</ele>
    <time>2026-09-27T19:07:58Z</time>
   </trkpt>
   <trkpt lat="40.4430220" lon="-79.9943810">
    <ele>229.3</ele>
    <time>2026-09-27T19:07:59Z</time>
   </trkpt>
   <trkpt lat="40.4430680" lon="-79.9943640">
    <ele>229.1</ele>
    <time>2026-09-27T19:08:00Z</time>
   </trkpt>
   <trkpt lat="40.4432460" lon="-79.9945240">
    <ele>229.6</ele>
    <time>2026-09-27T19:08:01Z</time>
   </trkpt>
   <trkpt lat="40.4433000" lon="-79.9945110">
    <ele>229.0</ele>
    <time>2026-09-27T19:08:02Z</time>
   </trkpt>
   <trkpt lat="40.4433630" lon="-79.9945130">
    <ele>228.4</ele>
    <time>2026-09-27T19:08:03Z</time>
   </trkpt>
   <trkpt lat="40.4434440" lon="-79.9944730">
    <ele>228.1</ele>
    <time>2026-09-27T19:08:04Z</time>
   </trkpt>
   <trkpt lat="40.4435240" lon="-79.9944980">
    <ele>227.8</ele>
    <time>2026-09-27T19:08:05Z</time>
   </trkpt>
   <trkpt lat="40.4435620" lon="-79.9944890">
    <ele>227.7</ele>
    <time>2026-09-27T19:08:06Z</time>
   </trkpt>
   <trkpt lat="40.4435980" lon="-79.9944630">
    <ele>227.7</ele>
    <time>2026-09-27T19:08:07Z</time>
   </trkpt>
   <trkpt lat="40.4436220" lon="-79.9944640">
    <ele>227.8</ele>
    <time>2026-09-27T19:08:08Z</time>
   </trkpt>
   <trkpt lat="40.4436620" lon="-79.9944720">
    <ele>227.9</ele>
    <time>2026-09-27T19:08:09Z</time>
   </trkpt>
   <trkpt lat="40.4436900" lon="-79.9944500">
    <ele>227.8</ele>
    <time>2026-09-27T19:08:10Z</time>
   </trkpt>
   <trkpt lat="40.4437230" lon="-79.9944150">
    <ele>227.6</ele>
    <time>2026-09-27T19:08:11Z</time>
   </trkpt>
   <trkpt lat="40.4437460" lon="-79.9943920">
    <ele>227.5</ele>
    <time>2026-09-27T19:08:12Z</time>
   </trkpt>
   <trkpt lat="40.4437790" lon="-79.9943790">
    <ele>227.0</ele>
    <time>2026-09-27T19:08:13Z</time>
   </trkpt>
   <trkpt lat="40.4438050" lon="-79.9943380">
    <ele>226.6</ele>
    <time>2026-09-27T19:08:14Z</time>
   </trkpt>
   <trkpt lat="40.4438210" lon="-79.9943100">
    <ele>226.5</ele>
    <time>2026-09-27T19:08:15Z</time>
   </trkpt>
   <trkpt lat="40.4438340" lon="-79.9942900">
    <ele>226.5</ele>
    <time>2026-09-27T19:08:16Z</time>
   </trkpt>
   <trkpt lat="40.4438400" lon="-79.9942720">
    <ele>226.6</ele>
    <time>2026-09-27T19:08:17Z</time>
   </trkpt>
   <trkpt lat="40.4438550" lon="-79.9942510">
    <ele>226.6</ele>
    <time>2026-09-27T19:08:18Z</time>
   </trkpt>
   <trkpt lat="40.4438630" lon="-79.9942250">
    <ele>226.7</ele>
    <time>2026-09-27T19:08:19Z</time>
   </trkpt>
   <trkpt lat="40.4437970" lon="-79.9940660">
    <ele>227.3</ele>
    <time>2026-09-27T19:08:20Z</time>
   </trkpt>
   <trkpt lat="40.4437750" lon="-79.9939580">
    <ele>227.8</ele>
    <time>2026-09-27T19:08:21Z</time>
   </trkpt>
   <trkpt lat="40.4437930" lon="-79.9939380">
    <ele>227.7</ele>
    <time>2026-09-27T19:08:22Z</time>
   </trkpt>
   <trkpt lat="40.4438090" lon="-79.9939140">
    <ele>227.4</ele>
    <time>2026-09-27T19:08:23Z</time>
   </trkpt>
   <trkpt lat="40.4438350" lon="-79.9938960">
    <ele>227.1</ele>
    <time>2026-09-27T19:08:24Z</time>
   </trkpt>
   <trkpt lat="40.4438500" lon="-79.9938760">
    <ele>226.9</ele>
    <time>2026-09-27T19:08:25Z</time>
   </trkpt>
   <trkpt lat="40.4438760" lon="-79.9938480">
    <ele>226.6</ele>
    <time>2026-09-27T19:08:26Z</time>
   </trkpt>
   <trkpt lat="40.4438880" lon="-79.9938170">
    <ele>226.5</ele>
    <time>2026-09-27T19:08:27Z</time>
   </trkpt>
   <trkpt lat="40.4439140" lon="-79.9937340">
    <ele>226.8</ele>
    <time>2026-09-27T19:08:28Z</time>
   </trkpt>
   <trkpt lat="40.4439220" lon="-79.9936870">
    <ele>227.3</ele>
    <time>2026-09-27T19:08:29Z</time>
   </trkpt>
   <trkpt lat="40.4439060" lon="-79.9937000">
    <ele>227.6</ele>
    <time>2026-09-27T19:08:30Z</time>
   </trkpt>
   <trkpt lat="40.4439020" lon="-79.9937030">
    <ele>227.6</ele>
    <time>2026-09-27T19:08:31Z</time>
   </trkpt>
   <trkpt lat="40.4439000" lon="-79.9936970">
    <ele>227.6</ele>
    <time>2026-09-27T19:08:32Z</time>
   </trkpt>
   <trkpt lat="40.4438980" lon="-79.9936880">
    <ele>227.6</ele>
    <time>2026-09-27T19:08:33Z</time>
   </trkpt>
   <trkpt lat="40.4438940" lon="-79.9936340">
    <ele>227.5</ele>
    <time>2026-09-27T19:08:34Z</time>
   </trkpt>
   <trkpt lat="40.4438910" lon="-79.9936440">
    <ele>227.4</ele>
    <time>2026-09-27T19:08:35Z</time>
   </trkpt>
   <trkpt lat="40.4438900" lon="-79.9936440">
    <ele>227.4</ele>
    <time>2026-09-27T19:08:36Z</time>
   </trkpt>
   <trkpt lat="40.4438900" lon="-79.9936440">
    <ele>227.4</ele>
    <time>2026-09-27T19:08:37Z</time>
   </trkpt>
   <trkpt lat="40.4438900" lon="-79.9936440">
    <ele>227.4</ele>
    <time>2026-09-27T19:08:38Z</time>
   </trkpt>
   <trkpt lat="40.4438900" lon="-79.9936440">
    <ele>227.4</ele>
    <time>2026-09-27T19:08:39Z</time>
   </trkpt>
   <trkpt lat="40.4438990" lon="-79.9936510">
    <ele>227.4</ele>
    <time>2026-09-27T19:08:40Z</time>
   </trkpt>
   <trkpt lat="40.4438980" lon="-79.9936450">
    <ele>227.4</ele>
    <time>2026-09-27T19:08:41Z</time>
   </trkpt>
   <trkpt lat="40.4438970" lon="-79.9936450">
    <ele>227.4</ele>
    <time>2026-09-27T19:08:42Z</time>
   </trkpt>
   <trkpt lat="40.4438970" lon="-79.9936450">
    <ele>227.4</ele>
    <time>2026-09-27T19:08:43Z</time>
   </trkpt>
   <trkpt lat="40.4438970" lon="-79.9936450">
    <ele>227.4</ele>
    <time>2026-09-27T19:08:44Z</time>
   </trkpt>
   <trkpt lat="40.4439320" lon="-79.9935840">
    <ele>227.3</ele>
    <time>2026-09-27T19:08:53Z</time>
   </trkpt>
   <trkpt lat="40.4439500" lon="-79.9935600">
    <ele>227.2</ele>
    <time>2026-09-27T19:08:54Z</time>
   </trkpt>
   <trkpt lat="40.4439700" lon="-79.9935330">
    <ele>227.2</ele>
    <time>2026-09-27T19:08:55Z</time>
   </trkpt>
   <trkpt lat="40.4439910" lon="-79.9935090">
    <ele>227.1</ele>
    <time>2026-09-27T19:08:56Z</time>
   </trkpt>
   <trkpt lat="40.4440100" lon="-79.9934790">
    <ele>227.1</ele>
    <time>2026-09-27T19:08:57Z</time>
   </trkpt>
   <trkpt lat="40.4440300" lon="-79.9934530">
    <ele>227.0</ele>
    <time>2026-09-27T19:08:58Z</time>
   </trkpt>
   <trkpt lat="40.4440490" lon="-79.9934220">
    <ele>227.0</ele>
    <time>2026-09-27T19:08:59Z</time>
   </trkpt>
   <trkpt lat="40.4440670" lon="-79.9933900">
    <ele>227.0</ele>
    <time>2026-09-27T19:09:00Z</time>
   </trkpt>
   <trkpt lat="40.4440870" lon="-79.9933600">
    <ele>226.9</ele>
    <time>2026-09-27T19:09:01Z</time>
   </trkpt>
   <trkpt lat="40.4441080" lon="-79.9933250">
    <ele>226.9</ele>
    <time>2026-09-27T19:09:02Z</time>
   </trkpt>
   <trkpt lat="40.4441340" lon="-79.9933010">
    <ele>226.8</ele>
    <time>2026-09-27T19:09:03Z</time>
   </trkpt>
   <trkpt lat="40.4441440" lon="-79.9932810">
    <ele>226.8</ele>
    <time>2026-09-27T19:09:04Z</time>
   </trkpt>
   <trkpt lat="40.4441360" lon="-79.9932020">
    <ele>226.6</ele>
    <time>2026-09-27T19:09:05Z</time>
   </trkpt>
   <trkpt lat="40.4441600" lon="-79.9931910">
    <ele>226.6</ele>
    <time>2026-09-27T19:09:06Z</time>
   </trkpt>
   <trkpt lat="40.4441760" lon="-79.9931910">
    <ele>226.6</ele>
    <time>2026-09-27T19:09:07Z</time>
   </trkpt>
   <trkpt lat="40.4441780" lon="-79.9931790">
    <ele>226.6</ele>
    <time>2026-09-27T19:09:08Z</time>
   </trkpt>
   <trkpt lat="40.4441880" lon="-79.9931960">
    <ele>226.5</ele>
    <time>2026-09-27T19:09:09Z</time>
   </trkpt>
   <trkpt lat="40.4442120" lon="-79.9932120">
    <ele>226.5</ele>
    <time>2026-09-27T19:09:10Z</time>
   </trkpt>
   <trkpt lat="40.4442480" lon="-79.9932140">
    <ele>226.4</ele>
    <time>2026-09-27T19:09:11Z</time>
   </trkpt>
   <trkpt lat="40.4442630" lon="-79.9932420">
    <ele>226.2</ele>
    <time>2026-09-27T19:09:12Z</time>
   </trkpt>
   <trkpt lat="40.4442650" lon="-79.9932930">
    <ele>225.9</ele>
    <time>2026-09-27T19:09:13Z</time>
   </trkpt>
   <trkpt lat="40.4442930" lon="-79.9933250">
    <ele>225.7</ele>
    <time>2026-09-27T19:09:14Z</time>
   </trkpt>
   <trkpt lat="40.4443220" lon="-79.9933800">
    <ele>225.8</ele>
    <time>2026-09-27T19:09:15Z</time>
   </trkpt>
   <trkpt lat="40.4443470" lon="-79.9934220">
    <ele>225.9</ele>
    <time>2026-09-27T19:09:16Z</time>
   </trkpt>
   <trkpt lat="40.4443620" lon="-79.9934580">
    <ele>226.0</ele>
    <time>2026-09-27T19:09:17Z</time>
   </trkpt>
   <trkpt lat="40.4443830" lon="-79.9934900">
    <ele>226.1</ele>
    <time>2026-09-27T19:09:18Z</time>
   </trkpt>
   <trkpt lat="40.4444070" lon="-79.9935060">
    <ele>226.1</ele>
    <time>2026-09-27T19:09:19Z</time>
   </trkpt>
   <trkpt lat="40.4444330" lon="-79.9935320">
    <ele>226.2</ele>
    <time>2026-09-27T19:09:20Z</time>
   </trkpt>
   <trkpt lat="40.4444600" lon="-79.9935570">
    <ele>226.3</ele>
    <time>2026-09-27T19:09:21Z</time>
   </trkpt>
   <trkpt lat="40.4445010" lon="-79.9935850">
    <ele>226.4</ele>
    <time>2026-09-27T19:09:22Z</time>
   </trkpt>
   <trkpt lat="40.4445480" lon="-79.9935840">
    <ele>226.5</ele>
    <time>2026-09-27T19:09:23Z</time>
   </trkpt>
   <trkpt lat="40.4445720" lon="-79.9936210">
    <ele>226.6</ele>
    <time>2026-09-27T19:09:24Z</time>
   </trkpt>
   <trkpt lat="40.4446100" lon="-79.9936420">
    <ele>226.7</ele>
    <time>2026-09-27T19:09:25Z</time>
   </trkpt>
   <trkpt lat="40.4446670" lon="-79.9936360">
    <ele>226.7</ele>
    <time>2026-09-27T19:09:26Z</time>
   </trkpt>
   <trkpt lat="40.4447010" lon="-79.9936460">
    <ele>226.7</ele>
    <time>2026-09-27T19:09:27Z</time>
   </trkpt>
   <trkpt lat="40.4447170" lon="-79.9936950">
    <ele>226.7</ele>
    <time>2026-09-27T19:09:29Z</time>
   </trkpt>
   <trkpt lat="40.4447500" lon="-79.9937150">
    <ele>226.7</ele>
    <time>2026-09-27T19:09:30Z</time>
   </trkpt>
   <trkpt lat="40.4447400" lon="-79.9937690">
    <ele>226.7</ele>
    <time>2026-09-27T19:09:31Z</time>
   </trkpt>
   <trkpt lat="40.4447660" lon="-79.9937980">
    <ele>226.7</ele>
    <time>2026-09-27T19:09:32Z</time>
   </trkpt>
   <trkpt lat="40.4447910" lon="-79.9938250">
    <ele>226.7</ele>
    <time>2026-09-27T19:09:33Z</time>
   </trkpt>
   <trkpt lat="40.4448070" lon="-79.9935460">
    <ele>226.9</ele>
    <time>2026-09-27T19:09:36Z</time>
   </trkpt>
   <trkpt lat="40.4448160" lon="-79.9935020">
    <ele>226.9</ele>
    <time>2026-09-27T19:09:37Z</time>
   </trkpt>
   <trkpt lat="40.4448340" lon="-79.9934940">
    <ele>226.9</ele>
    <time>2026-09-27T19:09:38Z</time>
   </trkpt>
   <trkpt lat="40.4449460" lon="-79.9934550">
    <ele>227.0</ele>
    <time>2026-09-27T19:09:39Z</time>
   </trkpt>
   <trkpt lat="40.4449710" lon="-79.9934380">
    <ele>227.0</ele>
    <time>2026-09-27T19:09:40Z</time>
   </trkpt>
   <trkpt lat="40.4451060" lon="-79.9933690">
    <ele>227.0</ele>
    <time>2026-09-27T19:09:42Z</time>
   </trkpt>
   <trkpt lat="40.4451740" lon="-79.9933350">
    <ele>226.9</ele>
    <time>2026-09-27T19:09:43Z</time>
   </trkpt>
   <trkpt lat="40.4451760" lon="-79.9932910">
    <ele>226.9</ele>
    <time>2026-09-27T19:09:44Z</time>
   </trkpt>
   <trkpt lat="40.4451710" lon="-79.9932590">
    <ele>226.9</ele>
    <time>2026-09-27T19:09:45Z</time>
   </trkpt>
   <trkpt lat="40.4452020" lon="-79.9932370">
    <ele>226.9</ele>
    <time>2026-09-27T19:09:46Z</time>
   </trkpt>
   <trkpt lat="40.4452190" lon="-79.9931780">
    <ele>226.9</ele>
    <time>2026-09-27T19:09:47Z</time>
   </trkpt>
   <trkpt lat="40.4452360" lon="-79.9931680">
    <ele>226.9</ele>
    <time>2026-09-27T19:09:48Z</time>
   </trkpt>
   <trkpt lat="40.4452710" lon="-79.9931170">
    <ele>226.9</ele>
    <time>2026-09-27T19:09:49Z</time>
   </trkpt>
   <trkpt lat="40.4452530" lon="-79.9930820">
    <ele>226.9</ele>
    <time>2026-09-27T19:09:50Z</time>
   </trkpt>
   <trkpt lat="40.4452510" lon="-79.9930170">
    <ele>226.8</ele>
    <time>2026-09-27T19:09:51Z</time>
   </trkpt>
   <trkpt lat="40.4452650" lon="-79.9929310">
    <ele>226.8</ele>
    <time>2026-09-27T19:09:52Z</time>
   </trkpt>
   <trkpt lat="40.4452970" lon="-79.9928580">
    <ele>226.8</ele>
    <time>2026-09-27T19:09:53Z</time>
   </trkpt>
   <trkpt lat="40.4453430" lon="-79.9928060">
    <ele>226.7</ele>
    <time>2026-09-27T19:09:54Z</time>
   </trkpt>
   <trkpt lat="40.4453270" lon="-79.9928480">
    <ele>226.7</ele>
    <time>2026-09-27T19:09:55Z</time>
   </trkpt>
   <trkpt lat="40.4453600" lon="-79.9928320">
    <ele>226.7</ele>
    <time>2026-09-27T19:09:56Z</time>
   </trkpt>
   <trkpt lat="40.4453680" lon="-79.9927770">
    <ele>226.6</ele>
    <time>2026-09-27T19:09:57Z</time>
   </trkpt>
   <trkpt lat="40.4454130" lon="-79.9927400">
    <ele>226.6</ele>
    <time>2026-09-27T19:09:58Z</time>
   </trkpt>
   <trkpt lat="40.4454170" lon="-79.9927160">
    <ele>226.6</ele>
    <time>2026-09-27T19:09:59Z</time>
   </trkpt>
   <trkpt lat="40.4454300" lon="-79.9926390">
    <ele>226.6</ele>
    <time>2026-09-27T19:10:00Z</time>
   </trkpt>
   <trkpt lat="40.4454360" lon="-79.9925900">
    <ele>226.5</ele>
    <time>2026-09-27T19:10:01Z</time>
   </trkpt>
   <trkpt lat="40.4454420" lon="-79.9925420">
    <ele>226.5</ele>
    <time>2026-09-27T19:10:02Z</time>
   </trkpt>
   <trkpt lat="40.4454640" lon="-79.9925250">
    <ele>226.5</ele>
    <time>2026-09-27T19:10:03Z</time>
   </trkpt>
   <trkpt lat="40.4454960" lon="-79.9924640">
    <ele>226.5</ele>
    <time>2026-09-27T19:10:04Z</time>
   </trkpt>
   <trkpt lat="40.4455530" lon="-79.9924620">
    <ele>226.4</ele>
    <time>2026-09-27T19:10:05Z</time>
   </trkpt>
   <trkpt lat="40.4456210" lon="-79.9924070">
    <ele>226.4</ele>
    <time>2026-09-27T19:10:06Z</time>
   </trkpt>
   <trkpt lat="40.4456910" lon="-79.9923380">
    <ele>226.3</ele>
    <time>2026-09-27T19:10:07Z</time>
   </trkpt>
   <trkpt lat="40.4457520" lon="-79.9922730">
    <ele>226.3</ele>
    <time>2026-09-27T19:10:08Z</time>
   </trkpt>
   <trkpt lat="40.4457980" lon="-79.9921920">
    <ele>226.2</ele>
    <time>2026-09-27T19:10:09Z</time>
   </trkpt>
   <trkpt lat="40.4458270" lon="-79.9920950">
    <ele>226.1</ele>
    <time>2026-09-27T19:10:10Z</time>
   </trkpt>
   <trkpt lat="40.4458630" lon="-79.9920410">
    <ele>226.1</ele>
    <time>2026-09-27T19:10:11Z</time>
   </trkpt>
   <trkpt lat="40.4459020" lon="-79.9919680">
    <ele>226.0</ele>
    <time>2026-09-27T19:10:12Z</time>
   </trkpt>
   <trkpt lat="40.4459440" lon="-79.9919080">
    <ele>226.0</ele>
    <time>2026-09-27T19:10:13Z</time>
   </trkpt>
   <trkpt lat="40.4459810" lon="-79.9918460">
    <ele>226.0</ele>
    <time>2026-09-27T19:10:14Z</time>
   </trkpt>
   <trkpt lat="40.4460150" lon="-79.9917870">
    <ele>225.9</ele>
    <time>2026-09-27T19:10:15Z</time>
   </trkpt>
   <trkpt lat="40.4460520" lon="-79.9917320">
    <ele>225.9</ele>
    <time>2026-09-27T19:10:16Z</time>
   </trkpt>
   <trkpt lat="40.4460850" lon="-79.9916530">
    <ele>225.9</ele>
    <time>2026-09-27T19:10:17Z</time>
   </trkpt>
   <trkpt lat="40.4461160" lon="-79.9915870">
    <ele>225.8</ele>
    <time>2026-09-27T19:10:18Z</time>
   </trkpt>
   <trkpt lat="40.4461520" lon="-79.9915370">
    <ele>225.8</ele>
    <time>2026-09-27T19:10:19Z</time>
   </trkpt>
   <trkpt lat="40.4461980" lon="-79.9915010">
    <ele>225.8</ele>
    <time>2026-09-27T19:10:20Z</time>
   </trkpt>
   <trkpt lat="40.4462330" lon="-79.9914490">
    <ele>225.8</ele>
    <time>2026-09-27T19:10:21Z</time>
   </trkpt>
   <trkpt lat="40.4462710" lon="-79.9914060">
    <ele>225.8</ele>
    <time>2026-09-27T19:10:22Z</time>
   </trkpt>
   <trkpt lat="40.4462430" lon="-79.9914450">
    <ele>225.8</ele>
    <time>2026-09-27T19:10:23Z</time>
   </trkpt>
   <trkpt lat="40.4462570" lon="-79.9914190">
    <ele>225.8</ele>
    <time>2026-09-27T19:10:24Z</time>
   </trkpt>
   <trkpt lat="40.4462770" lon="-79.9914140">
    <ele>225.8</ele>
    <time>2026-09-27T19:10:25Z</time>
   </trkpt>
   <trkpt lat="40.4463480" lon="-79.9913660">
    <ele>225.8</ele>
    <time>2026-09-27T19:10:26Z</time>
   </trkpt>
   <trkpt lat="40.4464140" lon="-79.9912530">
    <ele>225.8</ele>
    <time>2026-09-27T19:10:27Z</time>
   </trkpt>
   <trkpt lat="40.4464060" lon="-79.9912830">
    <ele>225.8</ele>
    <time>2026-09-27T19:10:28Z</time>
   </trkpt>
   <trkpt lat="40.4464650" lon="-79.9912130">
    <ele>225.8</ele>
    <time>2026-09-27T19:10:29Z</time>
   </trkpt>
   <trkpt lat="40.4465250" lon="-79.9911450">
    <ele>225.8</ele>
    <time>2026-09-27T19:10:30Z</time>
   </trkpt>
   <trkpt lat="40.4465650" lon="-79.9910430">
    <ele>225.9</ele>
    <time>2026-09-27T19:10:31Z</time>
   </trkpt>
   <trkpt lat="40.4465950" lon="-79.9909650">
    <ele>225.9</ele>
    <time>2026-09-27T19:10:32Z</time>
   </trkpt>
   <trkpt lat="40.4466400" lon="-79.9908960">
    <ele>225.9</ele>
    <time>2026-09-27T19:10:33Z</time>
   </trkpt>
   <trkpt lat="40.4466820" lon="-79.9908370">
    <ele>225.9</ele>
    <time>2026-09-27T19:10:34Z</time>
   </trkpt>
   <trkpt lat="40.4467160" lon="-79.9907670">
    <ele>226.0</ele>
    <time>2026-09-27T19:10:35Z</time>
   </trkpt>
   <trkpt lat="40.4467520" lon="-79.9907030">
    <ele>226.0</ele>
    <time>2026-09-27T19:10:36Z</time>
   </trkpt>
   <trkpt lat="40.4467880" lon="-79.9906380">
    <ele>226.0</ele>
    <time>2026-09-27T19:10:37Z</time>
   </trkpt>
   <trkpt lat="40.4468240" lon="-79.9905660">
    <ele>226.0</ele>
    <time>2026-09-27T19:10:38Z</time>
   </trkpt>
   <trkpt lat="40.4468620" lon="-79.9904970">
    <ele>226.0</ele>
    <time>2026-09-27T19:10:39Z</time>
   </trkpt>
   <trkpt lat="40.4469050" lon="-79.9904330">
    <ele>226.0</ele>
    <time>2026-09-27T19:10:40Z</time>
   </trkpt>
   <trkpt lat="40.4467880" lon="-79.9905940">
    <ele>226.0</ele>
    <time>2026-09-27T19:10:41Z</time>
   </trkpt>
   <trkpt lat="40.4468370" lon="-79.9905870">
    <ele>226.0</ele>
    <time>2026-09-27T19:10:42Z</time>
   </trkpt>
   <trkpt lat="40.4468480" lon="-79.9906030">
    <ele>226.0</ele>
    <time>2026-09-27T19:10:43Z</time>
   </trkpt>
   <trkpt lat="40.4468790" lon="-79.9906000">
    <ele>226.0</ele>
    <time>2026-09-27T19:10:44Z</time>
   </trkpt>
   <trkpt lat="40.4470030" lon="-79.9905670">
    <ele>225.9</ele>
    <time>2026-09-27T19:10:45Z</time>
   </trkpt>
   <trkpt lat="40.4471620" lon="-79.9905020">
    <ele>225.9</ele>
    <time>2026-09-27T19:10:46Z</time>
   </trkpt>
   <trkpt lat="40.4471700" lon="-79.9900610">
    <ele>225.6</ele>
    <time>2026-09-27T19:10:47Z</time>
   </trkpt>
   <trkpt lat="40.4471890" lon="-79.9899060">
    <ele>225.5</ele>
    <time>2026-09-27T19:10:48Z</time>
   </trkpt>
   <trkpt lat="40.4472180" lon="-79.9898410">
    <ele>225.5</ele>
    <time>2026-09-27T19:10:49Z</time>
   </trkpt>
   <trkpt lat="40.4472500" lon="-79.9897850">
    <ele>225.5</ele>
    <time>2026-09-27T19:10:50Z</time>
   </trkpt>
   <trkpt lat="40.4472880" lon="-79.9897250">
    <ele>225.4</ele>
    <time>2026-09-27T19:10:51Z</time>
   </trkpt>
   <trkpt lat="40.4473310" lon="-79.9896850">
    <ele>225.4</ele>
    <time>2026-09-27T19:10:52Z</time>
   </trkpt>
   <trkpt lat="40.4473710" lon="-79.9896610">
    <ele>225.4</ele>
    <time>2026-09-27T19:10:53Z</time>
   </trkpt>
   <trkpt lat="40.4474040" lon="-79.9896310">
    <ele>225.4</ele>
    <time>2026-09-27T19:10:54Z</time>
   </trkpt>
   <trkpt lat="40.4474360" lon="-79.9895790">
    <ele>225.4</ele>
    <time>2026-09-27T19:10:55Z</time>
   </trkpt>
   <trkpt lat="40.4474680" lon="-79.9895260">
    <ele>225.4</ele>
    <time>2026-09-27T19:10:56Z</time>
   </trkpt>
   <trkpt lat="40.4475010" lon="-79.9894530">
    <ele>225.4</ele>
    <time>2026-09-27T19:10:57Z</time>
   </trkpt>
   <trkpt lat="40.4475330" lon="-79.9893550">
    <ele>225.4</ele>
    <time>2026-09-27T19:10:58Z</time>
   </trkpt>
   <trkpt lat="40.4475630" lon="-79.9893100">
    <ele>225.5</ele>
    <time>2026-09-27T19:10:59Z</time>
   </trkpt>
   <trkpt lat="40.4475970" lon="-79.9892700">
    <ele>225.5</ele>
    <time>2026-09-27T19:11:00Z</time>
   </trkpt>
   <trkpt lat="40.4476320" lon="-79.9892280">
    <ele>225.5</ele>
    <time>2026-09-27T19:11:01Z</time>
   </trkpt>
   <trkpt lat="40.4476600" lon="-79.9891760">
    <ele>225.5</ele>
    <time>2026-09-27T19:11:02Z</time>
   </trkpt>
   <trkpt lat="40.4476940" lon="-79.9891300">
    <ele>225.5</ele>
    <time>2026-09-27T19:11:03Z</time>
   </trkpt>
   <trkpt lat="40.4477170" lon="-79.9890800">
    <ele>225.5</ele>
    <time>2026-09-27T19:11:04Z</time>
   </trkpt>
   <trkpt lat="40.4477480" lon="-79.9890350">
    <ele>225.6</ele>
    <time>2026-09-27T19:11:05Z</time>
   </trkpt>
   <trkpt lat="40.4477780" lon="-79.9889890">
    <ele>225.6</ele>
    <time>2026-09-27T19:11:06Z</time>
   </trkpt>
   <trkpt lat="40.4478040" lon="-79.9889340">
    <ele>225.6</ele>
    <time>2026-09-27T19:11:07Z</time>
   </trkpt>
   <trkpt lat="40.4478350" lon="-79.9888900">
    <ele>225.6</ele>
    <time>2026-09-27T19:11:08Z</time>
   </trkpt>
   <trkpt lat="40.4478650" lon="-79.9888470">
    <ele>225.6</ele>
    <time>2026-09-27T19:11:09Z</time>
   </trkpt>
   <trkpt lat="40.4478890" lon="-79.9887910">
    <ele>225.7</ele>
    <time>2026-09-27T19:11:10Z</time>
   </trkpt>
   <trkpt lat="40.4479190" lon="-79.9887350">
    <ele>225.7</ele>
    <time>2026-09-27T19:11:11Z</time>
   </trkpt>
   <trkpt lat="40.4479490" lon="-79.9886800">
    <ele>225.7</ele>
    <time>2026-09-27T19:11:12Z</time>
   </trkpt>
   <trkpt lat="40.4479800" lon="-79.9886340">
    <ele>225.8</ele>
    <time>2026-09-27T19:11:13Z</time>
   </trkpt>
   <trkpt lat="40.4480120" lon="-79.9885970">
    <ele>225.8</ele>
    <time>2026-09-27T19:11:14Z</time>
   </trkpt>
   <trkpt lat="40.4480350" lon="-79.9885350">
    <ele>225.8</ele>
    <time>2026-09-27T19:11:15Z</time>
   </trkpt>
   <trkpt lat="40.4480640" lon="-79.9884800">
    <ele>225.8</ele>
    <time>2026-09-27T19:11:16Z</time>
   </trkpt>
   <trkpt lat="40.4480960" lon="-79.9884360">
    <ele>225.8</ele>
    <time>2026-09-27T19:11:17Z</time>
   </trkpt>
   <trkpt lat="40.4481270" lon="-79.9883850">
    <ele>225.9</ele>
    <time>2026-09-27T19:11:18Z</time>
   </trkpt>
   <trkpt lat="40.4481590" lon="-79.9883380">
    <ele>225.9</ele>
    <time>2026-09-27T19:11:19Z</time>
   </trkpt>
   <trkpt lat="40.4481400" lon="-79.9883550">
    <ele>225.9</ele>
    <time>2026-09-27T19:11:20Z</time>
   </trkpt>
   <trkpt lat="40.4481750" lon="-79.9883040">
    <ele>225.9</ele>
    <time>2026-09-27T19:11:21Z</time>
   </trkpt>
   <trkpt lat="40.4481980" lon="-79.9882700">
    <ele>226.0</ele>
    <time>2026-09-27T19:11:22Z</time>
   </trkpt>
   <trkpt lat="40.4482210" lon="-79.9882360">
    <ele>226.0</ele>
    <time>2026-09-27T19:11:23Z</time>
   </trkpt>
   <trkpt lat="40.4482630" lon="-79.9881800">
    <ele>226.0</ele>
    <time>2026-09-27T19:11:24Z</time>
   </trkpt>
   <trkpt lat="40.4483060" lon="-79.9881240">
    <ele>226.0</ele>
    <time>2026-09-27T19:11:25Z</time>
   </trkpt>
   <trkpt lat="40.4483470" lon="-79.9880810">
    <ele>226.1</ele>
    <time>2026-09-27T19:11:26Z</time>
   </trkpt>
   <trkpt lat="40.4483710" lon="-79.9880570">
    <ele>226.1</ele>
    <time>2026-09-27T19:11:27Z</time>
   </trkpt>
   <trkpt lat="40.4483990" lon="-79.9880310">
    <ele>226.1</ele>
    <time>2026-09-27T19:11:28Z</time>
   </trkpt>
   <trkpt lat="40.4484220" lon="-79.9880030">
    <ele>226.1</ele>
    <time>2026-09-27T19:11:29Z</time>
   </trkpt>
   <trkpt lat="40.4484430" lon="-79.9879720">
    <ele>226.1</ele>
    <time>2026-09-27T19:11:30Z</time>
   </trkpt>
   <trkpt lat="40.4484640" lon="-79.9879430">
    <ele>226.1</ele>
    <time>2026-09-27T19:11:31Z</time>
   </trkpt>
   <trkpt lat="40.4484910" lon="-79.9879090">
    <ele>226.1</ele>
    <time>2026-09-27T19:11:32Z</time>
   </trkpt>
   <trkpt lat="40.4485160" lon="-79.9878790">
    <ele>226.2</ele>
    <time>2026-09-27T19:11:33Z</time>
   </trkpt>
   <trkpt lat="40.4485380" lon="-79.9878430">
    <ele>226.2</ele>
    <time>2026-09-27T19:11:34Z</time>
   </trkpt>
   <trkpt lat="40.4485620" lon="-79.9878110">
    <ele>226.2</ele>
    <time>2026-09-27T19:11:35Z</time>
   </trkpt>
   <trkpt lat="40.4485860" lon="-79.9877870">
    <ele>226.2</ele>
    <time>2026-09-27T19:11:36Z</time>
   </trkpt>
   <trkpt lat="40.4486020" lon="-79.9877570">
    <ele>226.2</ele>
    <time>2026-09-27T19:11:37Z</time>
   </trkpt>
   <trkpt lat="40.4486260" lon="-79.9877150">
    <ele>226.3</ele>
    <time>2026-09-27T19:11:38Z</time>
   </trkpt>
   <trkpt lat="40.4486700" lon="-79.9876370">
    <ele>226.3</ele>
    <time>2026-09-27T19:11:39Z</time>
   </trkpt>
   <trkpt lat="40.4486950" lon="-79.9875980">
    <ele>226.3</ele>
    <time>2026-09-27T19:11:40Z</time>
   </trkpt>
   <trkpt lat="40.4487170" lon="-79.9875580">
    <ele>226.4</ele>
    <time>2026-09-27T19:11:41Z</time>
   </trkpt>
   <trkpt lat="40.4487410" lon="-79.9875230">
    <ele>226.4</ele>
    <time>2026-09-27T19:11:42Z</time>
   </trkpt>
   <trkpt lat="40.4487630" lon="-79.9874820">
    <ele>226.4</ele>
    <time>2026-09-27T19:11:43Z</time>
   </trkpt>
   <trkpt lat="40.4487790" lon="-79.9874350">
    <ele>226.4</ele>
    <time>2026-09-27T19:11:44Z</time>
   </trkpt>
   <trkpt lat="40.4487950" lon="-79.9873900">
    <ele>226.3</ele>
    <time>2026-09-27T19:11:45Z</time>
   </trkpt>
   <trkpt lat="40.4488170" lon="-79.9873420">
    <ele>226.2</ele>
    <time>2026-09-27T19:11:46Z</time>
   </trkpt>
   <trkpt lat="40.4488470" lon="-79.9873010">
    <ele>226.2</ele>
    <time>2026-09-27T19:11:48Z</time>
   </trkpt>
   <trkpt lat="40.4488780" lon="-79.9872550">
    <ele>226.1</ele>
    <time>2026-09-27T19:11:49Z</time>
   </trkpt>
   <trkpt lat="40.4488940" lon="-79.9872210">
    <ele>226.0</ele>
    <time>2026-09-27T19:11:50Z</time>
   </trkpt>
   <trkpt lat="40.4489090" lon="-79.9871880">
    <ele>226.0</ele>
    <time>2026-09-27T19:11:51Z</time>
   </trkpt>
   <trkpt lat="40.4489260" lon="-79.9871490">
    <ele>225.9</ele>
    <time>2026-09-27T19:11:52Z</time>
   </trkpt>
   <trkpt lat="40.4489420" lon="-79.9871100">
    <ele>225.9</ele>
    <time>2026-09-27T19:11:53Z</time>
   </trkpt>
   <trkpt lat="40.4489640" lon="-79.9870820">
    <ele>225.8</ele>
    <time>2026-09-27T19:11:54Z</time>
   </trkpt>
   <trkpt lat="40.4489850" lon="-79.9870550">
    <ele>225.7</ele>
    <time>2026-09-27T19:11:55Z</time>
   </trkpt>
   <trkpt lat="40.4490080" lon="-79.9870250">
    <ele>225.7</ele>
    <time>2026-09-27T19:11:56Z</time>
   </trkpt>
   <trkpt lat="40.4490310" lon="-79.9869960">
    <ele>225.6</ele>
    <time>2026-09-27T19:11:57Z</time>
   </trkpt>
   <trkpt lat="40.4490750" lon="-79.9869340">
    <ele>225.5</ele>
    <time>2026-09-27T19:11:58Z</time>
   </trkpt>
   <trkpt lat="40.4491060" lon="-79.9868790">
    <ele>225.4</ele>
    <time>2026-09-27T19:11:59Z</time>
   </trkpt>
   <trkpt lat="40.4491320" lon="-79.9868260">
    <ele>225.3</ele>
    <time>2026-09-27T19:12:00Z</time>
   </trkpt>
   <trkpt lat="40.4491580" lon="-79.9867780">
    <ele>225.2</ele>
    <time>2026-09-27T19:12:01Z</time>
   </trkpt>
   <trkpt lat="40.4491830" lon="-79.9867330">
    <ele>225.1</ele>
    <time>2026-09-27T19:12:02Z</time>
   </trkpt>
   <trkpt lat="40.4492150" lon="-79.9866850">
    <ele>225.1</ele>
    <time>2026-09-27T19:12:03Z</time>
   </trkpt>
   <trkpt lat="40.4492460" lon="-79.9866380">
    <ele>225.0</ele>
    <time>2026-09-27T19:12:04Z</time>
   </trkpt>
   <trkpt lat="40.4492790" lon="-79.9866030">
    <ele>225.0</ele>
    <time>2026-09-27T19:12:05Z</time>
   </trkpt>
   <trkpt lat="40.4493150" lon="-79.9865690">
    <ele>224.9</ele>
    <time>2026-09-27T19:12:06Z</time>
   </trkpt>
   <trkpt lat="40.4493430" lon="-79.9865260">
    <ele>224.9</ele>
    <time>2026-09-27T19:12:07Z</time>
   </trkpt>
   <trkpt lat="40.4493700" lon="-79.9864770">
    <ele>224.9</ele>
    <time>2026-09-27T19:12:08Z</time>
   </trkpt>
   <trkpt lat="40.4493980" lon="-79.9864320">
    <ele>224.8</ele>
    <time>2026-09-27T19:12:09Z</time>
   </trkpt>
   <trkpt lat="40.4494230" lon="-79.9863870">
    <ele>224.8</ele>
    <time>2026-09-27T19:12:10Z</time>
   </trkpt>
   <trkpt lat="40.4494500" lon="-79.9863450">
    <ele>224.8</ele>
    <time>2026-09-27T19:12:11Z</time>
   </trkpt>
   <trkpt lat="40.4494770" lon="-79.9863110">
    <ele>224.8</ele>
    <time>2026-09-27T19:12:12Z</time>
   </trkpt>
   <trkpt lat="40.4495000" lon="-79.9862790">
    <ele>224.8</ele>
    <time>2026-09-27T19:12:13Z</time>
   </trkpt>
   <trkpt lat="40.4495230" lon="-79.9862420">
    <ele>224.7</ele>
    <time>2026-09-27T19:12:14Z</time>
   </trkpt>
   <trkpt lat="40.4495430" lon="-79.9862070">
    <ele>224.7</ele>
    <time>2026-09-27T19:12:15Z</time>
   </trkpt>
   <trkpt lat="40.4495600" lon="-79.9861780">
    <ele>224.7</ele>
    <time>2026-09-27T19:12:16Z</time>
   </trkpt>
   <trkpt lat="40.4495780" lon="-79.9861530">
    <ele>224.7</ele>
    <time>2026-09-27T19:12:17Z</time>
   </trkpt>
   <trkpt lat="40.4495910" lon="-79.9861400">
    <ele>224.7</ele>
    <time>2026-09-27T19:12:18Z</time>
   </trkpt>
   <trkpt lat="40.4495970" lon="-79.9861220">
    <ele>224.7</ele>
    <time>2026-09-27T19:12:19Z</time>
   </trkpt>
   <trkpt lat="40.4496040" lon="-79.9860950">
    <ele>224.7</ele>
    <time>2026-09-27T19:12:20Z</time>
   </trkpt>
   <trkpt lat="40.4496160" lon="-79.9860760">
    <ele>224.7</ele>
    <time>2026-09-27T19:12:21Z</time>
   </trkpt>
   <trkpt lat="40.4496290" lon="-79.9860590">
    <ele>224.7</ele>
    <time>2026-09-27T19:12:22Z</time>
   </trkpt>
   <trkpt lat="40.4496400" lon="-79.9860390">
    <ele>224.7</ele>
    <time>2026-09-27T19:12:23Z</time>
   </trkpt>
   <trkpt lat="40.4496500" lon="-79.9860100">
    <ele>224.7</ele>
    <time>2026-09-27T19:12:24Z</time>
   </trkpt>
   <trkpt lat="40.4496670" lon="-79.9859830">
    <ele>224.7</ele>
    <time>2026-09-27T19:12:25Z</time>
   </trkpt>
   <trkpt lat="40.4496810" lon="-79.9859600">
    <ele>224.7</ele>
    <time>2026-09-27T19:12:26Z</time>
   </trkpt>
   <trkpt lat="40.4496990" lon="-79.9859410">
    <ele>224.6</ele>
    <time>2026-09-27T19:12:27Z</time>
   </trkpt>
   <trkpt lat="40.4497170" lon="-79.9859210">
    <ele>224.5</ele>
    <time>2026-09-27T19:12:28Z</time>
   </trkpt>
   <trkpt lat="40.4497440" lon="-79.9858980">
    <ele>224.6</ele>
    <time>2026-09-27T19:12:29Z</time>
   </trkpt>
   <trkpt lat="40.4497650" lon="-79.9858650">
    <ele>224.6</ele>
    <time>2026-09-27T19:12:30Z</time>
   </trkpt>
   <trkpt lat="40.4497820" lon="-79.9858240">
    <ele>224.6</ele>
    <time>2026-09-27T19:12:31Z</time>
   </trkpt>
   <trkpt lat="40.4498000" lon="-79.9857880">
    <ele>224.6</ele>
    <time>2026-09-27T19:12:32Z</time>
   </trkpt>
   <trkpt lat="40.4498120" lon="-79.9857510">
    <ele>224.7</ele>
    <time>2026-09-27T19:12:33Z</time>
   </trkpt>
   <trkpt lat="40.4498340" lon="-79.9857130">
    <ele>224.7</ele>
    <time>2026-09-27T19:12:34Z</time>
   </trkpt>
   <trkpt lat="40.4498540" lon="-79.9856800">
    <ele>224.7</ele>
    <time>2026-09-27T19:12:35Z</time>
   </trkpt>
   <trkpt lat="40.4498700" lon="-79.9856580">
    <ele>224.7</ele>
    <time>2026-09-27T19:12:36Z</time>
   </trkpt>
   <trkpt lat="40.4498840" lon="-79.9856210">
    <ele>224.7</ele>
    <time>2026-09-27T19:12:37Z</time>
   </trkpt>
   <trkpt lat="40.4499170" lon="-79.9855930">
    <ele>224.8</ele>
    <time>2026-09-27T19:12:38Z</time>
   </trkpt>
   <trkpt lat="40.4499370" lon="-79.9855690">
    <ele>224.8</ele>
    <time>2026-09-27T19:12:39Z</time>
   </trkpt>
   <trkpt lat="40.4499540" lon="-79.9855430">
    <ele>224.8</ele>
    <time>2026-09-27T19:12:40Z</time>
   </trkpt>
   <trkpt lat="40.4499750" lon="-79.9855150">
    <ele>224.8</ele>
    <time>2026-09-27T19:12:41Z</time>
   </trkpt>
   <trkpt lat="40.4499940" lon="-79.9854850">
    <ele>224.8</ele>
    <time>2026-09-27T19:12:42Z</time>
   </trkpt>
   <trkpt lat="40.4500140" lon="-79.9854550">
    <ele>224.8</ele>
    <time>2026-09-27T19:12:43Z</time>
   </trkpt>
   <trkpt lat="40.4500310" lon="-79.9854170">
    <ele>224.8</ele>
    <time>2026-09-27T19:12:44Z</time>
   </trkpt>
   <trkpt lat="40.4500540" lon="-79.9853870">
    <ele>224.9</ele>
    <time>2026-09-27T19:12:45Z</time>
   </trkpt>
   <trkpt lat="40.4500770" lon="-79.9853540">
    <ele>224.9</ele>
    <time>2026-09-27T19:12:46Z</time>
   </trkpt>
   <trkpt lat="40.4501030" lon="-79.9853250">
    <ele>224.9</ele>
    <time>2026-09-27T19:12:47Z</time>
   </trkpt>
   <trkpt lat="40.4501160" lon="-79.9852930">
    <ele>224.9</ele>
    <time>2026-09-27T19:12:48Z</time>
   </trkpt>
   <trkpt lat="40.4501380" lon="-79.9852590">
    <ele>224.9</ele>
    <time>2026-09-27T19:12:49Z</time>
   </trkpt>
   <trkpt lat="40.4501680" lon="-79.9852220">
    <ele>224.9</ele>
    <time>2026-09-27T19:12:50Z</time>
   </trkpt>
   <trkpt lat="40.4501910" lon="-79.9851920">
    <ele>224.9</ele>
    <time>2026-09-27T19:12:51Z</time>
   </trkpt>
   <trkpt lat="40.4502120" lon="-79.9851470">
    <ele>224.9</ele>
    <time>2026-09-27T19:12:52Z</time>
   </trkpt>
   <trkpt lat="40.4502330" lon="-79.9851140">
    <ele>224.9</ele>
    <time>2026-09-27T19:12:53Z</time>
   </trkpt>
   <trkpt lat="40.4502530" lon="-79.9850780">
    <ele>224.8</ele>
    <time>2026-09-27T19:12:54Z</time>
   </trkpt>
   <trkpt lat="40.4502760" lon="-79.9850500">
    <ele>224.8</ele>
    <time>2026-09-27T19:12:55Z</time>
   </trkpt>
   <trkpt lat="40.4502920" lon="-79.9850210">
    <ele>224.8</ele>
    <time>2026-09-27T19:12:56Z</time>
   </trkpt>
   <trkpt lat="40.4503090" lon="-79.9849960">
    <ele>224.8</ele>
    <time>2026-09-27T19:12:57Z</time>
   </trkpt>
   <trkpt lat="40.4503270" lon="-79.9849720">
    <ele>224.8</ele>
    <time>2026-09-27T19:12:58Z</time>
   </trkpt>
   <trkpt lat="40.4503440" lon="-79.9849490">
    <ele>224.8</ele>
    <time>2026-09-27T19:12:59Z</time>
   </trkpt>
   <trkpt lat="40.4503530" lon="-79.9849320">
    <ele>224.8</ele>
    <time>2026-09-27T19:13:00Z</time>
   </trkpt>
   <trkpt lat="40.4503550" lon="-79.9849190">
    <ele>224.8</ele>
    <time>2026-09-27T19:13:01Z</time>
   </trkpt>
   <trkpt lat="40.4503580" lon="-79.9849020">
    <ele>224.8</ele>
    <time>2026-09-27T19:13:02Z</time>
   </trkpt>
   <trkpt lat="40.4503590" lon="-79.9848980">
    <ele>224.8</ele>
    <time>2026-09-27T19:13:03Z</time>
   </trkpt>
   <trkpt lat="40.4503640" lon="-79.9848810">
    <ele>224.8</ele>
    <time>2026-09-27T19:13:04Z</time>
   </trkpt>
   <trkpt lat="40.4503760" lon="-79.9848690">
    <ele>224.7</ele>
    <time>2026-09-27T19:13:05Z</time>
   </trkpt>
   <trkpt lat="40.4503870" lon="-79.9848480">
    <ele>224.7</ele>
    <time>2026-09-27T19:13:06Z</time>
   </trkpt>
   <trkpt lat="40.4504040" lon="-79.9848290">
    <ele>224.7</ele>
    <time>2026-09-27T19:13:07Z</time>
   </trkpt>
   <trkpt lat="40.4504220" lon="-79.9848010">
    <ele>224.7</ele>
    <time>2026-09-27T19:13:08Z</time>
   </trkpt>
   <trkpt lat="40.4504360" lon="-79.9847780">
    <ele>224.7</ele>
    <time>2026-09-27T19:13:09Z</time>
   </trkpt>
   <trkpt lat="40.4504570" lon="-79.9847510">
    <ele>224.7</ele>
    <time>2026-09-27T19:13:10Z</time>
   </trkpt>
   <trkpt lat="40.4504770" lon="-79.9847410">
    <ele>224.7</ele>
    <time>2026-09-27T19:13:11Z</time>
   </trkpt>
   <trkpt lat="40.4505140" lon="-79.9847610">
    <ele>224.7</ele>
    <time>2026-09-27T19:13:12Z</time>
   </trkpt>
   <trkpt lat="40.4505400" lon="-79.9847650">
    <ele>224.7</ele>
    <time>2026-09-27T19:13:13Z</time>
   </trkpt>
   <trkpt lat="40.4505630" lon="-79.9847580">
    <ele>224.7</ele>
    <time>2026-09-27T19:13:14Z</time>
   </trkpt>
   <trkpt lat="40.4505950" lon="-79.9847430">
    <ele>224.7</ele>
    <time>2026-09-27T19:13:15Z</time>
   </trkpt>
   <trkpt lat="40.4506200" lon="-79.9847270">
    <ele>224.7</ele>
    <time>2026-09-27T19:13:16Z</time>
   </trkpt>
   <trkpt lat="40.4506480" lon="-79.9846980">
    <ele>224.7</ele>
    <time>2026-09-27T19:13:17Z</time>
   </trkpt>
   <trkpt lat="40.4506740" lon="-79.9846760">
    <ele>224.7</ele>
    <time>2026-09-27T19:13:18Z</time>
   </trkpt>
   <trkpt lat="40.4506890" lon="-79.9846570">
    <ele>224.6</ele>
    <time>2026-09-27T19:13:19Z</time>
   </trkpt>
   <trkpt lat="40.4507090" lon="-79.9846430">
    <ele>224.4</ele>
    <time>2026-09-27T19:13:20Z</time>
   </trkpt>
   <trkpt lat="40.4507700" lon="-79.9846600">
    <ele>224.3</ele>
    <time>2026-09-27T19:13:21Z</time>
   </trkpt>
   <trkpt lat="40.4507970" lon="-79.9846810">
    <ele>224.3</ele>
    <time>2026-09-27T19:13:22Z</time>
   </trkpt>
   <trkpt lat="40.4508240" lon="-79.9847010">
    <ele>224.2</ele>
    <time>2026-09-27T19:13:23Z</time>
   </trkpt>
   <trkpt lat="40.4508490" lon="-79.9847290">
    <ele>224.2</ele>
    <time>2026-09-27T19:13:24Z</time>
   </trkpt>
   <trkpt lat="40.4508760" lon="-79.9847580">
    <ele>224.1</ele>
    <time>2026-09-27T19:13:25Z</time>
   </trkpt>
   <trkpt lat="40.4509050" lon="-79.9847880">
    <ele>224.1</ele>
    <time>2026-09-27T19:13:26Z</time>
   </trkpt>
   <trkpt lat="40.4509320" lon="-79.9848200">
    <ele>224.0</ele>
    <time>2026-09-27T19:13:27Z</time>
   </trkpt>
   <trkpt lat="40.4509600" lon="-79.9848480">
    <ele>224.0</ele>
    <time>2026-09-27T19:13:28Z</time>
   </trkpt>
   <trkpt lat="40.4509930" lon="-79.9848730">
    <ele>224.0</ele>
    <time>2026-09-27T19:13:29Z</time>
   </trkpt>
   <trkpt lat="40.4510260" lon="-79.9848970">
    <ele>223.9</ele>
    <time>2026-09-27T19:13:30Z</time>
   </trkpt>
   <trkpt lat="40.4510580" lon="-79.9849240">
    <ele>223.8</ele>
    <time>2026-09-27T19:13:31Z</time>
   </trkpt>
   <trkpt lat="40.4510760" lon="-79.9849510">
    <ele>223.7</ele>
    <time>2026-09-27T19:13:32Z</time>
   </trkpt>
   <trkpt lat="40.4510820" lon="-79.9849870">
    <ele>223.6</ele>
    <time>2026-09-27T19:13:33Z</time>
   </trkpt>
   <trkpt lat="40.4510950" lon="-79.9850290">
    <ele>223.5</ele>
    <time>2026-09-27T19:13:34Z</time>
   </trkpt>
   <trkpt lat="40.4510820" lon="-79.9850660">
    <ele>223.5</ele>
    <time>2026-09-27T19:13:35Z</time>
   </trkpt>
   <trkpt lat="40.4510910" lon="-79.9851110">
    <ele>223.4</ele>
    <time>2026-09-27T19:13:36Z</time>
   </trkpt>
   <trkpt lat="40.4511220" lon="-79.9851540">
    <ele>223.3</ele>
    <time>2026-09-27T19:13:37Z</time>
   </trkpt>
   <trkpt lat="40.4511390" lon="-79.9851960">
    <ele>223.2</ele>
    <time>2026-09-27T19:13:38Z</time>
   </trkpt>
   <trkpt lat="40.4511620" lon="-79.9852350">
    <ele>223.1</ele>
    <time>2026-09-27T19:13:39Z</time>
   </trkpt>
   <trkpt lat="40.4511740" lon="-79.9852460">
    <ele>223.2</ele>
    <time>2026-09-27T19:13:40Z</time>
   </trkpt>
   <trkpt lat="40.4512240" lon="-79.9852380">
    <ele>223.5</ele>
    <time>2026-09-27T19:13:41Z</time>
   </trkpt>
   <trkpt lat="40.4512780" lon="-79.9851940">
    <ele>223.9</ele>
    <time>2026-09-27T19:13:42Z</time>
   </trkpt>
   <trkpt lat="40.4513110" lon="-79.9851750">
    <ele>223.9</ele>
    <time>2026-09-27T19:13:43Z</time>
   </trkpt>
   <trkpt lat="40.4513310" lon="-79.9851520">
    <ele>223.9</ele>
    <time>2026-09-27T19:13:44Z</time>
   </trkpt>
   <trkpt lat="40.4513530" lon="-79.9851230">
    <ele>223.9</ele>
    <time>2026-09-27T19:13:45Z</time>
   </trkpt>
   <trkpt lat="40.4513750" lon="-79.9850860">
    <ele>223.9</ele>
    <time>2026-09-27T19:13:46Z</time>
   </trkpt>
   <trkpt lat="40.4513970" lon="-79.9850510">
    <ele>223.9</ele>
    <time>2026-09-27T19:13:47Z</time>
   </trkpt>
   <trkpt lat="40.4514220" lon="-79.9850170">
    <ele>223.9</ele>
    <time>2026-09-27T19:13:48Z</time>
   </trkpt>
   <trkpt lat="40.4514460" lon="-79.9849780">
    <ele>223.9</ele>
    <time>2026-09-27T19:13:49Z</time>
   </trkpt>
   <trkpt lat="40.4514770" lon="-79.9849420">
    <ele>223.9</ele>
    <time>2026-09-27T19:13:50Z</time>
   </trkpt>
   <trkpt lat="40.4515050" lon="-79.9849050">
    <ele>224.0</ele>
    <time>2026-09-27T19:13:51Z</time>
   </trkpt>
   <trkpt lat="40.4515300" lon="-79.9848720">
    <ele>224.0</ele>
    <time>2026-09-27T19:13:52Z</time>
   </trkpt>
   <trkpt lat="40.4515550" lon="-79.9848360">
    <ele>224.0</ele>
    <time>2026-09-27T19:13:54Z</time>
   </trkpt>
   <trkpt lat="40.4515820" lon="-79.9847970">
    <ele>224.0</ele>
    <time>2026-09-27T19:13:55Z</time>
   </trkpt>
   <trkpt lat="40.4516080" lon="-79.9847620">
    <ele>224.0</ele>
    <time>2026-09-27T19:13:56Z</time>
   </trkpt>
   <trkpt lat="40.4516350" lon="-79.9847280">
    <ele>224.1</ele>
    <time>2026-09-27T19:13:57Z</time>
   </trkpt>
   <trkpt lat="40.4516590" lon="-79.9846930">
    <ele>224.1</ele>
    <time>2026-09-27T19:13:58Z</time>
   </trkpt>
   <trkpt lat="40.4516890" lon="-79.9846540">
    <ele>224.1</ele>
    <time>2026-09-27T19:13:59Z</time>
   </trkpt>
   <trkpt lat="40.4517170" lon="-79.9846200">
    <ele>224.1</ele>
    <time>2026-09-27T19:14:00Z</time>
   </trkpt>
   <trkpt lat="40.4517450" lon="-79.9845880">
    <ele>224.1</ele>
    <time>2026-09-27T19:14:01Z</time>
   </trkpt>
   <trkpt lat="40.4517720" lon="-79.9845520">
    <ele>224.1</ele>
    <time>2026-09-27T19:14:02Z</time>
   </trkpt>
   <trkpt lat="40.4517980" lon="-79.9845120">
    <ele>224.1</ele>
    <time>2026-09-27T19:14:03Z</time>
   </trkpt>
   <trkpt lat="40.4518280" lon="-79.9844700">
    <ele>224.2</ele>
    <time>2026-09-27T19:14:04Z</time>
   </trkpt>
   <trkpt lat="40.4518580" lon="-79.9844300">
    <ele>224.2</ele>
    <time>2026-09-27T19:14:05Z</time>
   </trkpt>
   <trkpt lat="40.4518870" lon="-79.9843940">
    <ele>224.2</ele>
    <time>2026-09-27T19:14:06Z</time>
   </trkpt>
   <trkpt lat="40.4519160" lon="-79.9843590">
    <ele>224.2</ele>
    <time>2026-09-27T19:14:07Z</time>
   </trkpt>
   <trkpt lat="40.4519410" lon="-79.9843170">
    <ele>224.3</ele>
    <time>2026-09-27T19:14:08Z</time>
   </trkpt>
   <trkpt lat="40.4519640" lon="-79.9842900">
    <ele>224.3</ele>
    <time>2026-09-27T19:14:09Z</time>
   </trkpt>
   <trkpt lat="40.4519820" lon="-79.9842760">
    <ele>224.3</ele>
    <time>2026-09-27T19:14:10Z</time>
   </trkpt>
   <trkpt lat="40.4520000" lon="-79.9842630">
    <ele>224.3</ele>
    <time>2026-09-27T19:14:11Z</time>
   </trkpt>
   <trkpt lat="40.4520080" lon="-79.9842520">
    <ele>224.3</ele>
    <time>2026-09-27T19:14:12Z</time>
   </trkpt>
   <trkpt lat="40.4520290" lon="-79.9842270">
    <ele>224.3</ele>
    <time>2026-09-27T19:14:13Z</time>
   </trkpt>
   <trkpt lat="40.4520560" lon="-79.9841930">
    <ele>224.4</ele>
    <time>2026-09-27T19:14:14Z</time>
   </trkpt>
   <trkpt lat="40.4520690" lon="-79.9841750">
    <ele>224.4</ele>
    <time>2026-09-27T19:14:15Z</time>
   </trkpt>
   <trkpt lat="40.4520880" lon="-79.9841480">
    <ele>224.4</ele>
    <time>2026-09-27T19:14:16Z</time>
   </trkpt>
   <trkpt lat="40.4521130" lon="-79.9841160">
    <ele>224.4</ele>
    <time>2026-09-27T19:14:17Z</time>
   </trkpt>
   <trkpt lat="40.4521290" lon="-79.9840970">
    <ele>224.4</ele>
    <time>2026-09-27T19:14:18Z</time>
   </trkpt>
   <trkpt lat="40.4521670" lon="-79.9840470">
    <ele>224.4</ele>
    <time>2026-09-27T19:14:19Z</time>
   </trkpt>
   <trkpt lat="40.4521830" lon="-79.9840260">
    <ele>224.4</ele>
    <time>2026-09-27T19:14:20Z</time>
   </trkpt>
   <trkpt lat="40.4522170" lon="-79.9839740">
    <ele>224.4</ele>
    <time>2026-09-27T19:14:21Z</time>
   </trkpt>
   <trkpt lat="40.4522410" lon="-79.9839380">
    <ele>224.4</ele>
    <time>2026-09-27T19:14:22Z</time>
   </trkpt>
   <trkpt lat="40.4522690" lon="-79.9839070">
    <ele>224.4</ele>
    <time>2026-09-27T19:14:23Z</time>
   </trkpt>
   <trkpt lat="40.4522960" lon="-79.9838780">
    <ele>224.4</ele>
    <time>2026-09-27T19:14:24Z</time>
   </trkpt>
   <trkpt lat="40.4523200" lon="-79.9838400">
    <ele>224.4</ele>
    <time>2026-09-27T19:14:25Z</time>
   </trkpt>
   <trkpt lat="40.4523360" lon="-79.9838070">
    <ele>224.4</ele>
    <time>2026-09-27T19:14:26Z</time>
   </trkpt>
   <trkpt lat="40.4523530" lon="-79.9837880">
    <ele>224.4</ele>
    <time>2026-09-27T19:14:27Z</time>
   </trkpt>
   <trkpt lat="40.4523680" lon="-79.9837560">
    <ele>224.4</ele>
    <time>2026-09-27T19:14:28Z</time>
   </trkpt>
   <trkpt lat="40.4523820" lon="-79.9837300">
    <ele>224.4</ele>
    <time>2026-09-27T19:14:29Z</time>
   </trkpt>
   <trkpt lat="40.4523860" lon="-79.9837230">
    <ele>224.4</ele>
    <time>2026-09-27T19:14:30Z</time>
   </trkpt>
   <trkpt lat="40.4523940" lon="-79.9837350">
    <ele>224.4</ele>
    <time>2026-09-27T19:14:31Z</time>
   </trkpt>
   <trkpt lat="40.4524170" lon="-79.9836840">
    <ele>224.4</ele>
    <time>2026-09-27T19:14:32Z</time>
   </trkpt>
   <trkpt lat="40.4524370" lon="-79.9836650">
    <ele>224.4</ele>
    <time>2026-09-27T19:14:33Z</time>
   </trkpt>
   <trkpt lat="40.4524550" lon="-79.9836450">
    <ele>224.4</ele>
    <time>2026-09-27T19:14:34Z</time>
   </trkpt>
   <trkpt lat="40.4524790" lon="-79.9836210">
    <ele>224.4</ele>
    <time>2026-09-27T19:14:35Z</time>
   </trkpt>
   <trkpt lat="40.4524830" lon="-79.9836020">
    <ele>224.4</ele>
    <time>2026-09-27T19:14:36Z</time>
   </trkpt>
   <trkpt lat="40.4524950" lon="-79.9835830">
    <ele>224.5</ele>
    <time>2026-09-27T19:14:37Z</time>
   </trkpt>
   <trkpt lat="40.4525110" lon="-79.9835660">
    <ele>224.5</ele>
    <time>2026-09-27T19:14:38Z</time>
   </trkpt>
   <trkpt lat="40.4525230" lon="-79.9835440">
    <ele>224.5</ele>
    <time>2026-09-27T19:14:39Z</time>
   </trkpt>
   <trkpt lat="40.4525590" lon="-79.9835120">
    <ele>224.5</ele>
    <time>2026-09-27T19:14:40Z</time>
   </trkpt>
   <trkpt lat="40.4525850" lon="-79.9834870">
    <ele>224.5</ele>
    <time>2026-09-27T19:14:41Z</time>
   </trkpt>
   <trkpt lat="40.4526020" lon="-79.9834480">
    <ele>224.5</ele>
    <time>2026-09-27T19:14:42Z</time>
   </trkpt>
   <trkpt lat="40.4526180" lon="-79.9834030">
    <ele>224.5</ele>
    <time>2026-09-27T19:14:43Z</time>
   </trkpt>
   <trkpt lat="40.4526370" lon="-79.9833700">
    <ele>224.5</ele>
    <time>2026-09-27T19:14:44Z</time>
   </trkpt>
   <trkpt lat="40.4526580" lon="-79.9833370">
    <ele>224.5</ele>
    <time>2026-09-27T19:14:45Z</time>
   </trkpt>
   <trkpt lat="40.4526770" lon="-79.9833080">
    <ele>224.5</ele>
    <time>2026-09-27T19:14:46Z</time>
   </trkpt>
   <trkpt lat="40.4527070" lon="-79.9832770">
    <ele>224.5</ele>
    <time>2026-09-27T19:14:47Z</time>
   </trkpt>
   <trkpt lat="40.4527350" lon="-79.9832520">
    <ele>224.5</ele>
    <time>2026-09-27T19:14:48Z</time>
   </trkpt>
   <trkpt lat="40.4527640" lon="-79.9832220">
    <ele>224.5</ele>
    <time>2026-09-27T19:14:49Z</time>
   </trkpt>
   <trkpt lat="40.4527880" lon="-79.9831880">
    <ele>224.5</ele>
    <time>2026-09-27T19:14:50Z</time>
   </trkpt>
   <trkpt lat="40.4528210" lon="-79.9831450">
    <ele>224.5</ele>
    <time>2026-09-27T19:14:51Z</time>
   </trkpt>
   <trkpt lat="40.4528520" lon="-79.9830980">
    <ele>224.5</ele>
    <time>2026-09-27T19:14:52Z</time>
   </trkpt>
   <trkpt lat="40.4528850" lon="-79.9830570">
    <ele>224.5</ele>
    <time>2026-09-27T19:14:53Z</time>
   </trkpt>
   <trkpt lat="40.4529220" lon="-79.9830090">
    <ele>224.5</ele>
    <time>2026-09-27T19:14:54Z</time>
   </trkpt>
   <trkpt lat="40.4529860" lon="-79.9829310">
    <ele>224.5</ele>
    <time>2026-09-27T19:14:55Z</time>
   </trkpt>
   <trkpt lat="40.4530220" lon="-79.9828940">
    <ele>224.5</ele>
    <time>2026-09-27T19:14:56Z</time>
   </trkpt>
   <trkpt lat="40.4530590" lon="-79.9828630">
    <ele>224.5</ele>
    <time>2026-09-27T19:14:57Z</time>
   </trkpt>
   <trkpt lat="40.4530950" lon="-79.9828160">
    <ele>224.5</ele>
    <time>2026-09-27T19:14:58Z</time>
   </trkpt>
   <trkpt lat="40.4531280" lon="-79.9827640">
    <ele>224.4</ele>
    <time>2026-09-27T19:14:59Z</time>
   </trkpt>
   <trkpt lat="40.4531620" lon="-79.9827080">
    <ele>224.4</ele>
    <time>2026-09-27T19:15:00Z</time>
   </trkpt>
   <trkpt lat="40.4531920" lon="-79.9826590">
    <ele>224.4</ele>
    <time>2026-09-27T19:15:01Z</time>
   </trkpt>
   <trkpt lat="40.4532280" lon="-79.9826100">
    <ele>224.3</ele>
    <time>2026-09-27T19:15:02Z</time>
   </trkpt>
   <trkpt lat="40.4532630" lon="-79.9825590">
    <ele>224.3</ele>
    <time>2026-09-27T19:15:03Z</time>
   </trkpt>
   <trkpt lat="40.4532980" lon="-79.9825070">
    <ele>224.3</ele>
    <time>2026-09-27T19:15:04Z</time>
   </trkpt>
   <trkpt lat="40.4533330" lon="-79.9824490">
    <ele>224.3</ele>
    <time>2026-09-27T19:15:05Z</time>
   </trkpt>
   <trkpt lat="40.4533670" lon="-79.9823940">
    <ele>224.3</ele>
    <time>2026-09-27T19:15:06Z</time>
   </trkpt>
   <trkpt lat="40.4534070" lon="-79.9823400">
    <ele>224.2</ele>
    <time>2026-09-27T19:15:07Z</time>
   </trkpt>
   <trkpt lat="40.4534450" lon="-79.9822870">
    <ele>224.2</ele>
    <time>2026-09-27T19:15:08Z</time>
   </trkpt>
   <trkpt lat="40.4534840" lon="-79.9822280">
    <ele>224.2</ele>
    <time>2026-09-27T19:15:09Z</time>
   </trkpt>
   <trkpt lat="40.4535210" lon="-79.9821720">
    <ele>224.2</ele>
    <time>2026-09-27T19:15:10Z</time>
   </trkpt>
   <trkpt lat="40.4535580" lon="-79.9821250">
    <ele>224.3</ele>
    <time>2026-09-27T19:15:11Z</time>
   </trkpt>
   <trkpt lat="40.4535910" lon="-79.9820750">
    <ele>224.3</ele>
    <time>2026-09-27T19:15:12Z</time>
   </trkpt>
   <trkpt lat="40.4536230" lon="-79.9820260">
    <ele>224.4</ele>
    <time>2026-09-27T19:15:13Z</time>
   </trkpt>
   <trkpt lat="40.4536570" lon="-79.9819760">
    <ele>224.4</ele>
    <time>2026-09-27T19:15:14Z</time>
   </trkpt>
   <trkpt lat="40.4536860" lon="-79.9819330">
    <ele>224.4</ele>
    <time>2026-09-27T19:15:15Z</time>
   </trkpt>
   <trkpt lat="40.4537150" lon="-79.9818890">
    <ele>224.4</ele>
    <time>2026-09-27T19:15:16Z</time>
   </trkpt>
   <trkpt lat="40.4537430" lon="-79.9818490">
    <ele>224.4</ele>
    <time>2026-09-27T19:15:17Z</time>
   </trkpt>
   <trkpt lat="40.4537680" lon="-79.9818140">
    <ele>224.4</ele>
    <time>2026-09-27T19:15:18Z</time>
   </trkpt>
   <trkpt lat="40.4537920" lon="-79.9817790">
    <ele>224.5</ele>
    <time>2026-09-27T19:15:19Z</time>
   </trkpt>
   <trkpt lat="40.4538150" lon="-79.9817450">
    <ele>224.5</ele>
    <time>2026-09-27T19:15:20Z</time>
   </trkpt>
   <trkpt lat="40.4538380" lon="-79.9817110">
    <ele>224.5</ele>
    <time>2026-09-27T19:15:21Z</time>
   </trkpt>
   <trkpt lat="40.4538620" lon="-79.9816820">
    <ele>224.5</ele>
    <time>2026-09-27T19:15:22Z</time>
   </trkpt>
   <trkpt lat="40.4538850" lon="-79.9816520">
    <ele>224.5</ele>
    <time>2026-09-27T19:15:23Z</time>
   </trkpt>
   <trkpt lat="40.4539050" lon="-79.9816170">
    <ele>224.5</ele>
    <time>2026-09-27T19:15:24Z</time>
   </trkpt>
   <trkpt lat="40.4539220" lon="-79.9815940">
    <ele>224.5</ele>
    <time>2026-09-27T19:15:25Z</time>
   </trkpt>
   <trkpt lat="40.4539410" lon="-79.9815680">
    <ele>224.5</ele>
    <time>2026-09-27T19:15:26Z</time>
   </trkpt>
   <trkpt lat="40.4539600" lon="-79.9815390">
    <ele>224.5</ele>
    <time>2026-09-27T19:15:27Z</time>
   </trkpt>
   <trkpt lat="40.4539790" lon="-79.9815180">
    <ele>224.5</ele>
    <time>2026-09-27T19:15:28Z</time>
   </trkpt>
   <trkpt lat="40.4539970" lon="-79.9814930">
    <ele>224.5</ele>
    <time>2026-09-27T19:15:29Z</time>
   </trkpt>
   <trkpt lat="40.4540070" lon="-79.9814600">
    <ele>224.5</ele>
    <time>2026-09-27T19:15:30Z</time>
   </trkpt>
   <trkpt lat="40.4540080" lon="-79.9814370">
    <ele>224.5</ele>
    <time>2026-09-27T19:15:31Z</time>
   </trkpt>
   <trkpt lat="40.4540000" lon="-79.9814240">
    <ele>224.5</ele>
    <time>2026-09-27T19:15:32Z</time>
   </trkpt>
   <trkpt lat="40.4539930" lon="-79.9814020">
    <ele>224.5</ele>
    <time>2026-09-27T19:15:33Z</time>
   </trkpt>
   <trkpt lat="40.4539870" lon="-79.9813750">
    <ele>224.5</ele>
    <time>2026-09-27T19:15:34Z</time>
   </trkpt>
   <trkpt lat="40.4539710" lon="-79.9813450">
    <ele>224.5</ele>
    <time>2026-09-27T19:15:35Z</time>
   </trkpt>
   <trkpt lat="40.4539610" lon="-79.9813130">
    <ele>224.5</ele>
    <time>2026-09-27T19:15:36Z</time>
   </trkpt>
   <trkpt lat="40.4539580" lon="-79.9812780">
    <ele>224.5</ele>
    <time>2026-09-27T19:15:37Z</time>
   </trkpt>
   <trkpt lat="40.4539500" lon="-79.9812450">
    <ele>224.5</ele>
    <time>2026-09-27T19:15:38Z</time>
   </trkpt>
   <trkpt lat="40.4539360" lon="-79.9812170">
    <ele>224.5</ele>
    <time>2026-09-27T19:15:39Z</time>
   </trkpt>
   <trkpt lat="40.4539240" lon="-79.9811990">
    <ele>224.5</ele>
    <time>2026-09-27T19:15:40Z</time>
   </trkpt>
   <trkpt lat="40.4539190" lon="-79.9811820">
    <ele>224.5</ele>
    <time>2026-09-27T19:15:41Z</time>
   </trkpt>
   <trkpt lat="40.4539160" lon="-79.9811680">
    <ele>224.5</ele>
    <time>2026-09-27T19:15:42Z</time>
   </trkpt>
   <trkpt lat="40.4539230" lon="-79.9811630">
    <ele>224.5</ele>
    <time>2026-09-27T19:15:43Z</time>
   </trkpt>
   <trkpt lat="40.4539270" lon="-79.9811570">
    <ele>224.5</ele>
    <time>2026-09-27T19:15:44Z</time>
   </trkpt>
   <trkpt lat="40.4539320" lon="-79.9811370">
    <ele>224.5</ele>
    <time>2026-09-27T19:15:45Z</time>
   </trkpt>
   <trkpt lat="40.4539260" lon="-79.9811410">
    <ele>224.5</ele>
    <time>2026-09-27T19:15:46Z</time>
   </trkpt>
   <trkpt lat="40.4539300" lon="-79.9811280">
    <ele>224.5</ele>
    <time>2026-09-27T19:15:47Z</time>
   </trkpt>
   <trkpt lat="40.4539300" lon="-79.9811310">
    <ele>224.5</ele>
    <time>2026-09-27T19:15:48Z</time>
   </trkpt>
   <trkpt lat="40.4539300" lon="-79.9811310">
    <ele>224.5</ele>
    <time>2026-09-27T19:15:49Z</time>
   </trkpt>
   <trkpt lat="40.4539300" lon="-79.9811310">
    <ele>224.5</ele>
    <time>2026-09-27T19:15:50Z</time>
   </trkpt>
   <trkpt lat="40.4539300" lon="-79.9811310">
    <ele>224.5</ele>
    <time>2026-09-27T19:15:51Z</time>
   </trkpt>
   <trkpt lat="40.4539160" lon="-79.9811570">
    <ele>224.5</ele>
    <time>2026-09-27T19:15:52Z</time>
   </trkpt>
   <trkpt lat="40.4539200" lon="-79.9811380">
    <ele>224.5</ele>
    <time>2026-09-27T19:15:53Z</time>
   </trkpt>
   <trkpt lat="40.4539100" lon="-79.9811750">
    <ele>224.5</ele>
    <time>2026-09-27T19:15:54Z</time>
   </trkpt>
   <trkpt lat="40.4538990" lon="-79.9812070">
    <ele>224.5</ele>
    <time>2026-09-27T19:15:55Z</time>
   </trkpt>
   <trkpt lat="40.4538960" lon="-79.9812050">
    <ele>224.5</ele>
    <time>2026-09-27T19:16:05Z</time>
   </trkpt>
   <trkpt lat="40.4538960" lon="-79.9812050">
    <ele>224.5</ele>
    <time>2026-09-27T19:16:06Z</time>
   </trkpt>
   <trkpt lat="40.4538960" lon="-79.9812050">
    <ele>224.5</ele>
    <time>2026-09-27T19:16:07Z</time>
   </trkpt>
   <trkpt lat="40.4538940" lon="-79.9812030">
    <ele>224.5</ele>
    <time>2026-09-27T19:16:08Z</time>
   </trkpt>
   <trkpt lat="40.4538940" lon="-79.9812030">
    <ele>224.5</ele>
    <time>2026-09-27T19:16:09Z</time>
   </trkpt>
   <trkpt lat="40.4538940" lon="-79.9812030">
    <ele>224.5</ele>
    <time>2026-09-27T19:16:10Z</time>
   </trkpt>
   <trkpt lat="40.4538920" lon="-79.9812010">
    <ele>224.5</ele>
    <time>2026-09-27T19:16:11Z</time>
   </trkpt>
   <trkpt lat="40.4538920" lon="-79.9812010">
    <ele>224.5</ele>
    <time>2026-09-27T19:16:12Z</time>
   </trkpt>
   <trkpt lat="40.4538920" lon="-79.9812010">
    <ele>224.5</ele>
    <time>2026-09-27T19:16:13Z</time>
   </trkpt>
   <trkpt lat="40.4538890" lon="-79.9812000">
    <ele>224.5</ele>
    <time>2026-09-27T19:16:14Z</time>
   </trkpt>
   <trkpt lat="40.4538880" lon="-79.9811980">
    <ele>224.5</ele>
    <time>2026-09-27T19:16:15Z</time>
   </trkpt>
   <trkpt lat="40.4538870" lon="-79.9811980">
    <ele>224.5</ele>
    <time>2026-09-27T19:16:16Z</time>
   </trkpt>
   <trkpt lat="40.4538890" lon="-79.9811790">
    <ele>224.5</ele>
    <time>2026-09-27T19:16:17Z</time>
   </trkpt>
   <trkpt lat="40.4538910" lon="-79.9811610">
    <ele>224.5</ele>
    <time>2026-09-27T19:16:18Z</time>
   </trkpt>
   <trkpt lat="40.4538920" lon="-79.9811420">
    <ele>224.5</ele>
    <time>2026-09-27T19:16:19Z</time>
   </trkpt>
   <trkpt lat="40.4538930" lon="-79.9811330">
    <ele>224.5</ele>
    <time>2026-09-27T19:16:20Z</time>
   </trkpt>
   <trkpt lat="40.4538960" lon="-79.9811050">
    <ele>224.5</ele>
    <time>2026-09-27T19:16:21Z</time>
   </trkpt>
   <trkpt lat="40.4538960" lon="-79.9811050">
    <ele>224.5</ele>
    <time>2026-09-27T19:16:22Z</time>
   </trkpt>
   <trkpt lat="40.4538960" lon="-79.9811050">
    <ele>224.5</ele>
    <time>2026-09-27T19:16:23Z</time>
   </trkpt>
   <trkpt lat="40.4538960" lon="-79.9811050">
    <ele>224.5</ele>
    <time>2026-09-27T19:16:24Z</time>
   </trkpt>
   <trkpt lat="40.4539180" lon="-79.9810900">
    <ele>224.5</ele>
    <time>2026-09-27T19:18:54Z</time>
   </trkpt>
   <trkpt lat="40.4539180" lon="-79.9810900">
    <ele>224.5</ele>
    <time>2026-09-27T19:18:55Z</time>
   </trkpt>
   <trkpt lat="40.4539180" lon="-79.9810900">
    <ele>224.5</ele>
    <time>2026-09-27T19:18:56Z</time>
   </trkpt>
   <trkpt lat="40.4539250" lon="-79.9810850">
    <ele>224.5</ele>
    <time>2026-09-27T19:18:57Z</time>
   </trkpt>
   <trkpt lat="40.4539280" lon="-79.9810820">
    <ele>224.5</ele>
    <time>2026-09-27T19:18:58Z</time>
   </trkpt>
   <trkpt lat="40.4539320" lon="-79.9810800">
    <ele>224.5</ele>
    <time>2026-09-27T19:18:59Z</time>
   </trkpt>
   <trkpt lat="40.4539360" lon="-79.9810770">
    <ele>224.5</ele>
    <time>2026-09-27T19:19:00Z</time>
   </trkpt>
   <trkpt lat="40.4539260" lon="-79.9810920">
    <ele>224.5</ele>
    <time>2026-09-27T19:19:01Z</time>
   </trkpt>
   <trkpt lat="40.4539190" lon="-79.9810990">
    <ele>224.5</ele>
    <time>2026-09-27T19:19:02Z</time>
   </trkpt>
   <trkpt lat="40.4539240" lon="-79.9811040">
    <ele>224.5</ele>
    <time>2026-09-27T19:19:03Z</time>
   </trkpt>
   <trkpt lat="40.4538920" lon="-79.9812320">
    <ele>224.5</ele>
    <time>2026-09-27T19:19:11Z</time>
   </trkpt>
   <trkpt lat="40.4539060" lon="-79.9812690">
    <ele>224.5</ele>
    <time>2026-09-27T19:19:12Z</time>
   </trkpt>
   <trkpt lat="40.4539360" lon="-79.9812460">
    <ele>224.5</ele>
    <time>2026-09-27T19:19:13Z</time>
   </trkpt>
   <trkpt lat="40.4539520" lon="-79.9812720">
    <ele>224.5</ele>
    <time>2026-09-27T19:19:14Z</time>
   </trkpt>
   <trkpt lat="40.4539830" lon="-79.9812730">
    <ele>224.5</ele>
    <time>2026-09-27T19:19:15Z</time>
   </trkpt>
   <trkpt lat="40.4540010" lon="-79.9812940">
    <ele>224.5</ele>
    <time>2026-09-27T19:19:16Z</time>
   </trkpt>
   <trkpt lat="40.4540210" lon="-79.9813250">
    <ele>224.5</ele>
    <time>2026-09-27T19:19:17Z</time>
   </trkpt>
   <trkpt lat="40.4540350" lon="-79.9813450">
    <ele>224.5</ele>
    <time>2026-09-27T19:19:18Z</time>
   </trkpt>
   <trkpt lat="40.4540390" lon="-79.9813500">
    <ele>224.5</ele>
    <time>2026-09-27T19:19:19Z</time>
   </trkpt>
   <trkpt lat="40.4540260" lon="-79.9813610">
    <ele>224.5</ele>
    <time>2026-09-27T19:19:20Z</time>
   </trkpt>
   <trkpt lat="40.4540280" lon="-79.9813570">
    <ele>224.5</ele>
    <time>2026-09-27T19:19:21Z</time>
   </trkpt>
   <trkpt lat="40.4540300" lon="-79.9813760">
    <ele>224.5</ele>
    <time>2026-09-27T19:19:22Z</time>
   </trkpt>
   <trkpt lat="40.4540370" lon="-79.9813820">
    <ele>224.5</ele>
    <time>2026-09-27T19:19:23Z</time>
   </trkpt>
   <trkpt lat="40.4540390" lon="-79.9813870">
    <ele>224.5</ele>
    <time>2026-09-27T19:19:24Z</time>
   </trkpt>
   <trkpt lat="40.4540440" lon="-79.9813920">
    <ele>224.5</ele>
    <time>2026-09-27T19:19:25Z</time>
   </trkpt>
   <trkpt lat="40.4540410" lon="-79.9813870">
    <ele>224.5</ele>
    <time>2026-09-27T19:19:26Z</time>
   </trkpt>
   <trkpt lat="40.4540410" lon="-79.9813870">
    <ele>224.5</ele>
    <time>2026-09-27T19:19:27Z</time>
   </trkpt>
   <trkpt lat="40.4540410" lon="-79.9813870">
    <ele>224.5</ele>
    <time>2026-09-27T19:19:28Z</time>
   </trkpt>
   <trkpt lat="40.4540410" lon="-79.9813870">
    <ele>224.5</ele>
    <time>2026-09-27T19:19:29Z</time>
   </trkpt>
   <trkpt lat="40.4540850" lon="-79.9814410">
    <ele>224.5</ele>
    <time>2026-09-27T19:20:40Z</time>
   </trkpt>
   <trkpt lat="40.4540990" lon="-79.9814730">
    <ele>224.3</ele>
    <time>2026-09-27T19:20:41Z</time>
   </trkpt>
   <trkpt lat="40.4541230" lon="-79.9814990">
    <ele>224.1</ele>
    <time>2026-09-27T19:20:42Z</time>
   </trkpt>
   <trkpt lat="40.4541430" lon="-79.9815190">
    <ele>224.0</ele>
    <time>2026-09-27T19:20:43Z</time>
   </trkpt>
   <trkpt lat="40.4541660" lon="-79.9815550">
    <ele>223.9</ele>
    <time>2026-09-27T19:20:44Z</time>
   </trkpt>
   <trkpt lat="40.4541890" lon="-79.9815900">
    <ele>223.8</ele>
    <time>2026-09-27T19:20:45Z</time>
   </trkpt>
   <trkpt lat="40.4542160" lon="-79.9816210">
    <ele>223.8</ele>
    <time>2026-09-27T19:20:46Z</time>
   </trkpt>
   <trkpt lat="40.4542400" lon="-79.9816490">
    <ele>223.7</ele>
    <time>2026-09-27T19:20:47Z</time>
   </trkpt>
   <trkpt lat="40.4542620" lon="-79.9816750">
    <ele>223.7</ele>
    <time>2026-09-27T19:20:48Z</time>
   </trkpt>
   <trkpt lat="40.4542830" lon="-79.9817020">
    <ele>223.6</ele>
    <time>2026-09-27T19:20:49Z</time>
   </trkpt>
   <trkpt lat="40.4543040" lon="-79.9817340">
    <ele>223.6</ele>
    <time>2026-09-27T19:20:50Z</time>
   </trkpt>
   <trkpt lat="40.4543220" lon="-79.9817580">
    <ele>223.5</ele>
    <time>2026-09-27T19:20:51Z</time>
   </trkpt>
   <trkpt lat="40.4543430" lon="-79.9817870">
    <ele>223.5</ele>
    <time>2026-09-27T19:20:52Z</time>
   </trkpt>
   <trkpt lat="40.4543630" lon="-79.9817940">
    <ele>223.5</ele>
    <time>2026-09-27T19:20:53Z</time>
   </trkpt>
   <trkpt lat="40.4543790" lon="-79.9818130">
    <ele>223.5</ele>
    <time>2026-09-27T19:20:54Z</time>
   </trkpt>
   <trkpt lat="40.4543940" lon="-79.9818380">
    <ele>223.4</ele>
    <time>2026-09-27T19:20:55Z</time>
   </trkpt>
   <trkpt lat="40.4544120" lon="-79.9818710">
    <ele>223.4</ele>
    <time>2026-09-27T19:20:56Z</time>
   </trkpt>
   <trkpt lat="40.4544370" lon="-79.9818930">
    <ele>223.4</ele>
    <time>2026-09-27T19:20:57Z</time>
   </trkpt>
   <trkpt lat="40.4544490" lon="-79.9819320">
    <ele>223.3</ele>
    <time>2026-09-27T19:20:58Z</time>
   </trkpt>
   <trkpt lat="40.4544790" lon="-79.9819650">
    <ele>223.3</ele>
    <time>2026-09-27T19:20:59Z</time>
   </trkpt>
   <trkpt lat="40.4545070" lon="-79.9819990">
    <ele>223.3</ele>
    <time>2026-09-27T19:21:00Z</time>
   </trkpt>
   <trkpt lat="40.4545290" lon="-79.9820340">
    <ele>223.2</ele>
    <time>2026-09-27T19:21:01Z</time>
   </trkpt>
   <trkpt lat="40.4545510" lon="-79.9820610">
    <ele>223.2</ele>
    <time>2026-09-27T19:21:02Z</time>
   </trkpt>
   <trkpt lat="40.4545790" lon="-79.9820820">
    <ele>223.2</ele>
    <time>2026-09-27T19:21:03Z</time>
   </trkpt>
   <trkpt lat="40.4545980" lon="-79.9820980">
    <ele>223.2</ele>
    <time>2026-09-27T19:21:04Z</time>
   </trkpt>
   <trkpt lat="40.4546170" lon="-79.9821270">
    <ele>223.2</ele>
    <time>2026-09-27T19:21:05Z</time>
   </trkpt>
   <trkpt lat="40.4546340" lon="-79.9821590">
    <ele>223.1</ele>
    <time>2026-09-27T19:21:06Z</time>
   </trkpt>
   <trkpt lat="40.4546410" lon="-79.9821420">
    <ele>223.1</ele>
    <time>2026-09-27T19:21:07Z</time>
   </trkpt>
   <trkpt lat="40.4546720" lon="-79.9821540">
    <ele>223.1</ele>
    <time>2026-09-27T19:21:08Z</time>
   </trkpt>
   <trkpt lat="40.4546820" lon="-79.9821510">
    <ele>223.1</ele>
    <time>2026-09-27T19:21:09Z</time>
   </trkpt>
   <trkpt lat="40.4547010" lon="-79.9821730">
    <ele>223.2</ele>
    <time>2026-09-27T19:21:10Z</time>
   </trkpt>
   <trkpt lat="40.4547180" lon="-79.9821890">
    <ele>223.2</ele>
    <time>2026-09-27T19:21:11Z</time>
   </trkpt>
   <trkpt lat="40.4547340" lon="-79.9822130">
    <ele>223.2</ele>
    <time>2026-09-27T19:21:12Z</time>
   </trkpt>
   <trkpt lat="40.4547420" lon="-79.9822340">
    <ele>223.2</ele>
    <time>2026-09-27T19:21:13Z</time>
   </trkpt>
   <trkpt lat="40.4547530" lon="-79.9822630">
    <ele>223.2</ele>
    <time>2026-09-27T19:21:14Z</time>
   </trkpt>
   <trkpt lat="40.4547560" lon="-79.9823020">
    <ele>223.2</ele>
    <time>2026-09-27T19:21:15Z</time>
   </trkpt>
   <trkpt lat="40.4547520" lon="-79.9823410">
    <ele>223.2</ele>
    <time>2026-09-27T19:21:16Z</time>
   </trkpt>
   <trkpt lat="40.4547390" lon="-79.9823800">
    <ele>223.2</ele>
    <time>2026-09-27T19:21:17Z</time>
   </trkpt>
   <trkpt lat="40.4547290" lon="-79.9824000">
    <ele>223.2</ele>
    <time>2026-09-27T19:21:18Z</time>
   </trkpt>
   <trkpt lat="40.4547140" lon="-79.9824210">
    <ele>223.2</ele>
    <time>2026-09-27T19:21:19Z</time>
   </trkpt>
   <trkpt lat="40.4547000" lon="-79.9824580">
    <ele>223.2</ele>
    <time>2026-09-27T19:21:20Z</time>
   </trkpt>
   <trkpt lat="40.4546880" lon="-79.9824870">
    <ele>223.2</ele>
    <time>2026-09-27T19:21:21Z</time>
   </trkpt>
   <trkpt lat="40.4546640" lon="-79.9825080">
    <ele>223.2</ele>
    <time>2026-09-27T19:21:22Z</time>
   </trkpt>
   <trkpt lat="40.4546410" lon="-79.9825400">
    <ele>223.2</ele>
    <time>2026-09-27T19:21:23Z</time>
   </trkpt>
   <trkpt lat="40.4546130" lon="-79.9825750">
    <ele>223.1</ele>
    <time>2026-09-27T19:21:24Z</time>
   </trkpt>
   <trkpt lat="40.4545870" lon="-79.9825980">
    <ele>223.1</ele>
    <time>2026-09-27T19:21:25Z</time>
   </trkpt>
   <trkpt lat="40.4545660" lon="-79.9826290">
    <ele>223.1</ele>
    <time>2026-09-27T19:21:26Z</time>
   </trkpt>
   <trkpt lat="40.4545480" lon="-79.9826500">
    <ele>223.1</ele>
    <time>2026-09-27T19:21:27Z</time>
   </trkpt>
   <trkpt lat="40.4545310" lon="-79.9826810">
    <ele>223.1</ele>
    <time>2026-09-27T19:21:28Z</time>
   </trkpt>
   <trkpt lat="40.4545110" lon="-79.9827070">
    <ele>223.1</ele>
    <time>2026-09-27T19:21:29Z</time>
   </trkpt>
   <trkpt lat="40.4544910" lon="-79.9827330">
    <ele>223.1</ele>
    <time>2026-09-27T19:21:30Z</time>
   </trkpt>
   <trkpt lat="40.4544690" lon="-79.9827660">
    <ele>223.1</ele>
    <time>2026-09-27T19:21:31Z</time>
   </trkpt>
   <trkpt lat="40.4544480" lon="-79.9827900">
    <ele>223.1</ele>
    <time>2026-09-27T19:21:32Z</time>
   </trkpt>
   <trkpt lat="40.4544340" lon="-79.9828160">
    <ele>223.1</ele>
    <time>2026-09-27T19:21:33Z</time>
   </trkpt>
   <trkpt lat="40.4544220" lon="-79.9828440">
    <ele>223.0</ele>
    <time>2026-09-27T19:21:34Z</time>
   </trkpt>
   <trkpt lat="40.4543970" lon="-79.9828720">
    <ele>223.0</ele>
    <time>2026-09-27T19:21:35Z</time>
   </trkpt>
   <trkpt lat="40.4543700" lon="-79.9829110">
    <ele>223.0</ele>
    <time>2026-09-27T19:21:36Z</time>
   </trkpt>
   <trkpt lat="40.4543450" lon="-79.9829560">
    <ele>223.0</ele>
    <time>2026-09-27T19:21:37Z</time>
   </trkpt>
   <trkpt lat="40.4543200" lon="-79.9829950">
    <ele>223.0</ele>
    <time>2026-09-27T19:21:38Z</time>
   </trkpt>
   <trkpt lat="40.4542940" lon="-79.9830340">
    <ele>223.0</ele>
    <time>2026-09-27T19:21:39Z</time>
   </trkpt>
   <trkpt lat="40.4542660" lon="-79.9830720">
    <ele>223.0</ele>
    <time>2026-09-27T19:21:40Z</time>
   </trkpt>
   <trkpt lat="40.4542450" lon="-79.9831080">
    <ele>223.0</ele>
    <time>2026-09-27T19:21:41Z</time>
   </trkpt>
   <trkpt lat="40.4542250" lon="-79.9831370">
    <ele>222.9</ele>
    <time>2026-09-27T19:21:42Z</time>
   </trkpt>
   <trkpt lat="40.4542060" lon="-79.9831770">
    <ele>222.9</ele>
    <time>2026-09-27T19:21:43Z</time>
   </trkpt>
   <trkpt lat="40.4541790" lon="-79.9831940">
    <ele>222.9</ele>
    <time>2026-09-27T19:21:44Z</time>
   </trkpt>
   <trkpt lat="40.4541560" lon="-79.9832210">
    <ele>222.9</ele>
    <time>2026-09-27T19:21:45Z</time>
   </trkpt>
   <trkpt lat="40.4541380" lon="-79.9832540">
    <ele>222.9</ele>
    <time>2026-09-27T19:21:46Z</time>
   </trkpt>
   <trkpt lat="40.4541180" lon="-79.9832870">
    <ele>222.9</ele>
    <time>2026-09-27T19:21:47Z</time>
   </trkpt>
   <trkpt lat="40.4540940" lon="-79.9833160">
    <ele>222.9</ele>
    <time>2026-09-27T19:21:48Z</time>
   </trkpt>
   <trkpt lat="40.4540700" lon="-79.9833430">
    <ele>222.9</ele>
    <time>2026-09-27T19:21:49Z</time>
   </trkpt>
   <trkpt lat="40.4540480" lon="-79.9833790">
    <ele>222.9</ele>
    <time>2026-09-27T19:21:50Z</time>
   </trkpt>
   <trkpt lat="40.4540290" lon="-79.9834220">
    <ele>222.9</ele>
    <time>2026-09-27T19:21:51Z</time>
   </trkpt>
   <trkpt lat="40.4540070" lon="-79.9834520">
    <ele>222.9</ele>
    <time>2026-09-27T19:21:52Z</time>
   </trkpt>
   <trkpt lat="40.4539930" lon="-79.9834870">
    <ele>222.9</ele>
    <time>2026-09-27T19:21:53Z</time>
   </trkpt>
   <trkpt lat="40.4539700" lon="-79.9835180">
    <ele>222.9</ele>
    <time>2026-09-27T19:21:54Z</time>
   </trkpt>
   <trkpt lat="40.4539510" lon="-79.9835450">
    <ele>222.9</ele>
    <time>2026-09-27T19:21:55Z</time>
   </trkpt>
   <trkpt lat="40.4539390" lon="-79.9835770">
    <ele>222.9</ele>
    <time>2026-09-27T19:21:56Z</time>
   </trkpt>
   <trkpt lat="40.4539180" lon="-79.9835940">
    <ele>222.9</ele>
    <time>2026-09-27T19:21:57Z</time>
   </trkpt>
   <trkpt lat="40.4538880" lon="-79.9836020">
    <ele>222.9</ele>
    <time>2026-09-27T19:21:58Z</time>
   </trkpt>
   <trkpt lat="40.4538700" lon="-79.9836150">
    <ele>222.9</ele>
    <time>2026-09-27T19:21:59Z</time>
   </trkpt>
   <trkpt lat="40.4538550" lon="-79.9836500">
    <ele>222.9</ele>
    <time>2026-09-27T19:22:00Z</time>
   </trkpt>
   <trkpt lat="40.4538380" lon="-79.9836810">
    <ele>222.9</ele>
    <time>2026-09-27T19:22:01Z</time>
   </trkpt>
   <trkpt lat="40.4538270" lon="-79.9837180">
    <ele>222.9</ele>
    <time>2026-09-27T19:22:02Z</time>
   </trkpt>
   <trkpt lat="40.4538140" lon="-79.9837560">
    <ele>222.9</ele>
    <time>2026-09-27T19:22:03Z</time>
   </trkpt>
   <trkpt lat="40.4537940" lon="-79.9837970">
    <ele>222.9</ele>
    <time>2026-09-27T19:22:04Z</time>
   </trkpt>
   <trkpt lat="40.4537760" lon="-79.9838460">
    <ele>222.8</ele>
    <time>2026-09-27T19:22:05Z</time>
   </trkpt>
   <trkpt lat="40.4537460" lon="-79.9838780">
    <ele>222.8</ele>
    <time>2026-09-27T19:22:06Z</time>
   </trkpt>
   <trkpt lat="40.4537160" lon="-79.9839000">
    <ele>222.8</ele>
    <time>2026-09-27T19:22:07Z</time>
   </trkpt>
   <trkpt lat="40.4536920" lon="-79.9839270">
    <ele>222.8</ele>
    <time>2026-09-27T19:22:08Z</time>
   </trkpt>
   <trkpt lat="40.4536660" lon="-79.9839660">
    <ele>222.8</ele>
    <time>2026-09-27T19:22:09Z</time>
   </trkpt>
   <trkpt lat="40.4536340" lon="-79.9840010">
    <ele>222.8</ele>
    <time>2026-09-27T19:22:10Z</time>
   </trkpt>
   <trkpt lat="40.4536080" lon="-79.9840330">
    <ele>222.8</ele>
    <time>2026-09-27T19:22:11Z</time>
   </trkpt>
   <trkpt lat="40.4535760" lon="-79.9840670">
    <ele>222.9</ele>
    <time>2026-09-27T19:22:12Z</time>
   </trkpt>
   <trkpt lat="40.4535480" lon="-79.9841250">
    <ele>222.9</ele>
    <time>2026-09-27T19:22:13Z</time>
   </trkpt>
   <trkpt lat="40.4535200" lon="-79.9841660">
    <ele>222.9</ele>
    <time>2026-09-27T19:22:14Z</time>
   </trkpt>
   <trkpt lat="40.4534900" lon="-79.9842110">
    <ele>222.9</ele>
    <time>2026-09-27T19:22:15Z</time>
   </trkpt>
   <trkpt lat="40.4534600" lon="-79.9842570">
    <ele>223.0</ele>
    <time>2026-09-27T19:22:16Z</time>
   </trkpt>
   <trkpt lat="40.4534280" lon="-79.9843060">
    <ele>223.0</ele>
    <time>2026-09-27T19:22:17Z</time>
   </trkpt>
   <trkpt lat="40.4533980" lon="-79.9843550">
    <ele>223.0</ele>
    <time>2026-09-27T19:22:18Z</time>
   </trkpt>
   <trkpt lat="40.4533660" lon="-79.9844050">
    <ele>223.0</ele>
    <time>2026-09-27T19:22:19Z</time>
   </trkpt>
   <trkpt lat="40.4533330" lon="-79.9844550">
    <ele>223.0</ele>
    <time>2026-09-27T19:22:20Z</time>
   </trkpt>
   <trkpt lat="40.4533120" lon="-79.9844850">
    <ele>223.0</ele>
    <time>2026-09-27T19:22:21Z</time>
   </trkpt>
   <trkpt lat="40.4532910" lon="-79.9845140">
    <ele>223.0</ele>
    <time>2026-09-27T19:22:22Z</time>
   </trkpt>
   <trkpt lat="40.4532600" lon="-79.9845620">
    <ele>223.0</ele>
    <time>2026-09-27T19:22:23Z</time>
   </trkpt>
   <trkpt lat="40.4532290" lon="-79.9846090">
    <ele>223.0</ele>
    <time>2026-09-27T19:22:24Z</time>
   </trkpt>
   <trkpt lat="40.4532130" lon="-79.9846450">
    <ele>223.0</ele>
    <time>2026-09-27T19:22:25Z</time>
   </trkpt>
   <trkpt lat="40.4531960" lon="-79.9846820">
    <ele>223.0</ele>
    <time>2026-09-27T19:22:26Z</time>
   </trkpt>
   <trkpt lat="40.4531850" lon="-79.9847210">
    <ele>222.9</ele>
    <time>2026-09-27T19:22:27Z</time>
   </trkpt>
   <trkpt lat="40.4531800" lon="-79.9847690">
    <ele>222.9</ele>
    <time>2026-09-27T19:22:28Z</time>
   </trkpt>
   <trkpt lat="40.4531960" lon="-79.9848300">
    <ele>222.8</ele>
    <time>2026-09-27T19:22:29Z</time>
   </trkpt>
   <trkpt lat="40.4532220" lon="-79.9848640">
    <ele>222.8</ele>
    <time>2026-09-27T19:22:30Z</time>
   </trkpt>
   <trkpt lat="40.4532470" lon="-79.9848980">
    <ele>222.7</ele>
    <time>2026-09-27T19:22:31Z</time>
   </trkpt>
   <trkpt lat="40.4532770" lon="-79.9849290">
    <ele>222.7</ele>
    <time>2026-09-27T19:22:32Z</time>
   </trkpt>
   <trkpt lat="40.4533010" lon="-79.9849570">
    <ele>222.7</ele>
    <time>2026-09-27T19:22:33Z</time>
   </trkpt>
   <trkpt lat="40.4533260" lon="-79.9849850">
    <ele>222.6</ele>
    <time>2026-09-27T19:22:34Z</time>
   </trkpt>
   <trkpt lat="40.4533600" lon="-79.9850350">
    <ele>222.6</ele>
    <time>2026-09-27T19:22:35Z</time>
   </trkpt>
   <trkpt lat="40.4533880" lon="-79.9850740">
    <ele>222.6</ele>
    <time>2026-09-27T19:22:36Z</time>
   </trkpt>
   <trkpt lat="40.4534150" lon="-79.9851110">
    <ele>222.5</ele>
    <time>2026-09-27T19:22:37Z</time>
   </trkpt>
   <trkpt lat="40.4534210" lon="-79.9851200">
    <ele>222.5</ele>
    <time>2026-09-27T19:22:38Z</time>
   </trkpt>
   <trkpt lat="40.4534390" lon="-79.9851490">
    <ele>222.5</ele>
    <time>2026-09-27T19:22:39Z</time>
   </trkpt>
   <trkpt lat="40.4534610" lon="-79.9851740">
    <ele>222.5</ele>
    <time>2026-09-27T19:22:40Z</time>
   </trkpt>
   <trkpt lat="40.4534980" lon="-79.9852190">
    <ele>222.5</ele>
    <time>2026-09-27T19:22:41Z</time>
   </trkpt>
   <trkpt lat="40.4535030" lon="-79.9852330">
    <ele>222.4</ele>
    <time>2026-09-27T19:22:42Z</time>
   </trkpt>
   <trkpt lat="40.4535320" lon="-79.9852680">
    <ele>222.4</ele>
    <time>2026-09-27T19:22:43Z</time>
   </trkpt>
   <trkpt lat="40.4535590" lon="-79.9852960">
    <ele>222.4</ele>
    <time>2026-09-27T19:22:44Z</time>
   </trkpt>
   <trkpt lat="40.4535760" lon="-79.9853200">
    <ele>222.3</ele>
    <time>2026-09-27T19:22:45Z</time>
   </trkpt>
   <trkpt lat="40.4536190" lon="-79.9853660">
    <ele>222.2</ele>
    <time>2026-09-27T19:22:46Z</time>
   </trkpt>
   <trkpt lat="40.4536280" lon="-79.9853780">
    <ele>222.2</ele>
    <time>2026-09-27T19:22:47Z</time>
   </trkpt>
   <trkpt lat="40.4536510" lon="-79.9854120">
    <ele>222.2</ele>
    <time>2026-09-27T19:22:48Z</time>
   </trkpt>
   <trkpt lat="40.4536820" lon="-79.9854540">
    <ele>222.1</ele>
    <time>2026-09-27T19:22:49Z</time>
   </trkpt>
   <trkpt lat="40.4537120" lon="-79.9855050">
    <ele>222.0</ele>
    <time>2026-09-27T19:22:50Z</time>
   </trkpt>
   <trkpt lat="40.4537230" lon="-79.9855520">
    <ele>221.9</ele>
    <time>2026-09-27T19:22:51Z</time>
   </trkpt>
   <trkpt lat="40.4537260" lon="-79.9856040">
    <ele>221.9</ele>
    <time>2026-09-27T19:22:52Z</time>
   </trkpt>
   <trkpt lat="40.4537260" lon="-79.9856470">
    <ele>221.8</ele>
    <time>2026-09-27T19:22:53Z</time>
   </trkpt>
   <trkpt lat="40.4537190" lon="-79.9856880">
    <ele>221.8</ele>
    <time>2026-09-27T19:22:54Z</time>
   </trkpt>
   <trkpt lat="40.4537010" lon="-79.9857310">
    <ele>221.9</ele>
    <time>2026-09-27T19:22:55Z</time>
   </trkpt>
   <trkpt lat="40.4536790" lon="-79.9857720">
    <ele>221.9</ele>
    <time>2026-09-27T19:22:56Z</time>
   </trkpt>
   <trkpt lat="40.4536530" lon="-79.9858090">
    <ele>222.0</ele>
    <time>2026-09-27T19:22:57Z</time>
   </trkpt>
   <trkpt lat="40.4536240" lon="-79.9858430">
    <ele>222.0</ele>
    <time>2026-09-27T19:22:58Z</time>
   </trkpt>
   <trkpt lat="40.4535950" lon="-79.9858770">
    <ele>222.1</ele>
    <time>2026-09-27T19:22:59Z</time>
   </trkpt>
   <trkpt lat="40.4535640" lon="-79.9859130">
    <ele>222.1</ele>
    <time>2026-09-27T19:23:00Z</time>
   </trkpt>
   <trkpt lat="40.4535340" lon="-79.9859500">
    <ele>222.2</ele>
    <time>2026-09-27T19:23:01Z</time>
   </trkpt>
   <trkpt lat="40.4534970" lon="-79.9859790">
    <ele>222.2</ele>
    <time>2026-09-27T19:23:02Z</time>
   </trkpt>
   <trkpt lat="40.4534600" lon="-79.9860120">
    <ele>222.2</ele>
    <time>2026-09-27T19:23:03Z</time>
   </trkpt>
   <trkpt lat="40.4534250" lon="-79.9860460">
    <ele>222.3</ele>
    <time>2026-09-27T19:23:04Z</time>
   </trkpt>
   <trkpt lat="40.4533920" lon="-79.9860800">
    <ele>222.3</ele>
    <time>2026-09-27T19:23:05Z</time>
   </trkpt>
   <trkpt lat="40.4533550" lon="-79.9861150">
    <ele>222.3</ele>
    <time>2026-09-27T19:23:06Z</time>
   </trkpt>
   <trkpt lat="40.4533230" lon="-79.9861540">
    <ele>222.3</ele>
    <time>2026-09-27T19:23:07Z</time>
   </trkpt>
   <trkpt lat="40.4532840" lon="-79.9861880">
    <ele>222.3</ele>
    <time>2026-09-27T19:23:08Z</time>
   </trkpt>
   <trkpt lat="40.4532460" lon="-79.9862330">
    <ele>222.3</ele>
    <time>2026-09-27T19:23:09Z</time>
   </trkpt>
   <trkpt lat="40.4532060" lon="-79.9862700">
    <ele>222.3</ele>
    <time>2026-09-27T19:23:10Z</time>
   </trkpt>
   <trkpt lat="40.4531670" lon="-79.9863130">
    <ele>222.3</ele>
    <time>2026-09-27T19:23:11Z</time>
   </trkpt>
   <trkpt lat="40.4531300" lon="-79.9863620">
    <ele>222.3</ele>
    <time>2026-09-27T19:23:12Z</time>
   </trkpt>
   <trkpt lat="40.4530980" lon="-79.9864130">
    <ele>222.3</ele>
    <time>2026-09-27T19:23:13Z</time>
   </trkpt>
   <trkpt lat="40.4530630" lon="-79.9864630">
    <ele>222.4</ele>
    <time>2026-09-27T19:23:14Z</time>
   </trkpt>
   <trkpt lat="40.4530340" lon="-79.9865150">
    <ele>222.4</ele>
    <time>2026-09-27T19:23:15Z</time>
   </trkpt>
   <trkpt lat="40.4530160" lon="-79.9865760">
    <ele>222.4</ele>
    <time>2026-09-27T19:23:16Z</time>
   </trkpt>
   <trkpt lat="40.4529890" lon="-79.9866310">
    <ele>222.5</ele>
    <time>2026-09-27T19:23:17Z</time>
   </trkpt>
   <trkpt lat="40.4529550" lon="-79.9866710">
    <ele>222.5</ele>
    <time>2026-09-27T19:23:18Z</time>
   </trkpt>
   <trkpt lat="40.4529210" lon="-79.9867170">
    <ele>222.6</ele>
    <time>2026-09-27T19:23:19Z</time>
   </trkpt>
   <trkpt lat="40.4529210" lon="-79.9867020">
    <ele>222.6</ele>
    <time>2026-09-27T19:23:20Z</time>
   </trkpt>
   <trkpt lat="40.4528910" lon="-79.9867500">
    <ele>222.6</ele>
    <time>2026-09-27T19:23:21Z</time>
   </trkpt>
   <trkpt lat="40.4528790" lon="-79.9867690">
    <ele>222.6</ele>
    <time>2026-09-27T19:23:22Z</time>
   </trkpt>
   <trkpt lat="40.4528480" lon="-79.9867890">
    <ele>222.6</ele>
    <time>2026-09-27T19:23:23Z</time>
   </trkpt>
   <trkpt lat="40.4528130" lon="-79.9868180">
    <ele>222.6</ele>
    <time>2026-09-27T19:23:24Z</time>
   </trkpt>
   <trkpt lat="40.4527900" lon="-79.9868440">
    <ele>222.6</ele>
    <time>2026-09-27T19:23:25Z</time>
   </trkpt>
   <trkpt lat="40.4527400" lon="-79.9869070">
    <ele>222.7</ele>
    <time>2026-09-27T19:23:26Z</time>
   </trkpt>
   <trkpt lat="40.4527090" lon="-79.9869560">
    <ele>222.7</ele>
    <time>2026-09-27T19:23:27Z</time>
   </trkpt>
   <trkpt lat="40.4526780" lon="-79.9870050">
    <ele>222.7</ele>
    <time>2026-09-27T19:23:28Z</time>
   </trkpt>
   <trkpt lat="40.4526530" lon="-79.9870360">
    <ele>222.7</ele>
    <time>2026-09-27T19:23:29Z</time>
   </trkpt>
   <trkpt lat="40.4526270" lon="-79.9870680">
    <ele>222.7</ele>
    <time>2026-09-27T19:23:30Z</time>
   </trkpt>
   <trkpt lat="40.4526140" lon="-79.9870890">
    <ele>222.7</ele>
    <time>2026-09-27T19:23:31Z</time>
   </trkpt>
   <trkpt lat="40.4525570" lon="-79.9871660">
    <ele>222.7</ele>
    <time>2026-09-27T19:23:32Z</time>
   </trkpt>
   <trkpt lat="40.4525120" lon="-79.9872000">
    <ele>222.7</ele>
    <time>2026-09-27T19:23:33Z</time>
   </trkpt>
   <trkpt lat="40.4524440" lon="-79.9872650">
    <ele>222.7</ele>
    <time>2026-09-27T19:23:34Z</time>
   </trkpt>
   <trkpt lat="40.4524100" lon="-79.9873140">
    <ele>222.7</ele>
    <time>2026-09-27T19:23:35Z</time>
   </trkpt>
   <trkpt lat="40.4523750" lon="-79.9873630">
    <ele>222.6</ele>
    <time>2026-09-27T19:23:36Z</time>
   </trkpt>
   <trkpt lat="40.4523490" lon="-79.9873950">
    <ele>222.6</ele>
    <time>2026-09-27T19:23:37Z</time>
   </trkpt>
   <trkpt lat="40.4523220" lon="-79.9874270">
    <ele>222.6</ele>
    <time>2026-09-27T19:23:38Z</time>
   </trkpt>
   <trkpt lat="40.4523080" lon="-79.9874540">
    <ele>222.6</ele>
    <time>2026-09-27T19:23:39Z</time>
   </trkpt>
   <trkpt lat="40.4522390" lon="-79.9875470">
    <ele>222.5</ele>
    <time>2026-09-27T19:23:40Z</time>
   </trkpt>
   <trkpt lat="40.4522220" lon="-79.9875490">
    <ele>222.5</ele>
    <time>2026-09-27T19:23:41Z</time>
   </trkpt>
   <trkpt lat="40.4522000" lon="-79.9875870">
    <ele>222.5</ele>
    <time>2026-09-27T19:23:42Z</time>
   </trkpt>
   <trkpt lat="40.4521560" lon="-79.9876420">
    <ele>222.5</ele>
    <time>2026-09-27T19:23:43Z</time>
   </trkpt>
   <trkpt lat="40.4521410" lon="-79.9876630">
    <ele>222.5</ele>
    <time>2026-09-27T19:23:44Z</time>
   </trkpt>
   <trkpt lat="40.4520960" lon="-79.9877370">
    <ele>222.5</ele>
    <time>2026-09-27T19:23:45Z</time>
   </trkpt>
   <trkpt lat="40.4520600" lon="-79.9877980">
    <ele>222.5</ele>
    <time>2026-09-27T19:23:46Z</time>
   </trkpt>
   <trkpt lat="40.4519930" lon="-79.9878510">
    <ele>222.5</ele>
    <time>2026-09-27T19:23:47Z</time>
   </trkpt>
   <trkpt lat="40.4519380" lon="-79.9878900">
    <ele>222.5</ele>
    <time>2026-09-27T19:23:48Z</time>
   </trkpt>
   <trkpt lat="40.4518910" lon="-79.9879340">
    <ele>222.6</ele>
    <time>2026-09-27T19:23:49Z</time>
   </trkpt>
   <trkpt lat="40.4518510" lon="-79.9879850">
    <ele>222.6</ele>
    <time>2026-09-27T19:23:50Z</time>
   </trkpt>
   <trkpt lat="40.4518100" lon="-79.9880360">
    <ele>222.6</ele>
    <time>2026-09-27T19:23:51Z</time>
   </trkpt>
   <trkpt lat="40.4517710" lon="-79.9880860">
    <ele>222.6</ele>
    <time>2026-09-27T19:23:52Z</time>
   </trkpt>
   <trkpt lat="40.4517250" lon="-79.9881380">
    <ele>222.7</ele>
    <time>2026-09-27T19:23:53Z</time>
   </trkpt>
   <trkpt lat="40.4516760" lon="-79.9881950">
    <ele>222.7</ele>
    <time>2026-09-27T19:23:54Z</time>
   </trkpt>
   <trkpt lat="40.4516350" lon="-79.9882420">
    <ele>222.7</ele>
    <time>2026-09-27T19:23:55Z</time>
   </trkpt>
   <trkpt lat="40.4515960" lon="-79.9882880">
    <ele>222.7</ele>
    <time>2026-09-27T19:23:56Z</time>
   </trkpt>
   <trkpt lat="40.4515680" lon="-79.9883340">
    <ele>222.7</ele>
    <time>2026-09-27T19:23:57Z</time>
   </trkpt>
   <trkpt lat="40.4515370" lon="-79.9883900">
    <ele>222.7</ele>
    <time>2026-09-27T19:23:58Z</time>
   </trkpt>
   <trkpt lat="40.4515120" lon="-79.9884510">
    <ele>222.7</ele>
    <time>2026-09-27T19:23:59Z</time>
   </trkpt>
   <trkpt lat="40.4514870" lon="-79.9884900">
    <ele>222.6</ele>
    <time>2026-09-27T19:24:00Z</time>
   </trkpt>
   <trkpt lat="40.4514670" lon="-79.9885300">
    <ele>222.6</ele>
    <time>2026-09-27T19:24:01Z</time>
   </trkpt>
   <trkpt lat="40.4514400" lon="-79.9885750">
    <ele>222.6</ele>
    <time>2026-09-27T19:24:02Z</time>
   </trkpt>
   <trkpt lat="40.4514100" lon="-79.9886070">
    <ele>222.6</ele>
    <time>2026-09-27T19:24:03Z</time>
   </trkpt>
   <trkpt lat="40.4513880" lon="-79.9886520">
    <ele>222.6</ele>
    <time>2026-09-27T19:24:04Z</time>
   </trkpt>
   <trkpt lat="40.4513660" lon="-79.9886980">
    <ele>222.6</ele>
    <time>2026-09-27T19:24:05Z</time>
   </trkpt>
   <trkpt lat="40.4513500" lon="-79.9887280">
    <ele>222.6</ele>
    <time>2026-09-27T19:24:06Z</time>
   </trkpt>
   <trkpt lat="40.4513270" lon="-79.9887530">
    <ele>222.6</ele>
    <time>2026-09-27T19:24:07Z</time>
   </trkpt>
   <trkpt lat="40.4512990" lon="-79.9887890">
    <ele>222.5</ele>
    <time>2026-09-27T19:24:08Z</time>
   </trkpt>
   <trkpt lat="40.4512780" lon="-79.9888380">
    <ele>222.5</ele>
    <time>2026-09-27T19:24:09Z</time>
   </trkpt>
   <trkpt lat="40.4512700" lon="-79.9888790">
    <ele>222.5</ele>
    <time>2026-09-27T19:24:10Z</time>
   </trkpt>
   <trkpt lat="40.4512560" lon="-79.9889300">
    <ele>222.5</ele>
    <time>2026-09-27T19:24:11Z</time>
   </trkpt>
   <trkpt lat="40.4512300" lon="-79.9889640">
    <ele>222.5</ele>
    <time>2026-09-27T19:24:12Z</time>
   </trkpt>
   <trkpt lat="40.4512030" lon="-79.9890250">
    <ele>222.4</ele>
    <time>2026-09-27T19:24:13Z</time>
   </trkpt>
   <trkpt lat="40.4511720" lon="-79.9890660">
    <ele>222.4</ele>
    <time>2026-09-27T19:24:14Z</time>
   </trkpt>
   <trkpt lat="40.4511550" lon="-79.9891110">
    <ele>222.4</ele>
    <time>2026-09-27T19:24:15Z</time>
   </trkpt>
   <trkpt lat="40.4511320" lon="-79.9891510">
    <ele>222.3</ele>
    <time>2026-09-27T19:24:16Z</time>
   </trkpt>
   <trkpt lat="40.4511020" lon="-79.9892020">
    <ele>222.3</ele>
    <time>2026-09-27T19:24:17Z</time>
   </trkpt>
   <trkpt lat="40.4510720" lon="-79.9892470">
    <ele>222.3</ele>
    <time>2026-09-27T19:24:18Z</time>
   </trkpt>
   <trkpt lat="40.4510480" lon="-79.9892750">
    <ele>222.2</ele>
    <time>2026-09-27T19:24:19Z</time>
   </trkpt>
   <trkpt lat="40.4510300" lon="-79.9893050">
    <ele>222.2</ele>
    <time>2026-09-27T19:24:20Z</time>
   </trkpt>
   <trkpt lat="40.4510060" lon="-79.9893320">
    <ele>222.2</ele>
    <time>2026-09-27T19:24:21Z</time>
   </trkpt>
   <trkpt lat="40.4509740" lon="-79.9893780">
    <ele>222.1</ele>
    <time>2026-09-27T19:24:22Z</time>
   </trkpt>
   <trkpt lat="40.4509360" lon="-79.9894300">
    <ele>222.1</ele>
    <time>2026-09-27T19:24:24Z</time>
   </trkpt>
   <trkpt lat="40.4509130" lon="-79.9894580">
    <ele>222.0</ele>
    <time>2026-09-27T19:24:25Z</time>
   </trkpt>
   <trkpt lat="40.4508980" lon="-79.9894840">
    <ele>222.0</ele>
    <time>2026-09-27T19:24:27Z</time>
   </trkpt>
   <trkpt lat="40.4508850" lon="-79.9894990">
    <ele>222.0</ele>
    <time>2026-09-27T19:24:28Z</time>
   </trkpt>
   <trkpt lat="40.4508730" lon="-79.9895330">
    <ele>221.8</ele>
    <time>2026-09-27T19:24:29Z</time>
   </trkpt>
   <trkpt lat="40.4508730" lon="-79.9895400">
    <ele>221.8</ele>
    <time>2026-09-27T19:24:30Z</time>
   </trkpt>
   <trkpt lat="40.4508700" lon="-79.9895600">
    <ele>221.7</ele>
    <time>2026-09-27T19:24:31Z</time>
   </trkpt>
   <trkpt lat="40.4508620" lon="-79.9895780">
    <ele>221.6</ele>
    <time>2026-09-27T19:24:32Z</time>
   </trkpt>
   <trkpt lat="40.4508590" lon="-79.9895890">
    <ele>221.6</ele>
    <time>2026-09-27T19:24:33Z</time>
   </trkpt>
   <trkpt lat="40.4508570" lon="-79.9895910">
    <ele>221.6</ele>
    <time>2026-09-27T19:24:34Z</time>
   </trkpt>
   <trkpt lat="40.4508550" lon="-79.9896000">
    <ele>221.5</ele>
    <time>2026-09-27T19:24:35Z</time>
   </trkpt>
   <trkpt lat="40.4508540" lon="-79.9896080">
    <ele>221.5</ele>
    <time>2026-09-27T19:24:36Z</time>
   </trkpt>
   <trkpt lat="40.4508510" lon="-79.9896220">
    <ele>221.4</ele>
    <time>2026-09-27T19:24:37Z</time>
   </trkpt>
   <trkpt lat="40.4508430" lon="-79.9896370">
    <ele>221.3</ele>
    <time>2026-09-27T19:24:38Z</time>
   </trkpt>
   <trkpt lat="40.4508000" lon="-79.9897020">
    <ele>220.9</ele>
    <time>2026-09-27T19:24:45Z</time>
   </trkpt>
   <trkpt lat="40.4507700" lon="-79.9897380">
    <ele>220.6</ele>
    <time>2026-09-27T19:24:46Z</time>
   </trkpt>
   <trkpt lat="40.4507400" lon="-79.9897670">
    <ele>220.3</ele>
    <time>2026-09-27T19:24:47Z</time>
   </trkpt>
   <trkpt lat="40.4507080" lon="-79.9897940">
    <ele>220.1</ele>
    <time>2026-09-27T19:24:48Z</time>
   </trkpt>
   <trkpt lat="40.4506880" lon="-79.9898160">
    <ele>220.0</ele>
    <time>2026-09-27T19:24:49Z</time>
   </trkpt>
   <trkpt lat="40.4506820" lon="-79.9898690">
    <ele>219.8</ele>
    <time>2026-09-27T19:24:50Z</time>
   </trkpt>
   <trkpt lat="40.4506050" lon="-79.9899640">
    <ele>219.5</ele>
    <time>2026-09-27T19:24:51Z</time>
   </trkpt>
   <trkpt lat="40.4505640" lon="-79.9900260">
    <ele>219.4</ele>
    <time>2026-09-27T19:24:52Z</time>
   </trkpt>
   <trkpt lat="40.4505270" lon="-79.9900750">
    <ele>219.4</ele>
    <time>2026-09-27T19:24:53Z</time>
   </trkpt>
   <trkpt lat="40.4504900" lon="-79.9901190">
    <ele>219.4</ele>
    <time>2026-09-27T19:24:54Z</time>
   </trkpt>
   <trkpt lat="40.4504510" lon="-79.9901560">
    <ele>219.5</ele>
    <time>2026-09-27T19:24:55Z</time>
   </trkpt>
   <trkpt lat="40.4504120" lon="-79.9902020">
    <ele>219.7</ele>
    <time>2026-09-27T19:24:56Z</time>
   </trkpt>
   <trkpt lat="40.4503830" lon="-79.9902340">
    <ele>219.8</ele>
    <time>2026-09-27T19:24:57Z</time>
   </trkpt>
   <trkpt lat="40.4503520" lon="-79.9902610">
    <ele>219.9</ele>
    <time>2026-09-27T19:24:58Z</time>
   </trkpt>
   <trkpt lat="40.4503300" lon="-79.9902910">
    <ele>220.0</ele>
    <time>2026-09-27T19:24:59Z</time>
   </trkpt>
   <trkpt lat="40.4503050" lon="-79.9903230">
    <ele>220.1</ele>
    <time>2026-09-27T19:25:00Z</time>
   </trkpt>
   <trkpt lat="40.4503020" lon="-79.9903410">
    <ele>220.1</ele>
    <time>2026-09-27T19:25:01Z</time>
   </trkpt>
   <trkpt lat="40.4502870" lon="-79.9903730">
    <ele>220.2</ele>
    <time>2026-09-27T19:25:02Z</time>
   </trkpt>
   <trkpt lat="40.4502880" lon="-79.9904120">
    <ele>220.3</ele>
    <time>2026-09-27T19:25:03Z</time>
   </trkpt>
   <trkpt lat="40.4502570" lon="-79.9904580">
    <ele>220.4</ele>
    <time>2026-09-27T19:25:04Z</time>
   </trkpt>
   <trkpt lat="40.4502270" lon="-79.9905160">
    <ele>220.5</ele>
    <time>2026-09-27T19:25:05Z</time>
   </trkpt>
   <trkpt lat="40.4502040" lon="-79.9905600">
    <ele>220.6</ele>
    <time>2026-09-27T19:25:06Z</time>
   </trkpt>
   <trkpt lat="40.4501740" lon="-79.9906030">
    <ele>220.7</ele>
    <time>2026-09-27T19:25:07Z</time>
   </trkpt>
   <trkpt lat="40.4501390" lon="-79.9906410">
    <ele>220.8</ele>
    <time>2026-09-27T19:25:08Z</time>
   </trkpt>
   <trkpt lat="40.4501370" lon="-79.9906460">
    <ele>220.8</ele>
    <time>2026-09-27T19:25:09Z</time>
   </trkpt>
   <trkpt lat="40.4501220" lon="-79.9906700">
    <ele>220.9</ele>
    <time>2026-09-27T19:25:10Z</time>
   </trkpt>
   <trkpt lat="40.4501150" lon="-79.9906970">
    <ele>220.9</ele>
    <time>2026-09-27T19:25:11Z</time>
   </trkpt>
   <trkpt lat="40.4501000" lon="-79.9907170">
    <ele>221.0</ele>
    <time>2026-09-27T19:25:12Z</time>
   </trkpt>
   <trkpt lat="40.4500720" lon="-79.9907330">
    <ele>221.0</ele>
    <time>2026-09-27T19:25:13Z</time>
   </trkpt>
   <trkpt lat="40.4500580" lon="-79.9907610">
    <ele>221.1</ele>
    <time>2026-09-27T19:25:14Z</time>
   </trkpt>
   <trkpt lat="40.4500250" lon="-79.9907820">
    <ele>221.1</ele>
    <time>2026-09-27T19:25:15Z</time>
   </trkpt>
   <trkpt lat="40.4500070" lon="-79.9908160">
    <ele>221.2</ele>
    <time>2026-09-27T19:25:16Z</time>
   </trkpt>
   <trkpt lat="40.4499900" lon="-79.9908490">
    <ele>221.2</ele>
    <time>2026-09-27T19:25:17Z</time>
   </trkpt>
   <trkpt lat="40.4499800" lon="-79.9908820">
    <ele>221.1</ele>
    <time>2026-09-27T19:25:18Z</time>
   </trkpt>
   <trkpt lat="40.4499560" lon="-79.9909190">
    <ele>221.0</ele>
    <time>2026-09-27T19:25:19Z</time>
   </trkpt>
   <trkpt lat="40.4499360" lon="-79.9909550">
    <ele>220.9</ele>
    <time>2026-09-27T19:25:20Z</time>
   </trkpt>
   <trkpt lat="40.4499200" lon="-79.9909880">
    <ele>220.9</ele>
    <time>2026-09-27T19:25:21Z</time>
   </trkpt>
   <trkpt lat="40.4497850" lon="-79.9912040">
    <ele>220.2</ele>
    <time>2026-09-27T19:25:22Z</time>
   </trkpt>
   <trkpt lat="40.4497550" lon="-79.9912580">
    <ele>220.0</ele>
    <time>2026-09-27T19:25:23Z</time>
   </trkpt>
   <trkpt lat="40.4497250" lon="-79.9913170">
    <ele>219.9</ele>
    <time>2026-09-27T19:25:24Z</time>
   </trkpt>
   <trkpt lat="40.4496890" lon="-79.9913810">
    <ele>219.8</ele>
    <time>2026-09-27T19:25:25Z</time>
   </trkpt>
   <trkpt lat="40.4496540" lon="-79.9914430">
    <ele>219.7</ele>
    <time>2026-09-27T19:25:26Z</time>
   </trkpt>
   <trkpt lat="40.4496090" lon="-79.9914970">
    <ele>219.7</ele>
    <time>2026-09-27T19:25:27Z</time>
   </trkpt>
   <trkpt lat="40.4495730" lon="-79.9915500">
    <ele>219.7</ele>
    <time>2026-09-27T19:25:28Z</time>
   </trkpt>
   <trkpt lat="40.4495350" lon="-79.9915980">
    <ele>219.8</ele>
    <time>2026-09-27T19:25:29Z</time>
   </trkpt>
   <trkpt lat="40.4494990" lon="-79.9916450">
    <ele>219.9</ele>
    <time>2026-09-27T19:25:30Z</time>
   </trkpt>
   <trkpt lat="40.4494670" lon="-79.9916950">
    <ele>220.1</ele>
    <time>2026-09-27T19:25:31Z</time>
   </trkpt>
   <trkpt lat="40.4494280" lon="-79.9917360">
    <ele>220.3</ele>
    <time>2026-09-27T19:25:32Z</time>
   </trkpt>
   <trkpt lat="40.4493890" lon="-79.9917650">
    <ele>220.6</ele>
    <time>2026-09-27T19:25:33Z</time>
   </trkpt>
   <trkpt lat="40.4493510" lon="-79.9918050">
    <ele>220.9</ele>
    <time>2026-09-27T19:25:34Z</time>
   </trkpt>
   <trkpt lat="40.4493110" lon="-79.9918470">
    <ele>221.2</ele>
    <time>2026-09-27T19:25:35Z</time>
   </trkpt>
   <trkpt lat="40.4492850" lon="-79.9919050">
    <ele>221.5</ele>
    <time>2026-09-27T19:25:36Z</time>
   </trkpt>
   <trkpt lat="40.4492450" lon="-79.9919620">
    <ele>221.8</ele>
    <time>2026-09-27T19:25:37Z</time>
   </trkpt>
   <trkpt lat="40.4492050" lon="-79.9920120">
    <ele>222.1</ele>
    <time>2026-09-27T19:25:38Z</time>
   </trkpt>
   <trkpt lat="40.4491760" lon="-79.9920780">
    <ele>222.4</ele>
    <time>2026-09-27T19:25:39Z</time>
   </trkpt>
   <trkpt lat="40.4491460" lon="-79.9921400">
    <ele>222.6</ele>
    <time>2026-09-27T19:25:40Z</time>
   </trkpt>
   <trkpt lat="40.4491080" lon="-79.9921750">
    <ele>222.8</ele>
    <time>2026-09-27T19:25:41Z</time>
   </trkpt>
   <trkpt lat="40.4490730" lon="-79.9922150">
    <ele>223.0</ele>
    <time>2026-09-27T19:25:42Z</time>
   </trkpt>
   <trkpt lat="40.4490440" lon="-79.9922480">
    <ele>223.1</ele>
    <time>2026-09-27T19:25:43Z</time>
   </trkpt>
   <trkpt lat="40.4490100" lon="-79.9922940">
    <ele>223.2</ele>
    <time>2026-09-27T19:25:44Z</time>
   </trkpt>
   <trkpt lat="40.4489850" lon="-79.9923260">
    <ele>223.2</ele>
    <time>2026-09-27T19:25:45Z</time>
   </trkpt>
   <trkpt lat="40.4489820" lon="-79.9923450">
    <ele>223.3</ele>
    <time>2026-09-27T19:25:46Z</time>
   </trkpt>
   <trkpt lat="40.4489580" lon="-79.9923740">
    <ele>223.3</ele>
    <time>2026-09-27T19:25:47Z</time>
   </trkpt>
   <trkpt lat="40.4489620" lon="-79.9923800">
    <ele>223.3</ele>
    <time>2026-09-27T19:25:48Z</time>
   </trkpt>
   <trkpt lat="40.4489440" lon="-79.9924050">
    <ele>223.3</ele>
    <time>2026-09-27T19:25:49Z</time>
   </trkpt>
   <trkpt lat="40.4489010" lon="-79.9924760">
    <ele>223.3</ele>
    <time>2026-09-27T19:25:50Z</time>
   </trkpt>
   <trkpt lat="40.4488580" lon="-79.9925460">
    <ele>223.3</ele>
    <time>2026-09-27T19:25:51Z</time>
   </trkpt>
   <trkpt lat="40.4488150" lon="-79.9926170">
    <ele>223.2</ele>
    <time>2026-09-27T19:25:52Z</time>
   </trkpt>
   <trkpt lat="40.4487980" lon="-79.9926470">
    <ele>223.2</ele>
    <time>2026-09-27T19:25:53Z</time>
   </trkpt>
   <trkpt lat="40.4487490" lon="-79.9927220">
    <ele>223.2</ele>
    <time>2026-09-27T19:25:54Z</time>
   </trkpt>
   <trkpt lat="40.4487440" lon="-79.9927610">
    <ele>223.1</ele>
    <time>2026-09-27T19:25:55Z</time>
   </trkpt>
   <trkpt lat="40.4486870" lon="-79.9928490">
    <ele>223.1</ele>
    <time>2026-09-27T19:25:56Z</time>
   </trkpt>
   <trkpt lat="40.4486310" lon="-79.9929210">
    <ele>223.0</ele>
    <time>2026-09-27T19:25:57Z</time>
   </trkpt>
   <trkpt lat="40.4486010" lon="-79.9929540">
    <ele>222.9</ele>
    <time>2026-09-27T19:25:58Z</time>
   </trkpt>
   <trkpt lat="40.4485720" lon="-79.9929880">
    <ele>222.9</ele>
    <time>2026-09-27T19:25:59Z</time>
   </trkpt>
   <trkpt lat="40.4485630" lon="-79.9929830">
    <ele>222.9</ele>
    <time>2026-09-27T19:26:00Z</time>
   </trkpt>
   <trkpt lat="40.4485430" lon="-79.9930210">
    <ele>222.9</ele>
    <time>2026-09-27T19:26:01Z</time>
   </trkpt>
   <trkpt lat="40.4485190" lon="-79.9930540">
    <ele>222.8</ele>
    <time>2026-09-27T19:26:02Z</time>
   </trkpt>
   <trkpt lat="40.4484690" lon="-79.9931370">
    <ele>222.7</ele>
    <time>2026-09-27T19:26:03Z</time>
   </trkpt>
   <trkpt lat="40.4484240" lon="-79.9932020">
    <ele>222.6</ele>
    <time>2026-09-27T19:26:04Z</time>
   </trkpt>
   <trkpt lat="40.4483910" lon="-79.9932530">
    <ele>222.6</ele>
    <time>2026-09-27T19:26:05Z</time>
   </trkpt>
   <trkpt lat="40.4483590" lon="-79.9933060">
    <ele>222.5</ele>
    <time>2026-09-27T19:26:06Z</time>
   </trkpt>
   <trkpt lat="40.4483280" lon="-79.9933580">
    <ele>222.4</ele>
    <time>2026-09-27T19:26:07Z</time>
   </trkpt>
   <trkpt lat="40.4482930" lon="-79.9934150">
    <ele>222.4</ele>
    <time>2026-09-27T19:26:08Z</time>
   </trkpt>
   <trkpt lat="40.4482610" lon="-79.9934670">
    <ele>222.3</ele>
    <time>2026-09-27T19:26:09Z</time>
   </trkpt>
   <trkpt lat="40.4482280" lon="-79.9935120">
    <ele>222.2</ele>
    <time>2026-09-27T19:26:10Z</time>
   </trkpt>
   <trkpt lat="40.4481940" lon="-79.9935560">
    <ele>222.2</ele>
    <time>2026-09-27T19:26:11Z</time>
   </trkpt>
   <trkpt lat="40.4481520" lon="-79.9936160">
    <ele>222.1</ele>
    <time>2026-09-27T19:26:12Z</time>
   </trkpt>
   <trkpt lat="40.4481160" lon="-79.9936700">
    <ele>222.1</ele>
    <time>2026-09-27T19:26:13Z</time>
   </trkpt>
   <trkpt lat="40.4480850" lon="-79.9937160">
    <ele>222.1</ele>
    <time>2026-09-27T19:26:14Z</time>
   </trkpt>
   <trkpt lat="40.4480560" lon="-79.9937600">
    <ele>222.1</ele>
    <time>2026-09-27T19:26:15Z</time>
   </trkpt>
   <trkpt lat="40.4480310" lon="-79.9938120">
    <ele>222.1</ele>
    <time>2026-09-27T19:26:16Z</time>
   </trkpt>
   <trkpt lat="40.4479950" lon="-79.9938620">
    <ele>222.0</ele>
    <time>2026-09-27T19:26:17Z</time>
   </trkpt>
   <trkpt lat="40.4479590" lon="-79.9939090">
    <ele>221.9</ele>
    <time>2026-09-27T19:26:18Z</time>
   </trkpt>
   <trkpt lat="40.4479300" lon="-79.9939600">
    <ele>221.8</ele>
    <time>2026-09-27T19:26:19Z</time>
   </trkpt>
   <trkpt lat="40.4478980" lon="-79.9940160">
    <ele>221.7</ele>
    <time>2026-09-27T19:26:20Z</time>
   </trkpt>
   <trkpt lat="40.4478690" lon="-79.9940750">
    <ele>221.5</ele>
    <time>2026-09-27T19:26:21Z</time>
   </trkpt>
   <trkpt lat="40.4478400" lon="-79.9941320">
    <ele>221.4</ele>
    <time>2026-09-27T19:26:22Z</time>
   </trkpt>
   <trkpt lat="40.4478100" lon="-79.9941880">
    <ele>221.2</ele>
    <time>2026-09-27T19:26:23Z</time>
   </trkpt>
   <trkpt lat="40.4477820" lon="-79.9942390">
    <ele>221.1</ele>
    <time>2026-09-27T19:26:24Z</time>
   </trkpt>
   <trkpt lat="40.4477560" lon="-79.9942850">
    <ele>221.0</ele>
    <time>2026-09-27T19:26:25Z</time>
   </trkpt>
   <trkpt lat="40.4477310" lon="-79.9943260">
    <ele>220.9</ele>
    <time>2026-09-27T19:26:26Z</time>
   </trkpt>
   <trkpt lat="40.4477050" lon="-79.9943700">
    <ele>220.8</ele>
    <time>2026-09-27T19:26:27Z</time>
   </trkpt>
   <trkpt lat="40.4476800" lon="-79.9944050">
    <ele>220.7</ele>
    <time>2026-09-27T19:26:28Z</time>
   </trkpt>
   <trkpt lat="40.4476540" lon="-79.9944480">
    <ele>220.7</ele>
    <time>2026-09-27T19:26:29Z</time>
   </trkpt>
   <trkpt lat="40.4476240" lon="-79.9944860">
    <ele>220.6</ele>
    <time>2026-09-27T19:26:30Z</time>
   </trkpt>
   <trkpt lat="40.4475990" lon="-79.9945230">
    <ele>220.6</ele>
    <time>2026-09-27T19:26:31Z</time>
   </trkpt>
   <trkpt lat="40.4475760" lon="-79.9945650">
    <ele>220.6</ele>
    <time>2026-09-27T19:26:32Z</time>
   </trkpt>
   <trkpt lat="40.4475510" lon="-79.9946090">
    <ele>220.6</ele>
    <time>2026-09-27T19:26:33Z</time>
   </trkpt>
   <trkpt lat="40.4475270" lon="-79.9946670">
    <ele>220.6</ele>
    <time>2026-09-27T19:26:34Z</time>
   </trkpt>
   <trkpt lat="40.4474970" lon="-79.9947270">
    <ele>220.7</ele>
    <time>2026-09-27T19:26:35Z</time>
   </trkpt>
   <trkpt lat="40.4474540" lon="-79.9947720">
    <ele>220.7</ele>
    <time>2026-09-27T19:26:36Z</time>
   </trkpt>
   <trkpt lat="40.4474230" lon="-79.9948140">
    <ele>220.8</ele>
    <time>2026-09-27T19:26:37Z</time>
   </trkpt>
   <trkpt lat="40.4473920" lon="-79.9948580">
    <ele>220.9</ele>
    <time>2026-09-27T19:26:38Z</time>
   </trkpt>
   <trkpt lat="40.4473720" lon="-79.9948970">
    <ele>220.9</ele>
    <time>2026-09-27T19:26:39Z</time>
   </trkpt>
   <trkpt lat="40.4473450" lon="-79.9949320">
    <ele>221.0</ele>
    <time>2026-09-27T19:26:40Z</time>
   </trkpt>
   <trkpt lat="40.4473260" lon="-79.9949770">
    <ele>221.1</ele>
    <time>2026-09-27T19:26:41Z</time>
   </trkpt>
   <trkpt lat="40.4473040" lon="-79.9950120">
    <ele>221.1</ele>
    <time>2026-09-27T19:26:42Z</time>
   </trkpt>
   <trkpt lat="40.4472850" lon="-79.9950370">
    <ele>221.2</ele>
    <time>2026-09-27T19:26:43Z</time>
   </trkpt>
   <trkpt lat="40.4472730" lon="-79.9950650">
    <ele>221.3</ele>
    <time>2026-09-27T19:26:44Z</time>
   </trkpt>
   <trkpt lat="40.4472640" lon="-79.9950870">
    <ele>221.3</ele>
    <time>2026-09-27T19:26:45Z</time>
   </trkpt>
   <trkpt lat="40.4472550" lon="-79.9950960">
    <ele>221.4</ele>
    <time>2026-09-27T19:26:46Z</time>
   </trkpt>
   <trkpt lat="40.4472590" lon="-79.9950890">
    <ele>221.4</ele>
    <time>2026-09-27T19:26:47Z</time>
   </trkpt>
   <trkpt lat="40.4472600" lon="-79.9950920">
    <ele>221.4</ele>
    <time>2026-09-27T19:26:48Z</time>
   </trkpt>
   <trkpt lat="40.4472600" lon="-79.9950920">
    <ele>221.4</ele>
    <time>2026-09-27T19:26:49Z</time>
   </trkpt>
   <trkpt lat="40.4472720" lon="-79.9950920">
    <ele>221.4</ele>
    <time>2026-09-27T19:26:50Z</time>
   </trkpt>
   <trkpt lat="40.4472680" lon="-79.9950940">
    <ele>221.4</ele>
    <time>2026-09-27T19:26:51Z</time>
   </trkpt>
   <trkpt lat="40.4472730" lon="-79.9950910">
    <ele>221.4</ele>
    <time>2026-09-27T19:26:52Z</time>
   </trkpt>
   <trkpt lat="40.4472750" lon="-79.9950910">
    <ele>221.5</ele>
    <time>2026-09-27T19:26:53Z</time>
   </trkpt>
   <trkpt lat="40.4472710" lon="-79.9950820">
    <ele>221.5</ele>
    <time>2026-09-27T19:26:54Z</time>
   </trkpt>
   <trkpt lat="40.4472660" lon="-79.9950880">
    <ele>221.5</ele>
    <time>2026-09-27T19:26:55Z</time>
   </trkpt>
   <trkpt lat="40.4472630" lon="-79.9950830">
    <ele>221.5</ele>
    <time>2026-09-27T19:26:56Z</time>
   </trkpt>
   <trkpt lat="40.4472550" lon="-79.9950910">
    <ele>221.5</ele>
    <time>2026-09-27T19:26:57Z</time>
   </trkpt>
   <trkpt lat="40.4472130" lon="-79.9951430">
    <ele>221.7</ele>
    <time>2026-09-27T19:27:00Z</time>
   </trkpt>
   <trkpt lat="40.4471890" lon="-79.9951570">
    <ele>221.8</ele>
    <time>2026-09-27T19:27:01Z</time>
   </trkpt>
   <trkpt lat="40.4471600" lon="-79.9951910">
    <ele>222.0</ele>
    <time>2026-09-27T19:27:02Z</time>
   </trkpt>
   <trkpt lat="40.4471360" lon="-79.9951980">
    <ele>222.1</ele>
    <time>2026-09-27T19:27:03Z</time>
   </trkpt>
   <trkpt lat="40.4470990" lon="-79.9951970">
    <ele>222.2</ele>
    <time>2026-09-27T19:27:04Z</time>
   </trkpt>
   <trkpt lat="40.4470690" lon="-79.9952130">
    <ele>222.2</ele>
    <time>2026-09-27T19:27:05Z</time>
   </trkpt>
   <trkpt lat="40.4470540" lon="-79.9952520">
    <ele>222.2</ele>
    <time>2026-09-27T19:27:06Z</time>
   </trkpt>
   <trkpt lat="40.4470360" lon="-79.9952810">
    <ele>222.2</ele>
    <time>2026-09-27T19:27:07Z</time>
   </trkpt>
   <trkpt lat="40.4470270" lon="-79.9953270">
    <ele>222.2</ele>
    <time>2026-09-27T19:27:08Z</time>
   </trkpt>
   <trkpt lat="40.4470160" lon="-79.9953720">
    <ele>222.2</ele>
    <time>2026-09-27T19:27:09Z</time>
   </trkpt>
   <trkpt lat="40.4470020" lon="-79.9954270">
    <ele>222.2</ele>
    <time>2026-09-27T19:27:10Z</time>
   </trkpt>
   <trkpt lat="40.4469880" lon="-79.9954660">
    <ele>222.2</ele>
    <time>2026-09-27T19:27:11Z</time>
   </trkpt>
   <trkpt lat="40.4469780" lon="-79.9955050">
    <ele>222.2</ele>
    <time>2026-09-27T19:27:12Z</time>
   </trkpt>
   <trkpt lat="40.4470090" lon="-79.9955250">
    <ele>222.1</ele>
    <time>2026-09-27T19:27:13Z</time>
   </trkpt>
   <trkpt lat="40.4469760" lon="-79.9955380">
    <ele>222.1</ele>
    <time>2026-09-27T19:27:14Z</time>
   </trkpt>
   <trkpt lat="40.4469320" lon="-79.9955750">
    <ele>222.0</ele>
    <time>2026-09-27T19:27:15Z</time>
   </trkpt>
   <trkpt lat="40.4469100" lon="-79.9956150">
    <ele>222.0</ele>
    <time>2026-09-27T19:27:16Z</time>
   </trkpt>
   <trkpt lat="40.4468530" lon="-79.9956400">
    <ele>221.8</ele>
    <time>2026-09-27T19:27:17Z</time>
   </trkpt>
   <trkpt lat="40.4468480" lon="-79.9956930">
    <ele>221.6</ele>
    <time>2026-09-27T19:27:18Z</time>
   </trkpt>
   <trkpt lat="40.4468390" lon="-79.9957510">
    <ele>221.4</ele>
    <time>2026-09-27T19:27:19Z</time>
   </trkpt>
   <trkpt lat="40.4468200" lon="-79.9958110">
    <ele>221.1</ele>
    <time>2026-09-27T19:27:20Z</time>
   </trkpt>
   <trkpt lat="40.4467910" lon="-79.9958670">
    <ele>220.8</ele>
    <time>2026-09-27T19:27:21Z</time>
   </trkpt>
   <trkpt lat="40.4467620" lon="-79.9959080">
    <ele>220.6</ele>
    <time>2026-09-27T19:27:22Z</time>
   </trkpt>
   <trkpt lat="40.4467370" lon="-79.9959720">
    <ele>220.3</ele>
    <time>2026-09-27T19:27:23Z</time>
   </trkpt>
   <trkpt lat="40.4467160" lon="-79.9960390">
    <ele>220.0</ele>
    <time>2026-09-27T19:27:24Z</time>
   </trkpt>
   <trkpt lat="40.4466850" lon="-79.9961160">
    <ele>219.6</ele>
    <time>2026-09-27T19:27:25Z</time>
   </trkpt>
   <trkpt lat="40.4466610" lon="-79.9962020">
    <ele>219.3</ele>
    <time>2026-09-27T19:27:26Z</time>
   </trkpt>
   <trkpt lat="40.4466320" lon="-79.9962800">
    <ele>219.1</ele>
    <time>2026-09-27T19:27:27Z</time>
   </trkpt>
   <trkpt lat="40.4466070" lon="-79.9963530">
    <ele>218.9</ele>
    <time>2026-09-27T19:27:28Z</time>
   </trkpt>
   <trkpt lat="40.4465820" lon="-79.9964260">
    <ele>218.8</ele>
    <time>2026-09-27T19:27:29Z</time>
   </trkpt>
   <trkpt lat="40.4465590" lon="-79.9965080">
    <ele>218.7</ele>
    <time>2026-09-27T19:27:30Z</time>
   </trkpt>
   <trkpt lat="40.4465370" lon="-79.9965870">
    <ele>218.7</ele>
    <time>2026-09-27T19:27:31Z</time>
   </trkpt>
   <trkpt lat="40.4465230" lon="-79.9966630">
    <ele>218.7</ele>
    <time>2026-09-27T19:27:32Z</time>
   </trkpt>
   <trkpt lat="40.4464950" lon="-79.9967300">
    <ele>218.6</ele>
    <time>2026-09-27T19:27:33Z</time>
   </trkpt>
   <trkpt lat="40.4464620" lon="-79.9967940">
    <ele>218.6</ele>
    <time>2026-09-27T19:27:34Z</time>
   </trkpt>
   <trkpt lat="40.4464420" lon="-79.9968660">
    <ele>218.6</ele>
    <time>2026-09-27T19:27:35Z</time>
   </trkpt>
   <trkpt lat="40.4464260" lon="-79.9969290">
    <ele>218.6</ele>
    <time>2026-09-27T19:27:36Z</time>
   </trkpt>
   <trkpt lat="40.4464130" lon="-79.9969890">
    <ele>218.6</ele>
    <time>2026-09-27T19:27:37Z</time>
   </trkpt>
   <trkpt lat="40.4463970" lon="-79.9970380">
    <ele>218.6</ele>
    <time>2026-09-27T19:27:38Z</time>
   </trkpt>
   <trkpt lat="40.4463910" lon="-79.9970590">
    <ele>218.6</ele>
    <time>2026-09-27T19:27:39Z</time>
   </trkpt>
   <trkpt lat="40.4463910" lon="-79.9970690">
    <ele>218.6</ele>
    <time>2026-09-27T19:27:40Z</time>
   </trkpt>
   <trkpt lat="40.4463910" lon="-79.9970780">
    <ele>218.6</ele>
    <time>2026-09-27T19:27:41Z</time>
   </trkpt>
   <trkpt lat="40.4463890" lon="-79.9970960">
    <ele>218.6</ele>
    <time>2026-09-27T19:27:42Z</time>
   </trkpt>
   <trkpt lat="40.4463850" lon="-79.9971200">
    <ele>218.6</ele>
    <time>2026-09-27T19:27:43Z</time>
   </trkpt>
   <trkpt lat="40.4463770" lon="-79.9971530">
    <ele>218.6</ele>
    <time>2026-09-27T19:27:44Z</time>
   </trkpt>
   <trkpt lat="40.4463620" lon="-79.9971910">
    <ele>218.6</ele>
    <time>2026-09-27T19:27:45Z</time>
   </trkpt>
   <trkpt lat="40.4463410" lon="-79.9972270">
    <ele>218.6</ele>
    <time>2026-09-27T19:27:46Z</time>
   </trkpt>
   <trkpt lat="40.4463170" lon="-79.9972610">
    <ele>218.6</ele>
    <time>2026-09-27T19:27:47Z</time>
   </trkpt>
   <trkpt lat="40.4462910" lon="-79.9973000">
    <ele>218.6</ele>
    <time>2026-09-27T19:27:48Z</time>
   </trkpt>
   <trkpt lat="40.4462760" lon="-79.9973460">
    <ele>218.7</ele>
    <time>2026-09-27T19:27:49Z</time>
   </trkpt>
   <trkpt lat="40.4462580" lon="-79.9973970">
    <ele>218.7</ele>
    <time>2026-09-27T19:27:50Z</time>
   </trkpt>
   <trkpt lat="40.4462370" lon="-79.9974430">
    <ele>218.7</ele>
    <time>2026-09-27T19:27:51Z</time>
   </trkpt>
   <trkpt lat="40.4462190" lon="-79.9974860">
    <ele>218.7</ele>
    <time>2026-09-27T19:27:52Z</time>
   </trkpt>
   <trkpt lat="40.4461930" lon="-79.9975310">
    <ele>218.7</ele>
    <time>2026-09-27T19:27:53Z</time>
   </trkpt>
   <trkpt lat="40.4461770" lon="-79.9975790">
    <ele>218.7</ele>
    <time>2026-09-27T19:27:54Z</time>
   </trkpt>
   <trkpt lat="40.4461620" lon="-79.9976270">
    <ele>218.7</ele>
    <time>2026-09-27T19:27:55Z</time>
   </trkpt>
   <trkpt lat="40.4461440" lon="-79.9976720">
    <ele>218.7</ele>
    <time>2026-09-27T19:27:56Z</time>
   </trkpt>
   <trkpt lat="40.4461250" lon="-79.9977150">
    <ele>218.7</ele>
    <time>2026-09-27T19:27:57Z</time>
   </trkpt>
   <trkpt lat="40.4461080" lon="-79.9977610">
    <ele>218.7</ele>
    <time>2026-09-27T19:27:58Z</time>
   </trkpt>
   <trkpt lat="40.4460850" lon="-79.9978010">
    <ele>218.7</ele>
    <time>2026-09-27T19:27:59Z</time>
   </trkpt>
   <trkpt lat="40.4460750" lon="-79.9978480">
    <ele>218.7</ele>
    <time>2026-09-27T19:28:00Z</time>
   </trkpt>
   <trkpt lat="40.4460600" lon="-79.9978960">
    <ele>218.7</ele>
    <time>2026-09-27T19:28:01Z</time>
   </trkpt>
   <trkpt lat="40.4460440" lon="-79.9979380">
    <ele>218.7</ele>
    <time>2026-09-27T19:28:02Z</time>
   </trkpt>
   <trkpt lat="40.4460270" lon="-79.9979810">
    <ele>218.7</ele>
    <time>2026-09-27T19:28:03Z</time>
   </trkpt>
   <trkpt lat="40.4460110" lon="-79.9980270">
    <ele>218.7</ele>
    <time>2026-09-27T19:28:04Z</time>
   </trkpt>
   <trkpt lat="40.4459930" lon="-79.9980750">
    <ele>218.7</ele>
    <time>2026-09-27T19:28:05Z</time>
   </trkpt>
   <trkpt lat="40.4459720" lon="-79.9981200">
    <ele>218.7</ele>
    <time>2026-09-27T19:28:06Z</time>
   </trkpt>
   <trkpt lat="40.4459550" lon="-79.9981730">
    <ele>218.7</ele>
    <time>2026-09-27T19:28:07Z</time>
   </trkpt>
   <trkpt lat="40.4459360" lon="-79.9982200">
    <ele>218.7</ele>
    <time>2026-09-27T19:28:08Z</time>
   </trkpt>
   <trkpt lat="40.4459150" lon="-79.9982680">
    <ele>218.7</ele>
    <time>2026-09-27T19:28:09Z</time>
   </trkpt>
   <trkpt lat="40.4458980" lon="-79.9983190">
    <ele>218.7</ele>
    <time>2026-09-27T19:28:10Z</time>
   </trkpt>
   <trkpt lat="40.4458810" lon="-79.9983680">
    <ele>218.7</ele>
    <time>2026-09-27T19:28:11Z</time>
   </trkpt>
   <trkpt lat="40.4458670" lon="-79.9984180">
    <ele>218.8</ele>
    <time>2026-09-27T19:28:12Z</time>
   </trkpt>
   <trkpt lat="40.4458540" lon="-79.9984650">
    <ele>218.8</ele>
    <time>2026-09-27T19:28:13Z</time>
   </trkpt>
   <trkpt lat="40.4458390" lon="-79.9985010">
    <ele>218.8</ele>
    <time>2026-09-27T19:28:14Z</time>
   </trkpt>
   <trkpt lat="40.4458440" lon="-79.9984980">
    <ele>218.8</ele>
    <time>2026-09-27T19:28:15Z</time>
   </trkpt>
   <trkpt lat="40.4458370" lon="-79.9985310">
    <ele>218.8</ele>
    <time>2026-09-27T19:28:16Z</time>
   </trkpt>
   <trkpt lat="40.4458320" lon="-79.9985400">
    <ele>218.8</ele>
    <time>2026-09-27T19:28:17Z</time>
   </trkpt>
   <trkpt lat="40.4458240" lon="-79.9985440">
    <ele>218.8</ele>
    <time>2026-09-27T19:28:18Z</time>
   </trkpt>
   <trkpt lat="40.4458240" lon="-79.9985400">
    <ele>218.8</ele>
    <time>2026-09-27T19:28:19Z</time>
   </trkpt>
   <trkpt lat="40.4458230" lon="-79.9985310">
    <ele>218.8</ele>
    <time>2026-09-27T19:28:20Z</time>
   </trkpt>
   <trkpt lat="40.4458270" lon="-79.9985280">
    <ele>218.8</ele>
    <time>2026-09-27T19:28:21Z</time>
   </trkpt>
   <trkpt lat="40.4458210" lon="-79.9985350">
    <ele>218.8</ele>
    <time>2026-09-27T19:28:22Z</time>
   </trkpt>
   <trkpt lat="40.4458170" lon="-79.9985360">
    <ele>218.8</ele>
    <time>2026-09-27T19:28:23Z</time>
   </trkpt>
   <trkpt lat="40.4458100" lon="-79.9985350">
    <ele>218.8</ele>
    <time>2026-09-27T19:28:24Z</time>
   </trkpt>
   <trkpt lat="40.4458130" lon="-79.9985310">
    <ele>218.8</ele>
    <time>2026-09-27T19:28:25Z</time>
   </trkpt>
   <trkpt lat="40.4458130" lon="-79.9985330">
    <ele>218.8</ele>
    <time>2026-09-27T19:28:26Z</time>
   </trkpt>
   <trkpt lat="40.4458070" lon="-79.9985380">
    <ele>218.8</ele>
    <time>2026-09-27T19:28:27Z</time>
   </trkpt>
   <trkpt lat="40.4458070" lon="-79.9985360">
    <ele>218.8</ele>
    <time>2026-09-27T19:28:28Z</time>
   </trkpt>
   <trkpt lat="40.4458120" lon="-79.9985870">
    <ele>218.8</ele>
    <time>2026-09-27T19:28:49Z</time>
   </trkpt>
   <trkpt lat="40.4457960" lon="-79.9986040">
    <ele>218.8</ele>
    <time>2026-09-27T19:28:50Z</time>
   </trkpt>
   <trkpt lat="40.4457820" lon="-79.9986300">
    <ele>218.8</ele>
    <time>2026-09-27T19:28:51Z</time>
   </trkpt>
   <trkpt lat="40.4457660" lon="-79.9986670">
    <ele>218.9</ele>
    <time>2026-09-27T19:28:52Z</time>
   </trkpt>
   <trkpt lat="40.4457520" lon="-79.9987100">
    <ele>218.9</ele>
    <time>2026-09-27T19:28:53Z</time>
   </trkpt>
   <trkpt lat="40.4457360" lon="-79.9987610">
    <ele>219.0</ele>
    <time>2026-09-27T19:28:54Z</time>
   </trkpt>
   <trkpt lat="40.4457100" lon="-79.9988100">
    <ele>219.0</ele>
    <time>2026-09-27T19:28:55Z</time>
   </trkpt>
   <trkpt lat="40.4456820" lon="-79.9988600">
    <ele>219.1</ele>
    <time>2026-09-27T19:28:56Z</time>
   </trkpt>
   <trkpt lat="40.4456340" lon="-79.9989490">
    <ele>219.3</ele>
    <time>2026-09-27T19:28:57Z</time>
   </trkpt>
   <trkpt lat="40.4456130" lon="-79.9989910">
    <ele>219.3</ele>
    <time>2026-09-27T19:28:58Z</time>
   </trkpt>
   <trkpt lat="40.4455940" lon="-79.9990330">
    <ele>219.3</ele>
    <time>2026-09-27T19:28:59Z</time>
   </trkpt>
   <trkpt lat="40.4455750" lon="-79.9990790">
    <ele>219.4</ele>
    <time>2026-09-27T19:29:00Z</time>
   </trkpt>
   <trkpt lat="40.4455590" lon="-79.9991260">
    <ele>219.4</ele>
    <time>2026-09-27T19:29:01Z</time>
   </trkpt>
   <trkpt lat="40.4455480" lon="-79.9991700">
    <ele>219.4</ele>
    <time>2026-09-27T19:29:02Z</time>
   </trkpt>
   <trkpt lat="40.4455220" lon="-79.9992100">
    <ele>219.3</ele>
    <time>2026-09-27T19:29:03Z</time>
   </trkpt>
   <trkpt lat="40.4454920" lon="-79.9992420">
    <ele>219.3</ele>
    <time>2026-09-27T19:29:04Z</time>
   </trkpt>
   <trkpt lat="40.4454650" lon="-79.9992820">
    <ele>219.2</ele>
    <time>2026-09-27T19:29:05Z</time>
   </trkpt>
   <trkpt lat="40.4454240" lon="-79.9993360">
    <ele>219.2</ele>
    <time>2026-09-27T19:29:06Z</time>
   </trkpt>
   <trkpt lat="40.4454190" lon="-79.9994740">
    <ele>219.0</ele>
    <time>2026-09-27T19:29:07Z</time>
   </trkpt>
   <trkpt lat="40.4454240" lon="-79.9995700">
    <ele>219.0</ele>
    <time>2026-09-27T19:29:08Z</time>
   </trkpt>
   <trkpt lat="40.4454150" lon="-79.9996410">
    <ele>218.9</ele>
    <time>2026-09-27T19:29:09Z</time>
   </trkpt>
   <trkpt lat="40.4453940" lon="-79.9997130">
    <ele>218.9</ele>
    <time>2026-09-27T19:29:10Z</time>
   </trkpt>
   <trkpt lat="40.4453750" lon="-79.9997790">
    <ele>218.8</ele>
    <time>2026-09-27T19:29:11Z</time>
   </trkpt>
   <trkpt lat="40.4453540" lon="-79.9998480">
    <ele>218.8</ele>
    <time>2026-09-27T19:29:12Z</time>
   </trkpt>
   <trkpt lat="40.4453330" lon="-79.9999160">
    <ele>218.7</ele>
    <time>2026-09-27T19:29:13Z</time>
   </trkpt>
   <trkpt lat="40.4453210" lon="-79.9999690">
    <ele>218.7</ele>
    <time>2026-09-27T19:29:14Z</time>
   </trkpt>
   <trkpt lat="40.4453090" lon="-80.0000230">
    <ele>218.6</ele>
    <time>2026-09-27T19:29:15Z</time>
   </trkpt>
   <trkpt lat="40.4452940" lon="-80.0000590">
    <ele>218.6</ele>
    <time>2026-09-27T19:29:16Z</time>
   </trkpt>
   <trkpt lat="40.4452780" lon="-80.0000960">
    <ele>218.6</ele>
    <time>2026-09-27T19:29:17Z</time>
   </trkpt>
   <trkpt lat="40.4452820" lon="-80.0001230">
    <ele>218.6</ele>
    <time>2026-09-27T19:29:18Z</time>
   </trkpt>
   <trkpt lat="40.4452850" lon="-80.0001680">
    <ele>218.5</ele>
    <time>2026-09-27T19:29:19Z</time>
   </trkpt>
   <trkpt lat="40.4452780" lon="-80.0002150">
    <ele>218.5</ele>
    <time>2026-09-27T19:29:20Z</time>
   </trkpt>
   <trkpt lat="40.4452520" lon="-80.0003220">
    <ele>218.5</ele>
    <time>2026-09-27T19:29:21Z</time>
   </trkpt>
   <trkpt lat="40.4452470" lon="-80.0003800">
    <ele>218.4</ele>
    <time>2026-09-27T19:29:22Z</time>
   </trkpt>
   <trkpt lat="40.4452420" lon="-80.0004370">
    <ele>218.4</ele>
    <time>2026-09-27T19:29:23Z</time>
   </trkpt>
   <trkpt lat="40.4452290" lon="-80.0004780">
    <ele>218.4</ele>
    <time>2026-09-27T19:29:24Z</time>
   </trkpt>
   <trkpt lat="40.4452160" lon="-80.0005190">
    <ele>218.3</ele>
    <time>2026-09-27T19:29:25Z</time>
   </trkpt>
   <trkpt lat="40.4451960" lon="-80.0005660">
    <ele>218.3</ele>
    <time>2026-09-27T19:29:26Z</time>
   </trkpt>
   <trkpt lat="40.4451750" lon="-80.0006140">
    <ele>218.3</ele>
    <time>2026-09-27T19:29:27Z</time>
   </trkpt>
   <trkpt lat="40.4451670" lon="-80.0006430">
    <ele>218.3</ele>
    <time>2026-09-27T19:29:28Z</time>
   </trkpt>
   <trkpt lat="40.4451590" lon="-80.0006730">
    <ele>218.2</ele>
    <time>2026-09-27T19:29:29Z</time>
   </trkpt>
   <trkpt lat="40.4451640" lon="-80.0006690">
    <ele>218.2</ele>
    <time>2026-09-27T19:29:30Z</time>
   </trkpt>
   <trkpt lat="40.4451680" lon="-80.0007100">
    <ele>218.2</ele>
    <time>2026-09-27T19:29:31Z</time>
   </trkpt>
   <trkpt lat="40.4451540" lon="-80.0007840">
    <ele>218.2</ele>
    <time>2026-09-27T19:29:32Z</time>
   </trkpt>
   <trkpt lat="40.4451670" lon="-80.0007760">
    <ele>218.2</ele>
    <time>2026-09-27T19:29:33Z</time>
   </trkpt>
   <trkpt lat="40.4451520" lon="-80.0008120">
    <ele>218.2</ele>
    <time>2026-09-27T19:29:34Z</time>
   </trkpt>
   <trkpt lat="40.4450710" lon="-80.0009240">
    <ele>218.1</ele>
    <time>2026-09-27T19:29:35Z</time>
   </trkpt>
   <trkpt lat="40.4450190" lon="-80.0010110">
    <ele>218.1</ele>
    <time>2026-09-27T19:29:36Z</time>
   </trkpt>
   <trkpt lat="40.4450230" lon="-80.0011260">
    <ele>218.1</ele>
    <time>2026-09-27T19:29:37Z</time>
   </trkpt>
   <trkpt lat="40.4449980" lon="-80.0012200">
    <ele>218.1</ele>
    <time>2026-09-27T19:29:38Z</time>
   </trkpt>
   <trkpt lat="40.4449650" lon="-80.0013230">
    <ele>218.2</ele>
    <time>2026-09-27T19:29:39Z</time>
   </trkpt>
   <trkpt lat="40.4449300" lon="-80.0014530">
    <ele>218.2</ele>
    <time>2026-09-27T19:29:40Z</time>
   </trkpt>
   <trkpt lat="40.4448950" lon="-80.0015520">
    <ele>218.2</ele>
    <time>2026-09-27T19:29:41Z</time>
   </trkpt>
   <trkpt lat="40.4448640" lon="-80.0016450">
    <ele>218.3</ele>
    <time>2026-09-27T19:29:42Z</time>
   </trkpt>
   <trkpt lat="40.4448410" lon="-80.0017140">
    <ele>218.3</ele>
    <time>2026-09-27T19:29:43Z</time>
   </trkpt>
   <trkpt lat="40.4448120" lon="-80.0017880">
    <ele>218.4</ele>
    <time>2026-09-27T19:29:44Z</time>
   </trkpt>
   <trkpt lat="40.4447790" lon="-80.0018530">
    <ele>218.4</ele>
    <time>2026-09-27T19:29:45Z</time>
   </trkpt>
   <trkpt lat="40.4447520" lon="-80.0019230">
    <ele>218.4</ele>
    <time>2026-09-27T19:29:46Z</time>
   </trkpt>
   <trkpt lat="40.4447340" lon="-80.0019620">
    <ele>218.5</ele>
    <time>2026-09-27T19:29:47Z</time>
   </trkpt>
   <trkpt lat="40.4447170" lon="-80.0020010">
    <ele>218.5</ele>
    <time>2026-09-27T19:29:48Z</time>
   </trkpt>
   <trkpt lat="40.4447070" lon="-80.0020130">
    <ele>218.5</ele>
    <time>2026-09-27T19:29:49Z</time>
   </trkpt>
   <trkpt lat="40.4446910" lon="-80.0020650">
    <ele>218.5</ele>
    <time>2026-09-27T19:29:50Z</time>
   </trkpt>
   <trkpt lat="40.4446720" lon="-80.0021160">
    <ele>218.6</ele>
    <time>2026-09-27T19:29:51Z</time>
   </trkpt>
   <trkpt lat="40.4446520" lon="-80.0021540">
    <ele>218.6</ele>
    <time>2026-09-27T19:29:52Z</time>
   </trkpt>
   <trkpt lat="40.4446110" lon="-80.0022110">
    <ele>218.6</ele>
    <time>2026-09-27T19:29:53Z</time>
   </trkpt>
   <trkpt lat="40.4445840" lon="-80.0022410">
    <ele>218.7</ele>
    <time>2026-09-27T19:29:54Z</time>
   </trkpt>
   <trkpt lat="40.4445380" lon="-80.0023250">
    <ele>218.7</ele>
    <time>2026-09-27T19:29:55Z</time>
   </trkpt>
   <trkpt lat="40.4445100" lon="-80.0024030">
    <ele>218.8</ele>
    <time>2026-09-27T19:29:56Z</time>
   </trkpt>
   <trkpt lat="40.4445090" lon="-80.0025180">
    <ele>218.8</ele>
    <time>2026-09-27T19:29:57Z</time>
   </trkpt>
   <trkpt lat="40.4444910" lon="-80.0025940">
    <ele>218.8</ele>
    <time>2026-09-27T19:29:58Z</time>
   </trkpt>
   <trkpt lat="40.4444640" lon="-80.0026420">
    <ele>218.9</ele>
    <time>2026-09-27T19:29:59Z</time>
   </trkpt>
   <trkpt lat="40.4444400" lon="-80.0027050">
    <ele>218.9</ele>
    <time>2026-09-27T19:30:00Z</time>
   </trkpt>
   <trkpt lat="40.4444340" lon="-80.0027650">
    <ele>218.9</ele>
    <time>2026-09-27T19:30:01Z</time>
   </trkpt>
   <trkpt lat="40.4444250" lon="-80.0027270">
    <ele>219.0</ele>
    <time>2026-09-27T19:30:02Z</time>
   </trkpt>
   <trkpt lat="40.4444150" lon="-80.0027340">
    <ele>219.0</ele>
    <time>2026-09-27T19:30:03Z</time>
   </trkpt>
   <trkpt lat="40.4444030" lon="-80.0027270">
    <ele>219.0</ele>
    <time>2026-09-27T19:30:04Z</time>
   </trkpt>
   <trkpt lat="40.4443810" lon="-80.0027780">
    <ele>219.0</ele>
    <time>2026-09-27T19:30:05Z</time>
   </trkpt>
   <trkpt lat="40.4443510" lon="-80.0028690">
    <ele>219.0</ele>
    <time>2026-09-27T19:30:06Z</time>
   </trkpt>
   <trkpt lat="40.4443640" lon="-80.0028990">
    <ele>219.0</ele>
    <time>2026-09-27T19:30:07Z</time>
   </trkpt>
   <trkpt lat="40.4443540" lon="-80.0029670">
    <ele>219.0</ele>
    <time>2026-09-27T19:30:08Z</time>
   </trkpt>
   <trkpt lat="40.4443600" lon="-80.0030200">
    <ele>219.0</ele>
    <time>2026-09-27T19:30:09Z</time>
   </trkpt>
   <trkpt lat="40.4443490" lon="-80.0030660">
    <ele>219.0</ele>
    <time>2026-09-27T19:30:10Z</time>
   </trkpt>
   <trkpt lat="40.4442960" lon="-80.0034280">
    <ele>218.7</ele>
    <time>2026-09-27T19:30:11Z</time>
   </trkpt>
   <trkpt lat="40.4442810" lon="-80.0035090">
    <ele>218.7</ele>
    <time>2026-09-27T19:30:12Z</time>
   </trkpt>
   <trkpt lat="40.4442630" lon="-80.0035890">
    <ele>218.7</ele>
    <time>2026-09-27T19:30:13Z</time>
   </trkpt>
   <trkpt lat="40.4442470" lon="-80.0036610">
    <ele>218.6</ele>
    <time>2026-09-27T19:30:14Z</time>
   </trkpt>
   <trkpt lat="40.4442290" lon="-80.0037420">
    <ele>218.6</ele>
    <time>2026-09-27T19:30:15Z</time>
   </trkpt>
   <trkpt lat="40.4442100" lon="-80.0038140">
    <ele>218.6</ele>
    <time>2026-09-27T19:30:16Z</time>
   </trkpt>
   <trkpt lat="40.4441900" lon="-80.0038930">
    <ele>218.6</ele>
    <time>2026-09-27T19:30:17Z</time>
   </trkpt>
   <trkpt lat="40.4441700" lon="-80.0039620">
    <ele>218.6</ele>
    <time>2026-09-27T19:30:18Z</time>
   </trkpt>
   <trkpt lat="40.4441540" lon="-80.0040240">
    <ele>218.6</ele>
    <time>2026-09-27T19:30:19Z</time>
   </trkpt>
   <trkpt lat="40.4441420" lon="-80.0040830">
    <ele>218.6</ele>
    <time>2026-09-27T19:30:20Z</time>
   </trkpt>
   <trkpt lat="40.4441290" lon="-80.0041410">
    <ele>218.6</ele>
    <time>2026-09-27T19:30:21Z</time>
   </trkpt>
   <trkpt lat="40.4441120" lon="-80.0042010">
    <ele>218.6</ele>
    <time>2026-09-27T19:30:22Z</time>
   </trkpt>
   <trkpt lat="40.4440960" lon="-80.0042540">
    <ele>218.6</ele>
    <time>2026-09-27T19:30:23Z</time>
   </trkpt>
   <trkpt lat="40.4440860" lon="-80.0043020">
    <ele>218.5</ele>
    <time>2026-09-27T19:30:24Z</time>
   </trkpt>
   <trkpt lat="40.4440850" lon="-80.0043020">
    <ele>218.5</ele>
    <time>2026-09-27T19:30:25Z</time>
   </trkpt>
   <trkpt lat="40.4440760" lon="-80.0043370">
    <ele>218.5</ele>
    <time>2026-09-27T19:30:26Z</time>
   </trkpt>
   <trkpt lat="40.4440610" lon="-80.0043890">
    <ele>218.5</ele>
    <time>2026-09-27T19:30:27Z</time>
   </trkpt>
   <trkpt lat="40.4440480" lon="-80.0044550">
    <ele>218.5</ele>
    <time>2026-09-27T19:30:28Z</time>
   </trkpt>
   <trkpt lat="40.4440310" lon="-80.0045140">
    <ele>218.5</ele>
    <time>2026-09-27T19:30:29Z</time>
   </trkpt>
   <trkpt lat="40.4440180" lon="-80.0045720">
    <ele>218.5</ele>
    <time>2026-09-27T19:30:30Z</time>
   </trkpt>
   <trkpt lat="40.4440040" lon="-80.0046360">
    <ele>218.5</ele>
    <time>2026-09-27T19:30:31Z</time>
   </trkpt>
   <trkpt lat="40.4439870" lon="-80.0046980">
    <ele>218.5</ele>
    <time>2026-09-27T19:30:32Z</time>
   </trkpt>
   <trkpt lat="40.4439730" lon="-80.0047550">
    <ele>218.5</ele>
    <time>2026-09-27T19:30:33Z</time>
   </trkpt>
   <trkpt lat="40.4439610" lon="-80.0048120">
    <ele>218.5</ele>
    <time>2026-09-27T19:30:34Z</time>
   </trkpt>
   <trkpt lat="40.4439560" lon="-80.0048370">
    <ele>218.5</ele>
    <time>2026-09-27T19:30:35Z</time>
   </trkpt>
   <trkpt lat="40.4439500" lon="-80.0048610">
    <ele>218.5</ele>
    <time>2026-09-27T19:30:36Z</time>
   </trkpt>
   <trkpt lat="40.4439360" lon="-80.0048970">
    <ele>218.5</ele>
    <time>2026-09-27T19:30:37Z</time>
   </trkpt>
   <trkpt lat="40.4439300" lon="-80.0049380">
    <ele>218.5</ele>
    <time>2026-09-27T19:30:38Z</time>
   </trkpt>
   <trkpt lat="40.4439120" lon="-80.0050570">
    <ele>218.5</ele>
    <time>2026-09-27T19:30:39Z</time>
   </trkpt>
   <trkpt lat="40.4438940" lon="-80.0051760">
    <ele>218.5</ele>
    <time>2026-09-27T19:30:40Z</time>
   </trkpt>
   <trkpt lat="40.4438740" lon="-80.0052380">
    <ele>218.5</ele>
    <time>2026-09-27T19:30:41Z</time>
   </trkpt>
   <trkpt lat="40.4438630" lon="-80.0053000">
    <ele>218.5</ele>
    <time>2026-09-27T19:30:42Z</time>
   </trkpt>
   <trkpt lat="40.4438460" lon="-80.0053640">
    <ele>218.5</ele>
    <time>2026-09-27T19:30:43Z</time>
   </trkpt>
   <trkpt lat="40.4438320" lon="-80.0054250">
    <ele>218.5</ele>
    <time>2026-09-27T19:30:44Z</time>
   </trkpt>
   <trkpt lat="40.4438190" lon="-80.0054870">
    <ele>218.6</ele>
    <time>2026-09-27T19:30:45Z</time>
   </trkpt>
   <trkpt lat="40.4438080" lon="-80.0055500">
    <ele>218.6</ele>
    <time>2026-09-27T19:30:46Z</time>
   </trkpt>
   <trkpt lat="40.4437970" lon="-80.0056140">
    <ele>218.6</ele>
    <time>2026-09-27T19:30:47Z</time>
   </trkpt>
   <trkpt lat="40.4437850" lon="-80.0056790">
    <ele>218.6</ele>
    <time>2026-09-27T19:30:49Z</time>
   </trkpt>
   <trkpt lat="40.4437760" lon="-80.0057450">
    <ele>218.6</ele>
    <time>2026-09-27T19:30:50Z</time>
   </trkpt>
   <trkpt lat="40.4437600" lon="-80.0058050">
    <ele>218.6</ele>
    <time>2026-09-27T19:30:51Z</time>
   </trkpt>
   <trkpt lat="40.4437420" lon="-80.0058680">
    <ele>218.6</ele>
    <time>2026-09-27T19:30:52Z</time>
   </trkpt>
   <trkpt lat="40.4437230" lon="-80.0059250">
    <ele>218.6</ele>
    <time>2026-09-27T19:30:53Z</time>
   </trkpt>
   <trkpt lat="40.4437040" lon="-80.0059870">
    <ele>218.6</ele>
    <time>2026-09-27T19:30:54Z</time>
   </trkpt>
   <trkpt lat="40.4436920" lon="-80.0060510">
    <ele>218.6</ele>
    <time>2026-09-27T19:30:55Z</time>
   </trkpt>
   <trkpt lat="40.4436780" lon="-80.0061160">
    <ele>218.6</ele>
    <time>2026-09-27T19:30:56Z</time>
   </trkpt>
   <trkpt lat="40.4436590" lon="-80.0061840">
    <ele>218.7</ele>
    <time>2026-09-27T19:30:57Z</time>
   </trkpt>
   <trkpt lat="40.4436290" lon="-80.0063110">
    <ele>218.7</ele>
    <time>2026-09-27T19:30:58Z</time>
   </trkpt>
   <trkpt lat="40.4436140" lon="-80.0063660">
    <ele>218.7</ele>
    <time>2026-09-27T19:30:59Z</time>
   </trkpt>
   <trkpt lat="40.4436000" lon="-80.0064250">
    <ele>218.7</ele>
    <time>2026-09-27T19:31:00Z</time>
   </trkpt>
   <trkpt lat="40.4435590" lon="-80.0064680">
    <ele>218.7</ele>
    <time>2026-09-27T19:31:01Z</time>
   </trkpt>
   <trkpt lat="40.4435720" lon="-80.0065190">
    <ele>218.6</ele>
    <time>2026-09-27T19:31:02Z</time>
   </trkpt>
   <trkpt lat="40.4435560" lon="-80.0065750">
    <ele>218.6</ele>
    <time>2026-09-27T19:31:03Z</time>
   </trkpt>
   <trkpt lat="40.4435370" lon="-80.0066410">
    <ele>218.6</ele>
    <time>2026-09-27T19:31:04Z</time>
   </trkpt>
   <trkpt lat="40.4435270" lon="-80.0067030">
    <ele>218.6</ele>
    <time>2026-09-27T19:31:05Z</time>
   </trkpt>
   <trkpt lat="40.4435110" lon="-80.0067580">
    <ele>218.6</ele>
    <time>2026-09-27T19:31:06Z</time>
   </trkpt>
   <trkpt lat="40.4434960" lon="-80.0068180">
    <ele>218.6</ele>
    <time>2026-09-27T19:31:07Z</time>
   </trkpt>
   <trkpt lat="40.4434850" lon="-80.0068800">
    <ele>218.6</ele>
    <time>2026-09-27T19:31:08Z</time>
   </trkpt>
   <trkpt lat="40.4434720" lon="-80.0069330">
    <ele>218.6</ele>
    <time>2026-09-27T19:31:09Z</time>
   </trkpt>
   <trkpt lat="40.4434640" lon="-80.0069890">
    <ele>218.6</ele>
    <time>2026-09-27T19:31:10Z</time>
   </trkpt>
   <trkpt lat="40.4434710" lon="-80.0069880">
    <ele>218.6</ele>
    <time>2026-09-27T19:31:11Z</time>
   </trkpt>
   <trkpt lat="40.4434580" lon="-80.0070230">
    <ele>218.6</ele>
    <time>2026-09-27T19:31:12Z</time>
   </trkpt>
   <trkpt lat="40.4434380" lon="-80.0070750">
    <ele>218.7</ele>
    <time>2026-09-27T19:31:13Z</time>
   </trkpt>
   <trkpt lat="40.4434370" lon="-80.0071110">
    <ele>218.7</ele>
    <time>2026-09-27T19:31:14Z</time>
   </trkpt>
   <trkpt lat="40.4434320" lon="-80.0071500">
    <ele>218.7</ele>
    <time>2026-09-27T19:31:15Z</time>
   </trkpt>
   <trkpt lat="40.4434080" lon="-80.0072870">
    <ele>218.7</ele>
    <time>2026-09-27T19:31:16Z</time>
   </trkpt>
   <trkpt lat="40.4433830" lon="-80.0074250">
    <ele>218.7</ele>
    <time>2026-09-27T19:31:17Z</time>
   </trkpt>
   <trkpt lat="40.4433490" lon="-80.0074730">
    <ele>218.8</ele>
    <time>2026-09-27T19:31:18Z</time>
   </trkpt>
   <trkpt lat="40.4433570" lon="-80.0075410">
    <ele>218.8</ele>
    <time>2026-09-27T19:31:19Z</time>
   </trkpt>
   <trkpt lat="40.4433370" lon="-80.0075970">
    <ele>218.8</ele>
    <time>2026-09-27T19:31:20Z</time>
   </trkpt>
   <trkpt lat="40.4433280" lon="-80.0076600">
    <ele>218.8</ele>
    <time>2026-09-27T19:31:21Z</time>
   </trkpt>
   <trkpt lat="40.4433150" lon="-80.0077180">
    <ele>218.8</ele>
    <time>2026-09-27T19:31:22Z</time>
   </trkpt>
   <trkpt lat="40.4433030" lon="-80.0077700">
    <ele>218.7</ele>
    <time>2026-09-27T19:31:23Z</time>
   </trkpt>
   <trkpt lat="40.4432840" lon="-80.0078240">
    <ele>218.7</ele>
    <time>2026-09-27T19:31:24Z</time>
   </trkpt>
   <trkpt lat="40.4432680" lon="-80.0078820">
    <ele>218.7</ele>
    <time>2026-09-27T19:31:25Z</time>
   </trkpt>
   <trkpt lat="40.4432580" lon="-80.0079430">
    <ele>218.7</ele>
    <time>2026-09-27T19:31:26Z</time>
   </trkpt>
   <trkpt lat="40.4432460" lon="-80.0080030">
    <ele>218.7</ele>
    <time>2026-09-27T19:31:27Z</time>
   </trkpt>
   <trkpt lat="40.4432350" lon="-80.0080640">
    <ele>218.6</ele>
    <time>2026-09-27T19:31:28Z</time>
   </trkpt>
   <trkpt lat="40.4432240" lon="-80.0081280">
    <ele>218.6</ele>
    <time>2026-09-27T19:31:29Z</time>
   </trkpt>
   <trkpt lat="40.4432150" lon="-80.0081880">
    <ele>218.6</ele>
    <time>2026-09-27T19:31:30Z</time>
   </trkpt>
   <trkpt lat="40.4431890" lon="-80.0082500">
    <ele>218.6</ele>
    <time>2026-09-27T19:31:31Z</time>
   </trkpt>
   <trkpt lat="40.4431760" lon="-80.0083170">
    <ele>218.6</ele>
    <time>2026-09-27T19:31:32Z</time>
   </trkpt>
   <trkpt lat="40.4431640" lon="-80.0083820">
    <ele>218.6</ele>
    <time>2026-09-27T19:31:33Z</time>
   </trkpt>
   <trkpt lat="40.4431580" lon="-80.0084440">
    <ele>218.5</ele>
    <time>2026-09-27T19:31:34Z</time>
   </trkpt>
   <trkpt lat="40.4431160" lon="-80.0084600">
    <ele>218.5</ele>
    <time>2026-09-27T19:31:35Z</time>
   </trkpt>
   <trkpt lat="40.4431030" lon="-80.0085100">
    <ele>218.5</ele>
    <time>2026-09-27T19:31:36Z</time>
   </trkpt>
   <trkpt lat="40.4430930" lon="-80.0085530">
    <ele>218.5</ele>
    <time>2026-09-27T19:31:37Z</time>
   </trkpt>
   <trkpt lat="40.4430830" lon="-80.0085940">
    <ele>218.5</ele>
    <time>2026-09-27T19:31:38Z</time>
   </trkpt>
   <trkpt lat="40.4431360" lon="-80.0085430">
    <ele>218.5</ele>
    <time>2026-09-27T19:31:39Z</time>
   </trkpt>
   <trkpt lat="40.4430360" lon="-80.0086420">
    <ele>218.4</ele>
    <time>2026-09-27T19:31:40Z</time>
   </trkpt>
   <trkpt lat="40.4430420" lon="-80.0087070">
    <ele>218.4</ele>
    <time>2026-09-27T19:31:41Z</time>
   </trkpt>
   <trkpt lat="40.4430390" lon="-80.0087360">
    <ele>218.4</ele>
    <time>2026-09-27T19:31:42Z</time>
   </trkpt>
   <trkpt lat="40.4430370" lon="-80.0087970">
    <ele>218.3</ele>
    <time>2026-09-27T19:31:43Z</time>
   </trkpt>
   <trkpt lat="40.4430300" lon="-80.0088440">
    <ele>218.3</ele>
    <time>2026-09-27T19:31:44Z</time>
   </trkpt>
   <trkpt lat="40.4429770" lon="-80.0089860">
    <ele>218.3</ele>
    <time>2026-09-27T19:31:45Z</time>
   </trkpt>
   <trkpt lat="40.4429550" lon="-80.0090390">
    <ele>218.3</ele>
    <time>2026-09-27T19:31:46Z</time>
   </trkpt>
   <trkpt lat="40.4429460" lon="-80.0091410">
    <ele>218.3</ele>
    <time>2026-09-27T19:31:47Z</time>
   </trkpt>
   <trkpt lat="40.4429350" lon="-80.0091690">
    <ele>218.3</ele>
    <time>2026-09-27T19:31:48Z</time>
   </trkpt>
   <trkpt lat="40.4429240" lon="-80.0092400">
    <ele>218.2</ele>
    <time>2026-09-27T19:31:49Z</time>
   </trkpt>
   <trkpt lat="40.4429150" lon="-80.0093460">
    <ele>218.2</ele>
    <time>2026-09-27T19:31:50Z</time>
   </trkpt>
   <trkpt lat="40.4428820" lon="-80.0094100">
    <ele>218.2</ele>
    <time>2026-09-27T19:31:51Z</time>
   </trkpt>
   <trkpt lat="40.4428830" lon="-80.0094620">
    <ele>218.1</ele>
    <time>2026-09-27T19:31:52Z</time>
   </trkpt>
   <trkpt lat="40.4428790" lon="-80.0095150">
    <ele>218.1</ele>
    <time>2026-09-27T19:31:53Z</time>
   </trkpt>
   <trkpt lat="40.4428670" lon="-80.0095630">
    <ele>218.1</ele>
    <time>2026-09-27T19:31:54Z</time>
   </trkpt>
   <trkpt lat="40.4428570" lon="-80.0096090">
    <ele>218.1</ele>
    <time>2026-09-27T19:31:55Z</time>
   </trkpt>
   <trkpt lat="40.4428510" lon="-80.0096530">
    <ele>218.1</ele>
    <time>2026-09-27T19:31:56Z</time>
   </trkpt>
   <trkpt lat="40.4428410" lon="-80.0096980">
    <ele>218.1</ele>
    <time>2026-09-27T19:31:57Z</time>
   </trkpt>
   <trkpt lat="40.4428370" lon="-80.0097450">
    <ele>218.1</ele>
    <time>2026-09-27T19:31:58Z</time>
   </trkpt>
   <trkpt lat="40.4428270" lon="-80.0097790">
    <ele>218.1</ele>
    <time>2026-09-27T19:31:59Z</time>
   </trkpt>
   <trkpt lat="40.4428130" lon="-80.0098160">
    <ele>218.0</ele>
    <time>2026-09-27T19:32:00Z</time>
   </trkpt>
   <trkpt lat="40.4428120" lon="-80.0098560">
    <ele>218.0</ele>
    <time>2026-09-27T19:32:01Z</time>
   </trkpt>
   <trkpt lat="40.4428010" lon="-80.0099030">
    <ele>218.0</ele>
    <time>2026-09-27T19:32:02Z</time>
   </trkpt>
   <trkpt lat="40.4427890" lon="-80.0099440">
    <ele>218.0</ele>
    <time>2026-09-27T19:32:03Z</time>
   </trkpt>
   <trkpt lat="40.4427840" lon="-80.0099960">
    <ele>218.0</ele>
    <time>2026-09-27T19:32:04Z</time>
   </trkpt>
   <trkpt lat="40.4427790" lon="-80.0100390">
    <ele>217.9</ele>
    <time>2026-09-27T19:32:05Z</time>
   </trkpt>
   <trkpt lat="40.4427730" lon="-80.0100880">
    <ele>217.9</ele>
    <time>2026-09-27T19:32:06Z</time>
   </trkpt>
   <trkpt lat="40.4427620" lon="-80.0101360">
    <ele>217.9</ele>
    <time>2026-09-27T19:32:07Z</time>
   </trkpt>
   <trkpt lat="40.4427500" lon="-80.0101880">
    <ele>217.9</ele>
    <time>2026-09-27T19:32:08Z</time>
   </trkpt>
   <trkpt lat="40.4427420" lon="-80.0102370">
    <ele>217.9</ele>
    <time>2026-09-27T19:32:09Z</time>
   </trkpt>
   <trkpt lat="40.4427330" lon="-80.0102820">
    <ele>217.9</ele>
    <time>2026-09-27T19:32:10Z</time>
   </trkpt>
   <trkpt lat="40.4427250" lon="-80.0103310">
    <ele>217.9</ele>
    <time>2026-09-27T19:32:11Z</time>
   </trkpt>
   <trkpt lat="40.4427140" lon="-80.0103780">
    <ele>217.9</ele>
    <time>2026-09-27T19:32:12Z</time>
   </trkpt>
   <trkpt lat="40.4427060" lon="-80.0104310">
    <ele>217.9</ele>
    <time>2026-09-27T19:32:13Z</time>
   </trkpt>
   <trkpt lat="40.4426980" lon="-80.0104800">
    <ele>217.9</ele>
    <time>2026-09-27T19:32:14Z</time>
   </trkpt>
   <trkpt lat="40.4426850" lon="-80.0105280">
    <ele>217.9</ele>
    <time>2026-09-27T19:32:15Z</time>
   </trkpt>
   <trkpt lat="40.4426770" lon="-80.0105790">
    <ele>217.9</ele>
    <time>2026-09-27T19:32:16Z</time>
   </trkpt>
   <trkpt lat="40.4426660" lon="-80.0106320">
    <ele>217.9</ele>
    <time>2026-09-27T19:32:17Z</time>
   </trkpt>
   <trkpt lat="40.4426510" lon="-80.0106840">
    <ele>217.8</ele>
    <time>2026-09-27T19:32:18Z</time>
   </trkpt>
   <trkpt lat="40.4426380" lon="-80.0107380">
    <ele>217.8</ele>
    <time>2026-09-27T19:32:19Z</time>
   </trkpt>
   <trkpt lat="40.4426280" lon="-80.0107920">
    <ele>217.8</ele>
    <time>2026-09-27T19:32:20Z</time>
   </trkpt>
   <trkpt lat="40.4426190" lon="-80.0108420">
    <ele>217.8</ele>
    <time>2026-09-27T19:32:21Z</time>
   </trkpt>
   <trkpt lat="40.4426110" lon="-80.0109000">
    <ele>217.8</ele>
    <time>2026-09-27T19:32:22Z</time>
   </trkpt>
   <trkpt lat="40.4425970" lon="-80.0109550">
    <ele>217.8</ele>
    <time>2026-09-27T19:32:23Z</time>
   </trkpt>
   <trkpt lat="40.4425860" lon="-80.0110050">
    <ele>217.8</ele>
    <time>2026-09-27T19:32:24Z</time>
   </trkpt>
   <trkpt lat="40.4425750" lon="-80.0110580">
    <ele>217.8</ele>
    <time>2026-09-27T19:32:25Z</time>
   </trkpt>
   <trkpt lat="40.4425640" lon="-80.0111060">
    <ele>217.8</ele>
    <time>2026-09-27T19:32:26Z</time>
   </trkpt>
   <trkpt lat="40.4425620" lon="-80.0111100">
    <ele>217.8</ele>
    <time>2026-09-27T19:32:27Z</time>
   </trkpt>
   <trkpt lat="40.4425540" lon="-80.0111490">
    <ele>217.8</ele>
    <time>2026-09-27T19:32:28Z</time>
   </trkpt>
   <trkpt lat="40.4425450" lon="-80.0111860">
    <ele>217.8</ele>
    <time>2026-09-27T19:32:29Z</time>
   </trkpt>
   <trkpt lat="40.4425240" lon="-80.0112850">
    <ele>217.8</ele>
    <time>2026-09-27T19:32:30Z</time>
   </trkpt>
   <trkpt lat="40.4425170" lon="-80.0113320">
    <ele>217.8</ele>
    <time>2026-09-27T19:32:31Z</time>
   </trkpt>
   <trkpt lat="40.4425100" lon="-80.0113790">
    <ele>217.7</ele>
    <time>2026-09-27T19:32:32Z</time>
   </trkpt>
   <trkpt lat="40.4424990" lon="-80.0114360">
    <ele>217.7</ele>
    <time>2026-09-27T19:32:33Z</time>
   </trkpt>
   <trkpt lat="40.4424870" lon="-80.0114930">
    <ele>217.7</ele>
    <time>2026-09-27T19:32:34Z</time>
   </trkpt>
   <trkpt lat="40.4424590" lon="-80.0115830">
    <ele>217.7</ele>
    <time>2026-09-27T19:32:35Z</time>
   </trkpt>
   <trkpt lat="40.4424460" lon="-80.0116360">
    <ele>217.7</ele>
    <time>2026-09-27T19:32:36Z</time>
   </trkpt>
   <trkpt lat="40.4424340" lon="-80.0116900">
    <ele>217.7</ele>
    <time>2026-09-27T19:32:37Z</time>
   </trkpt>
   <trkpt lat="40.4424230" lon="-80.0117440">
    <ele>217.7</ele>
    <time>2026-09-27T19:32:38Z</time>
   </trkpt>
   <trkpt lat="40.4424120" lon="-80.0117990">
    <ele>217.7</ele>
    <time>2026-09-27T19:32:39Z</time>
   </trkpt>
   <trkpt lat="40.4424000" lon="-80.0118520">
    <ele>217.6</ele>
    <time>2026-09-27T19:32:40Z</time>
   </trkpt>
   <trkpt lat="40.4423890" lon="-80.0119060">
    <ele>217.6</ele>
    <time>2026-09-27T19:32:41Z</time>
   </trkpt>
   <trkpt lat="40.4423800" lon="-80.0119590">
    <ele>217.6</ele>
    <time>2026-09-27T19:32:42Z</time>
   </trkpt>
   <trkpt lat="40.4423700" lon="-80.0120080">
    <ele>217.6</ele>
    <time>2026-09-27T19:32:43Z</time>
   </trkpt>
   <trkpt lat="40.4423600" lon="-80.0120540">
    <ele>217.6</ele>
    <time>2026-09-27T19:32:44Z</time>
   </trkpt>
   <trkpt lat="40.4423510" lon="-80.0121000">
    <ele>217.6</ele>
    <time>2026-09-27T19:32:45Z</time>
   </trkpt>
   <trkpt lat="40.4423420" lon="-80.0121480">
    <ele>217.6</ele>
    <time>2026-09-27T19:32:46Z</time>
   </trkpt>
   <trkpt lat="40.4423320" lon="-80.0121950">
    <ele>217.6</ele>
    <time>2026-09-27T19:32:48Z</time>
   </trkpt>
   <trkpt lat="40.4423230" lon="-80.0122410">
    <ele>217.6</ele>
    <time>2026-09-27T19:32:49Z</time>
   </trkpt>
   <trkpt lat="40.4423120" lon="-80.0122870">
    <ele>217.6</ele>
    <time>2026-09-27T19:32:50Z</time>
   </trkpt>
   <trkpt lat="40.4423020" lon="-80.0123300">
    <ele>217.6</ele>
    <time>2026-09-27T19:32:51Z</time>
   </trkpt>
   <trkpt lat="40.4422910" lon="-80.0123750">
    <ele>217.6</ele>
    <time>2026-09-27T19:32:52Z</time>
   </trkpt>
   <trkpt lat="40.4422800" lon="-80.0124190">
    <ele>217.6</ele>
    <time>2026-09-27T19:32:53Z</time>
   </trkpt>
   <trkpt lat="40.4422690" lon="-80.0124620">
    <ele>217.6</ele>
    <time>2026-09-27T19:32:54Z</time>
   </trkpt>
   <trkpt lat="40.4422550" lon="-80.0125020">
    <ele>217.6</ele>
    <time>2026-09-27T19:32:55Z</time>
   </trkpt>
   <trkpt lat="40.4422460" lon="-80.0125370">
    <ele>217.6</ele>
    <time>2026-09-27T19:32:56Z</time>
   </trkpt>
   <trkpt lat="40.4422320" lon="-80.0125830">
    <ele>217.6</ele>
    <time>2026-09-27T19:32:57Z</time>
   </trkpt>
   <trkpt lat="40.4422300" lon="-80.0126320">
    <ele>217.6</ele>
    <time>2026-09-27T19:32:58Z</time>
   </trkpt>
   <trkpt lat="40.4422250" lon="-80.0126760">
    <ele>217.6</ele>
    <time>2026-09-27T19:32:59Z</time>
   </trkpt>
   <trkpt lat="40.4422120" lon="-80.0127180">
    <ele>217.6</ele>
    <time>2026-09-27T19:33:00Z</time>
   </trkpt>
   <trkpt lat="40.4421980" lon="-80.0127640">
    <ele>217.5</ele>
    <time>2026-09-27T19:33:01Z</time>
   </trkpt>
   <trkpt lat="40.4421880" lon="-80.0128060">
    <ele>217.5</ele>
    <time>2026-09-27T19:33:02Z</time>
   </trkpt>
   <trkpt lat="40.4421790" lon="-80.0128500">
    <ele>217.5</ele>
    <time>2026-09-27T19:33:03Z</time>
   </trkpt>
   <trkpt lat="40.4421690" lon="-80.0128930">
    <ele>217.5</ele>
    <time>2026-09-27T19:33:04Z</time>
   </trkpt>
   <trkpt lat="40.4421600" lon="-80.0129370">
    <ele>217.5</ele>
    <time>2026-09-27T19:33:05Z</time>
   </trkpt>
   <trkpt lat="40.4421430" lon="-80.0129760">
    <ele>217.4</ele>
    <time>2026-09-27T19:33:06Z</time>
   </trkpt>
   <trkpt lat="40.4421240" lon="-80.0130100">
    <ele>217.4</ele>
    <time>2026-09-27T19:33:07Z</time>
   </trkpt>
   <trkpt lat="40.4420910" lon="-80.0130670">
    <ele>217.4</ele>
    <time>2026-09-27T19:33:08Z</time>
   </trkpt>
   <trkpt lat="40.4420770" lon="-80.0130870">
    <ele>217.4</ele>
    <time>2026-09-27T19:33:09Z</time>
   </trkpt>
   <trkpt lat="40.4420650" lon="-80.0131030">
    <ele>217.4</ele>
    <time>2026-09-27T19:33:10Z</time>
   </trkpt>
   <trkpt lat="40.4420480" lon="-80.0131230">
    <ele>217.4</ele>
    <time>2026-09-27T19:33:11Z</time>
   </trkpt>
   <trkpt lat="40.4420340" lon="-80.0131360">
    <ele>217.4</ele>
    <time>2026-09-27T19:33:12Z</time>
   </trkpt>
   <trkpt lat="40.4420180" lon="-80.0131560">
    <ele>217.4</ele>
    <time>2026-09-27T19:33:13Z</time>
   </trkpt>
   <trkpt lat="40.4419990" lon="-80.0131770">
    <ele>217.4</ele>
    <time>2026-09-27T19:33:14Z</time>
   </trkpt>
   <trkpt lat="40.4419770" lon="-80.0132030">
    <ele>217.4</ele>
    <time>2026-09-27T19:33:15Z</time>
   </trkpt>
   <trkpt lat="40.4419540" lon="-80.0132170">
    <ele>217.4</ele>
    <time>2026-09-27T19:33:16Z</time>
   </trkpt>
   <trkpt lat="40.4419340" lon="-80.0132210">
    <ele>217.4</ele>
    <time>2026-09-27T19:33:17Z</time>
   </trkpt>
   <trkpt lat="40.4419140" lon="-80.0132300">
    <ele>217.4</ele>
    <time>2026-09-27T19:33:18Z</time>
   </trkpt>
   <trkpt lat="40.4418950" lon="-80.0132450">
    <ele>217.4</ele>
    <time>2026-09-27T19:33:19Z</time>
   </trkpt>
   <trkpt lat="40.4418760" lon="-80.0132540">
    <ele>217.4</ele>
    <time>2026-09-27T19:33:20Z</time>
   </trkpt>
   <trkpt lat="40.4418470" lon="-80.0132620">
    <ele>217.4</ele>
    <time>2026-09-27T19:33:21Z</time>
   </trkpt>
   <trkpt lat="40.4418250" lon="-80.0132590">
    <ele>217.4</ele>
    <time>2026-09-27T19:33:22Z</time>
   </trkpt>
   <trkpt lat="40.4418030" lon="-80.0132560">
    <ele>217.4</ele>
    <time>2026-09-27T19:33:23Z</time>
   </trkpt>
   <trkpt lat="40.4417850" lon="-80.0132480">
    <ele>217.4</ele>
    <time>2026-09-27T19:33:24Z</time>
   </trkpt>
   <trkpt lat="40.4417710" lon="-80.0132450">
    <ele>217.4</ele>
    <time>2026-09-27T19:33:25Z</time>
   </trkpt>
   <trkpt lat="40.4417650" lon="-80.0132400">
    <ele>217.4</ele>
    <time>2026-09-27T19:33:26Z</time>
   </trkpt>
   <trkpt lat="40.4417700" lon="-80.0132340">
    <ele>217.4</ele>
    <time>2026-09-27T19:33:27Z</time>
   </trkpt>
   <trkpt lat="40.4417780" lon="-80.0132310">
    <ele>217.4</ele>
    <time>2026-09-27T19:33:28Z</time>
   </trkpt>
   <trkpt lat="40.4417760" lon="-80.0132270">
    <ele>217.3</ele>
    <time>2026-09-27T19:33:29Z</time>
   </trkpt>
   <trkpt lat="40.4417790" lon="-80.0132130">
    <ele>217.3</ele>
    <time>2026-09-27T19:33:30Z</time>
   </trkpt>
   <trkpt lat="40.4417830" lon="-80.0132070">
    <ele>217.3</ele>
    <time>2026-09-27T19:33:31Z</time>
   </trkpt>
   <trkpt lat="40.4417840" lon="-80.0131990">
    <ele>217.3</ele>
    <time>2026-09-27T19:33:32Z</time>
   </trkpt>
   <trkpt lat="40.4417900" lon="-80.0131830">
    <ele>217.3</ele>
    <time>2026-09-27T19:33:33Z</time>
   </trkpt>
   <trkpt lat="40.4417980" lon="-80.0131690">
    <ele>217.3</ele>
    <time>2026-09-27T19:33:34Z</time>
   </trkpt>
   <trkpt lat="40.4418050" lon="-80.0131620">
    <ele>217.3</ele>
    <time>2026-09-27T19:33:35Z</time>
   </trkpt>
   <trkpt lat="40.4418130" lon="-80.0131480">
    <ele>217.3</ele>
    <time>2026-09-27T19:33:36Z</time>
   </trkpt>
   <trkpt lat="40.4418230" lon="-80.0131360">
    <ele>217.3</ele>
    <time>2026-09-27T19:33:37Z</time>
   </trkpt>
   <trkpt lat="40.4418280" lon="-80.0131260">
    <ele>217.3</ele>
    <time>2026-09-27T19:33:38Z</time>
   </trkpt>
   <trkpt lat="40.4418290" lon="-80.0131270">
    <ele>217.3</ele>
    <time>2026-09-27T19:33:39Z</time>
   </trkpt>
   <trkpt lat="40.4418290" lon="-80.0131310">
    <ele>217.3</ele>
    <time>2026-09-27T19:33:40Z</time>
   </trkpt>
   <trkpt lat="40.4418280" lon="-80.0131330">
    <ele>217.3</ele>
    <time>2026-09-27T19:33:41Z</time>
   </trkpt>
   <trkpt lat="40.4418270" lon="-80.0131310">
    <ele>217.3</ele>
    <time>2026-09-27T19:33:42Z</time>
   </trkpt>
   <trkpt lat="40.4418310" lon="-80.0131420">
    <ele>217.3</ele>
    <time>2026-09-27T19:33:43Z</time>
   </trkpt>
   <trkpt lat="40.4418310" lon="-80.0131290">
    <ele>217.3</ele>
    <time>2026-09-27T19:33:44Z</time>
   </trkpt>
   <trkpt lat="40.4418350" lon="-80.0131260">
    <ele>217.3</ele>
    <time>2026-09-27T19:33:45Z</time>
   </trkpt>
   <trkpt lat="40.4418340" lon="-80.0131360">
    <ele>217.3</ele>
    <time>2026-09-27T19:33:46Z</time>
   </trkpt>
   <trkpt lat="40.4418360" lon="-80.0131440">
    <ele>217.3</ele>
    <time>2026-09-27T19:33:47Z</time>
   </trkpt>
   <trkpt lat="40.4418340" lon="-80.0131490">
    <ele>217.3</ele>
    <time>2026-09-27T19:33:48Z</time>
   </trkpt>
   <trkpt lat="40.4417690" lon="-80.0131530">
    <ele>217.3</ele>
    <time>2026-09-27T19:35:27Z</time>
   </trkpt>
   <trkpt lat="40.4417390" lon="-80.0131410">
    <ele>217.3</ele>
    <time>2026-09-27T19:35:28Z</time>
   </trkpt>
   <trkpt lat="40.4417100" lon="-80.0131260">
    <ele>217.3</ele>
    <time>2026-09-27T19:35:29Z</time>
   </trkpt>
   <trkpt lat="40.4416760" lon="-80.0131080">
    <ele>217.3</ele>
    <time>2026-09-27T19:35:30Z</time>
   </trkpt>
   <trkpt lat="40.4416510" lon="-80.0130860">
    <ele>217.3</ele>
    <time>2026-09-27T19:35:31Z</time>
   </trkpt>
   <trkpt lat="40.4416320" lon="-80.0130600">
    <ele>217.3</ele>
    <time>2026-09-27T19:35:32Z</time>
   </trkpt>
   <trkpt lat="40.4416150" lon="-80.0130310">
    <ele>217.3</ele>
    <time>2026-09-27T19:35:33Z</time>
   </trkpt>
   <trkpt lat="40.4415970" lon="-80.0130020">
    <ele>217.3</ele>
    <time>2026-09-27T19:35:34Z</time>
   </trkpt>
   <trkpt lat="40.4415780" lon="-80.0129750">
    <ele>217.3</ele>
    <time>2026-09-27T19:35:35Z</time>
   </trkpt>
   <trkpt lat="40.4415580" lon="-80.0129550">
    <ele>217.3</ele>
    <time>2026-09-27T19:35:36Z</time>
   </trkpt>
   <trkpt lat="40.4415370" lon="-80.0129520">
    <ele>217.3</ele>
    <time>2026-09-27T19:35:37Z</time>
   </trkpt>
   <trkpt lat="40.4415220" lon="-80.0129570">
    <ele>217.3</ele>
    <time>2026-09-27T19:35:38Z</time>
   </trkpt>
   <trkpt lat="40.4415000" lon="-80.0129580">
    <ele>217.3</ele>
    <time>2026-09-27T19:35:39Z</time>
   </trkpt>
   <trkpt lat="40.4414700" lon="-80.0129490">
    <ele>217.3</ele>
    <time>2026-09-27T19:35:40Z</time>
   </trkpt>
   <trkpt lat="40.4414480" lon="-80.0129250">
    <ele>217.3</ele>
    <time>2026-09-27T19:35:41Z</time>
   </trkpt>
   <trkpt lat="40.4414290" lon="-80.0128900">
    <ele>217.3</ele>
    <time>2026-09-27T19:35:42Z</time>
   </trkpt>
   <trkpt lat="40.4414100" lon="-80.0128520">
    <ele>217.3</ele>
    <time>2026-09-27T19:35:43Z</time>
   </trkpt>
   <trkpt lat="40.4413900" lon="-80.0128080">
    <ele>217.3</ele>
    <time>2026-09-27T19:35:44Z</time>
   </trkpt>
   <trkpt lat="40.4413620" lon="-80.0127700">
    <ele>217.3</ele>
    <time>2026-09-27T19:35:45Z</time>
   </trkpt>
   <trkpt lat="40.4413360" lon="-80.0127320">
    <ele>217.3</ele>
    <time>2026-09-27T19:35:46Z</time>
   </trkpt>
   <trkpt lat="40.4413200" lon="-80.0126930">
    <ele>217.3</ele>
    <time>2026-09-27T19:35:47Z</time>
   </trkpt>
   <trkpt lat="40.4413030" lon="-80.0126550">
    <ele>217.3</ele>
    <time>2026-09-27T19:35:48Z</time>
   </trkpt>
   <trkpt lat="40.4412870" lon="-80.0126190">
    <ele>217.3</ele>
    <time>2026-09-27T19:35:49Z</time>
   </trkpt>
   <trkpt lat="40.4412680" lon="-80.0125830">
    <ele>217.3</ele>
    <time>2026-09-27T19:35:50Z</time>
   </trkpt>
   <trkpt lat="40.4412480" lon="-80.0125400">
    <ele>217.3</ele>
    <time>2026-09-27T19:35:51Z</time>
   </trkpt>
   <trkpt lat="40.4412270" lon="-80.0124950">
    <ele>217.3</ele>
    <time>2026-09-27T19:35:52Z</time>
   </trkpt>
   <trkpt lat="40.4412040" lon="-80.0124490">
    <ele>217.3</ele>
    <time>2026-09-27T19:35:53Z</time>
   </trkpt>
   <trkpt lat="40.4411810" lon="-80.0124030">
    <ele>217.3</ele>
    <time>2026-09-27T19:35:54Z</time>
   </trkpt>
   <trkpt lat="40.4411540" lon="-80.0123570">
    <ele>217.3</ele>
    <time>2026-09-27T19:35:55Z</time>
   </trkpt>
   <trkpt lat="40.4411290" lon="-80.0123080">
    <ele>217.3</ele>
    <time>2026-09-27T19:35:56Z</time>
   </trkpt>
   <trkpt lat="40.4411050" lon="-80.0122590">
    <ele>217.3</ele>
    <time>2026-09-27T19:35:57Z</time>
   </trkpt>
   <trkpt lat="40.4411020" lon="-80.0122410">
    <ele>217.3</ele>
    <time>2026-09-27T19:35:58Z</time>
   </trkpt>
   <trkpt lat="40.4410750" lon="-80.0122050">
    <ele>217.3</ele>
    <time>2026-09-27T19:35:59Z</time>
   </trkpt>
   <trkpt lat="40.4410630" lon="-80.0121750">
    <ele>217.3</ele>
    <time>2026-09-27T19:36:00Z</time>
   </trkpt>
   <trkpt lat="40.4410220" lon="-80.0120920">
    <ele>217.3</ele>
    <time>2026-09-27T19:36:01Z</time>
   </trkpt>
   <trkpt lat="40.4409950" lon="-80.0120250">
    <ele>217.3</ele>
    <time>2026-09-27T19:36:02Z</time>
   </trkpt>
   <trkpt lat="40.4409510" lon="-80.0119310">
    <ele>217.3</ele>
    <time>2026-09-27T19:36:03Z</time>
   </trkpt>
   <trkpt lat="40.4409230" lon="-80.0118750">
    <ele>217.3</ele>
    <time>2026-09-27T19:36:04Z</time>
   </trkpt>
   <trkpt lat="40.4408990" lon="-80.0118220">
    <ele>217.3</ele>
    <time>2026-09-27T19:36:05Z</time>
   </trkpt>
   <trkpt lat="40.4408720" lon="-80.0117650">
    <ele>217.3</ele>
    <time>2026-09-27T19:36:06Z</time>
   </trkpt>
   <trkpt lat="40.4408430" lon="-80.0117100">
    <ele>217.3</ele>
    <time>2026-09-27T19:36:07Z</time>
   </trkpt>
   <trkpt lat="40.4408180" lon="-80.0116490">
    <ele>217.4</ele>
    <time>2026-09-27T19:36:08Z</time>
   </trkpt>
   <trkpt lat="40.4407970" lon="-80.0115930">
    <ele>217.4</ele>
    <time>2026-09-27T19:36:09Z</time>
   </trkpt>
   <trkpt lat="40.4407700" lon="-80.0115360">
    <ele>217.4</ele>
    <time>2026-09-27T19:36:10Z</time>
   </trkpt>
   <trkpt lat="40.4407380" lon="-80.0114870">
    <ele>217.4</ele>
    <time>2026-09-27T19:36:11Z</time>
   </trkpt>
   <trkpt lat="40.4407070" lon="-80.0114290">
    <ele>217.4</ele>
    <time>2026-09-27T19:36:12Z</time>
   </trkpt>
   <trkpt lat="40.4406790" lon="-80.0113680">
    <ele>217.4</ele>
    <time>2026-09-27T19:36:13Z</time>
   </trkpt>
   <trkpt lat="40.4406490" lon="-80.0113090">
    <ele>217.5</ele>
    <time>2026-09-27T19:36:14Z</time>
   </trkpt>
   <trkpt lat="40.4406240" lon="-80.0112520">
    <ele>217.5</ele>
    <time>2026-09-27T19:36:15Z</time>
   </trkpt>
   <trkpt lat="40.4405990" lon="-80.0111930">
    <ele>217.5</ele>
    <time>2026-09-27T19:36:16Z</time>
   </trkpt>
   <trkpt lat="40.4405670" lon="-80.0111370">
    <ele>217.5</ele>
    <time>2026-09-27T19:36:17Z</time>
   </trkpt>
   <trkpt lat="40.4405360" lon="-80.0110880">
    <ele>217.5</ele>
    <time>2026-09-27T19:36:18Z</time>
   </trkpt>
   <trkpt lat="40.4405060" lon="-80.0110260">
    <ele>217.5</ele>
    <time>2026-09-27T19:36:19Z</time>
   </trkpt>
   <trkpt lat="40.4404820" lon="-80.0109660">
    <ele>217.5</ele>
    <time>2026-09-27T19:36:20Z</time>
   </trkpt>
   <trkpt lat="40.4404530" lon="-80.0109040">
    <ele>217.5</ele>
    <time>2026-09-27T19:36:21Z</time>
   </trkpt>
   <trkpt lat="40.4404220" lon="-80.0108500">
    <ele>217.5</ele>
    <time>2026-09-27T19:36:22Z</time>
   </trkpt>
   <trkpt lat="40.4403750" lon="-80.0107940">
    <ele>217.5</ele>
    <time>2026-09-27T19:36:23Z</time>
   </trkpt>
   <trkpt lat="40.4403450" lon="-80.0107380">
    <ele>217.5</ele>
    <time>2026-09-27T19:36:24Z</time>
   </trkpt>
   <trkpt lat="40.4403140" lon="-80.0106810">
    <ele>217.6</ele>
    <time>2026-09-27T19:36:25Z</time>
   </trkpt>
   <trkpt lat="40.4402840" lon="-80.0106230">
    <ele>217.6</ele>
    <time>2026-09-27T19:36:26Z</time>
   </trkpt>
   <trkpt lat="40.4402530" lon="-80.0105630">
    <ele>217.6</ele>
    <time>2026-09-27T19:36:27Z</time>
   </trkpt>
   <trkpt lat="40.4402240" lon="-80.0105040">
    <ele>217.6</ele>
    <time>2026-09-27T19:36:28Z</time>
   </trkpt>
   <trkpt lat="40.4401950" lon="-80.0104430">
    <ele>217.7</ele>
    <time>2026-09-27T19:36:29Z</time>
   </trkpt>
   <trkpt lat="40.4401700" lon="-80.0103810">
    <ele>217.7</ele>
    <time>2026-09-27T19:36:30Z</time>
   </trkpt>
   <trkpt lat="40.4401400" lon="-80.0103220">
    <ele>217.7</ele>
    <time>2026-09-27T19:36:31Z</time>
   </trkpt>
   <trkpt lat="40.4401090" lon="-80.0102600">
    <ele>217.8</ele>
    <time>2026-09-27T19:36:32Z</time>
   </trkpt>
   <trkpt lat="40.4400830" lon="-80.0102050">
    <ele>217.8</ele>
    <time>2026-09-27T19:36:33Z</time>
   </trkpt>
   <trkpt lat="40.4400530" lon="-80.0101450">
    <ele>217.9</ele>
    <time>2026-09-27T19:36:34Z</time>
   </trkpt>
   <trkpt lat="40.4400260" lon="-80.0100830">
    <ele>217.9</ele>
    <time>2026-09-27T19:36:35Z</time>
   </trkpt>
   <trkpt lat="40.4399960" lon="-80.0100220">
    <ele>218.0</ele>
    <time>2026-09-27T19:36:36Z</time>
   </trkpt>
   <trkpt lat="40.4399690" lon="-80.0099580">
    <ele>218.1</ele>
    <time>2026-09-27T19:36:37Z</time>
   </trkpt>
   <trkpt lat="40.4399390" lon="-80.0098980">
    <ele>218.3</ele>
    <time>2026-09-27T19:36:38Z</time>
   </trkpt>
   <trkpt lat="40.4399070" lon="-80.0098370">
    <ele>218.5</ele>
    <time>2026-09-27T19:36:39Z</time>
   </trkpt>
   <trkpt lat="40.4398820" lon="-80.0097780">
    <ele>218.7</ele>
    <time>2026-09-27T19:36:40Z</time>
   </trkpt>
   <trkpt lat="40.4398510" lon="-80.0097160">
    <ele>218.9</ele>
    <time>2026-09-27T19:36:41Z</time>
   </trkpt>
   <trkpt lat="40.4398150" lon="-80.0096580">
    <ele>219.1</ele>
    <time>2026-09-27T19:36:42Z</time>
   </trkpt>
   <trkpt lat="40.4397860" lon="-80.0095990">
    <ele>219.4</ele>
    <time>2026-09-27T19:36:43Z</time>
   </trkpt>
   <trkpt lat="40.4397520" lon="-80.0095520">
    <ele>219.5</ele>
    <time>2026-09-27T19:36:44Z</time>
   </trkpt>
   <trkpt lat="40.4397180" lon="-80.0095050">
    <ele>219.6</ele>
    <time>2026-09-27T19:36:45Z</time>
   </trkpt>
   <trkpt lat="40.4396720" lon="-80.0094430">
    <ele>219.8</ele>
    <time>2026-09-27T19:36:46Z</time>
   </trkpt>
   <trkpt lat="40.4396850" lon="-80.0094520">
    <ele>219.9</ele>
    <time>2026-09-27T19:36:47Z</time>
   </trkpt>
   <trkpt lat="40.4396640" lon="-80.0094120">
    <ele>220.0</ele>
    <time>2026-09-27T19:36:48Z</time>
   </trkpt>
   <trkpt lat="40.4396540" lon="-80.0093740">
    <ele>220.2</ele>
    <time>2026-09-27T19:36:49Z</time>
   </trkpt>
   <trkpt lat="40.4396140" lon="-80.0092870">
    <ele>220.6</ele>
    <time>2026-09-27T19:36:50Z</time>
   </trkpt>
   <trkpt lat="40.4395800" lon="-80.0092820">
    <ele>220.8</ele>
    <time>2026-09-27T19:36:51Z</time>
   </trkpt>
   <trkpt lat="40.4395460" lon="-80.0092090">
    <ele>221.1</ele>
    <time>2026-09-27T19:36:52Z</time>
   </trkpt>
   <trkpt lat="40.4395470" lon="-80.0091950">
    <ele>221.1</ele>
    <time>2026-09-27T19:36:53Z</time>
   </trkpt>
   <trkpt lat="40.4395310" lon="-80.0091730">
    <ele>221.2</ele>
    <time>2026-09-27T19:36:54Z</time>
   </trkpt>
   <trkpt lat="40.4395080" lon="-80.0091480">
    <ele>221.3</ele>
    <time>2026-09-27T19:36:55Z</time>
   </trkpt>
   <trkpt lat="40.4394960" lon="-80.0091140">
    <ele>221.4</ele>
    <time>2026-09-27T19:36:56Z</time>
   </trkpt>
   <trkpt lat="40.4394770" lon="-80.0090720">
    <ele>221.6</ele>
    <time>2026-09-27T19:36:57Z</time>
   </trkpt>
   <trkpt lat="40.4394220" lon="-80.0090320">
    <ele>221.7</ele>
    <time>2026-09-27T19:36:58Z</time>
   </trkpt>
   <trkpt lat="40.4394140" lon="-80.0089740">
    <ele>221.8</ele>
    <time>2026-09-27T19:36:59Z</time>
   </trkpt>
   <trkpt lat="40.4393660" lon="-80.0088610">
    <ele>222.0</ele>
    <time>2026-09-27T19:37:00Z</time>
   </trkpt>
   <trkpt lat="40.4393610" lon="-80.0088320">
    <ele>222.1</ele>
    <time>2026-09-27T19:37:01Z</time>
   </trkpt>
   <trkpt lat="40.4393290" lon="-80.0087270">
    <ele>222.2</ele>
    <time>2026-09-27T19:37:02Z</time>
   </trkpt>
   <trkpt lat="40.4393080" lon="-80.0086870">
    <ele>222.2</ele>
    <time>2026-09-27T19:37:03Z</time>
   </trkpt>
   <trkpt lat="40.4392880" lon="-80.0086470">
    <ele>222.3</ele>
    <time>2026-09-27T19:37:04Z</time>
   </trkpt>
   <trkpt lat="40.4392720" lon="-80.0086150">
    <ele>222.3</ele>
    <time>2026-09-27T19:37:05Z</time>
   </trkpt>
   <trkpt lat="40.4392440" lon="-80.0085250">
    <ele>222.4</ele>
    <time>2026-09-27T19:37:06Z</time>
   </trkpt>
   <trkpt lat="40.4392230" lon="-80.0085030">
    <ele>222.5</ele>
    <time>2026-09-27T19:37:07Z</time>
   </trkpt>
   <trkpt lat="40.4392170" lon="-80.0084170">
    <ele>222.5</ele>
    <time>2026-09-27T19:37:08Z</time>
   </trkpt>
   <trkpt lat="40.4392320" lon="-80.0083970">
    <ele>222.5</ele>
    <time>2026-09-27T19:37:09Z</time>
   </trkpt>
   <trkpt lat="40.4392100" lon="-80.0083340">
    <ele>222.4</ele>
    <time>2026-09-27T19:37:10Z</time>
   </trkpt>
   <trkpt lat="40.4392110" lon="-80.0082630">
    <ele>222.3</ele>
    <time>2026-09-27T19:37:11Z</time>
   </trkpt>
   <trkpt lat="40.4392120" lon="-80.0081920">
    <ele>222.0</ele>
    <time>2026-09-27T19:37:12Z</time>
   </trkpt>
   <trkpt lat="40.4392290" lon="-80.0081850">
    <ele>221.9</ele>
    <time>2026-09-27T19:37:13Z</time>
   </trkpt>
   <trkpt lat="40.4392200" lon="-80.0081560">
    <ele>221.8</ele>
    <time>2026-09-27T19:37:14Z</time>
   </trkpt>
   <trkpt lat="40.4390620" lon="-80.0078730">
    <ele>219.9</ele>
    <time>2026-09-27T19:37:15Z</time>
   </trkpt>
   <trkpt lat="40.4390270" lon="-80.0077880">
    <ele>219.4</ele>
    <time>2026-09-27T19:37:16Z</time>
   </trkpt>
   <trkpt lat="40.4390010" lon="-80.0077000">
    <ele>219.0</ele>
    <time>2026-09-27T19:37:17Z</time>
   </trkpt>
   <trkpt lat="40.4389260" lon="-80.0076150">
    <ele>218.5</ele>
    <time>2026-09-27T19:37:18Z</time>
   </trkpt>
   <trkpt lat="40.4388550" lon="-80.0075510">
    <ele>218.2</ele>
    <time>2026-09-27T19:37:19Z</time>
   </trkpt>
   <trkpt lat="40.4387880" lon="-80.0074720">
    <ele>218.1</ele>
    <time>2026-09-27T19:37:20Z</time>
   </trkpt>
   <trkpt lat="40.4387550" lon="-80.0073600">
    <ele>218.0</ele>
    <time>2026-09-27T19:37:21Z</time>
   </trkpt>
   <trkpt lat="40.4386980" lon="-80.0072840">
    <ele>217.9</ele>
    <time>2026-09-27T19:37:22Z</time>
   </trkpt>
   <trkpt lat="40.4386330" lon="-80.0072120">
    <ele>217.9</ele>
    <time>2026-09-27T19:37:23Z</time>
   </trkpt>
   <trkpt lat="40.4386000" lon="-80.0071130">
    <ele>218.0</ele>
    <time>2026-09-27T19:37:24Z</time>
   </trkpt>
   <trkpt lat="40.4385670" lon="-80.0070190">
    <ele>218.0</ele>
    <time>2026-09-27T19:37:25Z</time>
   </trkpt>
   <trkpt lat="40.4385240" lon="-80.0069390">
    <ele>218.0</ele>
    <time>2026-09-27T19:37:26Z</time>
   </trkpt>
   <trkpt lat="40.4384870" lon="-80.0068550">
    <ele>218.0</ele>
    <time>2026-09-27T19:37:27Z</time>
   </trkpt>
   <trkpt lat="40.4384450" lon="-80.0067780">
    <ele>218.0</ele>
    <time>2026-09-27T19:37:28Z</time>
   </trkpt>
   <trkpt lat="40.4384110" lon="-80.0067010">
    <ele>218.0</ele>
    <time>2026-09-27T19:37:29Z</time>
   </trkpt>
   <trkpt lat="40.4383780" lon="-80.0066220">
    <ele>218.0</ele>
    <time>2026-09-27T19:37:30Z</time>
   </trkpt>
   <trkpt lat="40.4383430" lon="-80.0065490">
    <ele>218.0</ele>
    <time>2026-09-27T19:37:31Z</time>
   </trkpt>
   <trkpt lat="40.4383130" lon="-80.0064790">
    <ele>218.0</ele>
    <time>2026-09-27T19:37:32Z</time>
   </trkpt>
   <trkpt lat="40.4382770" lon="-80.0064030">
    <ele>218.0</ele>
    <time>2026-09-27T19:37:33Z</time>
   </trkpt>
   <trkpt lat="40.4382440" lon="-80.0063310">
    <ele>217.9</ele>
    <time>2026-09-27T19:37:34Z</time>
   </trkpt>
   <trkpt lat="40.4382140" lon="-80.0062570">
    <ele>217.9</ele>
    <time>2026-09-27T19:37:35Z</time>
   </trkpt>
   <trkpt lat="40.4381800" lon="-80.0061860">
    <ele>217.9</ele>
    <time>2026-09-27T19:37:36Z</time>
   </trkpt>
   <trkpt lat="40.4381540" lon="-80.0061270">
    <ele>217.9</ele>
    <time>2026-09-27T19:37:37Z</time>
   </trkpt>
   <trkpt lat="40.4381310" lon="-80.0060520">
    <ele>217.9</ele>
    <time>2026-09-27T19:37:38Z</time>
   </trkpt>
   <trkpt lat="40.4381010" lon="-80.0059790">
    <ele>217.8</ele>
    <time>2026-09-27T19:37:39Z</time>
   </trkpt>
   <trkpt lat="40.4380660" lon="-80.0059190">
    <ele>217.8</ele>
    <time>2026-09-27T19:37:40Z</time>
   </trkpt>
   <trkpt lat="40.4380350" lon="-80.0058540">
    <ele>217.8</ele>
    <time>2026-09-27T19:37:41Z</time>
   </trkpt>
   <trkpt lat="40.4380100" lon="-80.0057910">
    <ele>217.8</ele>
    <time>2026-09-27T19:37:42Z</time>
   </trkpt>
   <trkpt lat="40.4379920" lon="-80.0057210">
    <ele>217.8</ele>
    <time>2026-09-27T19:37:43Z</time>
   </trkpt>
   <trkpt lat="40.4379660" lon="-80.0056540">
    <ele>217.8</ele>
    <time>2026-09-27T19:37:44Z</time>
   </trkpt>
   <trkpt lat="40.4379380" lon="-80.0055890">
    <ele>217.8</ele>
    <time>2026-09-27T19:37:45Z</time>
   </trkpt>
   <trkpt lat="40.4379110" lon="-80.0055280">
    <ele>217.8</ele>
    <time>2026-09-27T19:37:46Z</time>
   </trkpt>
   <trkpt lat="40.4378800" lon="-80.0054680">
    <ele>217.8</ele>
    <time>2026-09-27T19:37:47Z</time>
   </trkpt>
   <trkpt lat="40.4378550" lon="-80.0054050">
    <ele>217.8</ele>
    <time>2026-09-27T19:37:48Z</time>
   </trkpt>
   <trkpt lat="40.4378360" lon="-80.0053380">
    <ele>217.8</ele>
    <time>2026-09-27T19:37:49Z</time>
   </trkpt>
   <trkpt lat="40.4378100" lon="-80.0052800">
    <ele>217.8</ele>
    <time>2026-09-27T19:37:50Z</time>
   </trkpt>
   <trkpt lat="40.4377870" lon="-80.0052240">
    <ele>217.8</ele>
    <time>2026-09-27T19:37:51Z</time>
   </trkpt>
   <trkpt lat="40.4377660" lon="-80.0051640">
    <ele>217.8</ele>
    <time>2026-09-27T19:37:52Z</time>
   </trkpt>
   <trkpt lat="40.4377440" lon="-80.0051070">
    <ele>217.8</ele>
    <time>2026-09-27T19:37:53Z</time>
   </trkpt>
   <trkpt lat="40.4377190" lon="-80.0050540">
    <ele>217.8</ele>
    <time>2026-09-27T19:37:54Z</time>
   </trkpt>
   <trkpt lat="40.4376950" lon="-80.0050020">
    <ele>217.8</ele>
    <time>2026-09-27T19:37:55Z</time>
   </trkpt>
   <trkpt lat="40.4376770" lon="-80.0049490">
    <ele>217.7</ele>
    <time>2026-09-27T19:37:56Z</time>
   </trkpt>
   <trkpt lat="40.4376610" lon="-80.0048930">
    <ele>217.7</ele>
    <time>2026-09-27T19:37:57Z</time>
   </trkpt>
   <trkpt lat="40.4376410" lon="-80.0048360">
    <ele>217.7</ele>
    <time>2026-09-27T19:37:58Z</time>
   </trkpt>
   <trkpt lat="40.4376150" lon="-80.0047800">
    <ele>217.7</ele>
    <time>2026-09-27T19:37:59Z</time>
   </trkpt>
   <trkpt lat="40.4375890" lon="-80.0047170">
    <ele>217.7</ele>
    <time>2026-09-27T19:38:00Z</time>
   </trkpt>
   <trkpt lat="40.4375670" lon="-80.0046540">
    <ele>217.7</ele>
    <time>2026-09-27T19:38:01Z</time>
   </trkpt>
   <trkpt lat="40.4375430" lon="-80.0045940">
    <ele>217.7</ele>
    <time>2026-09-27T19:38:02Z</time>
   </trkpt>
   <trkpt lat="40.4375160" lon="-80.0045330">
    <ele>217.7</ele>
    <time>2026-09-27T19:38:03Z</time>
   </trkpt>
   <trkpt lat="40.4374920" lon="-80.0044710">
    <ele>217.7</ele>
    <time>2026-09-27T19:38:04Z</time>
   </trkpt>
   <trkpt lat="40.4374690" lon="-80.0044100">
    <ele>217.7</ele>
    <time>2026-09-27T19:38:05Z</time>
   </trkpt>
   <trkpt lat="40.4374470" lon="-80.0043450">
    <ele>217.7</ele>
    <time>2026-09-27T19:38:06Z</time>
   </trkpt>
   <trkpt lat="40.4374220" lon="-80.0042880">
    <ele>217.7</ele>
    <time>2026-09-27T19:38:07Z</time>
   </trkpt>
   <trkpt lat="40.4373930" lon="-80.0042260">
    <ele>217.7</ele>
    <time>2026-09-27T19:38:08Z</time>
   </trkpt>
   <trkpt lat="40.4373720" lon="-80.0041630">
    <ele>217.7</ele>
    <time>2026-09-27T19:38:09Z</time>
   </trkpt>
   <trkpt lat="40.4373540" lon="-80.0040990">
    <ele>217.7</ele>
    <time>2026-09-27T19:38:10Z</time>
   </trkpt>
   <trkpt lat="40.4373370" lon="-80.0040400">
    <ele>217.7</ele>
    <time>2026-09-27T19:38:11Z</time>
   </trkpt>
   <trkpt lat="40.4373130" lon="-80.0039780">
    <ele>217.7</ele>
    <time>2026-09-27T19:38:12Z</time>
   </trkpt>
   <trkpt lat="40.4372880" lon="-80.0039220">
    <ele>217.7</ele>
    <time>2026-09-27T19:38:13Z</time>
   </trkpt>
   <trkpt lat="40.4372660" lon="-80.0038650">
    <ele>217.7</ele>
    <time>2026-09-27T19:38:14Z</time>
   </trkpt>
   <trkpt lat="40.4372470" lon="-80.0038070">
    <ele>217.7</ele>
    <time>2026-09-27T19:38:15Z</time>
   </trkpt>
   <trkpt lat="40.4372260" lon="-80.0037500">
    <ele>217.7</ele>
    <time>2026-09-27T19:38:16Z</time>
   </trkpt>
   <trkpt lat="40.4372050" lon="-80.0036930">
    <ele>217.7</ele>
    <time>2026-09-27T19:38:17Z</time>
   </trkpt>
   <trkpt lat="40.4371800" lon="-80.0036370">
    <ele>217.7</ele>
    <time>2026-09-27T19:38:18Z</time>
   </trkpt>
   <trkpt lat="40.4371560" lon="-80.0035780">
    <ele>217.7</ele>
    <time>2026-09-27T19:38:19Z</time>
   </trkpt>
   <trkpt lat="40.4371320" lon="-80.0035230">
    <ele>217.8</ele>
    <time>2026-09-27T19:38:20Z</time>
   </trkpt>
   <trkpt lat="40.4371090" lon="-80.0034630">
    <ele>217.8</ele>
    <time>2026-09-27T19:38:21Z</time>
   </trkpt>
   <trkpt lat="40.4370850" lon="-80.0034000">
    <ele>217.8</ele>
    <time>2026-09-27T19:38:22Z</time>
   </trkpt>
   <trkpt lat="40.4370650" lon="-80.0033350">
    <ele>217.7</ele>
    <time>2026-09-27T19:38:23Z</time>
   </trkpt>
   <trkpt lat="40.4370450" lon="-80.0032720">
    <ele>217.7</ele>
    <time>2026-09-27T19:38:24Z</time>
   </trkpt>
   <trkpt lat="40.4370220" lon="-80.0032090">
    <ele>217.7</ele>
    <time>2026-09-27T19:38:25Z</time>
   </trkpt>
   <trkpt lat="40.4369980" lon="-80.0031480">
    <ele>217.7</ele>
    <time>2026-09-27T19:38:26Z</time>
   </trkpt>
   <trkpt lat="40.4369730" lon="-80.0030850">
    <ele>217.7</ele>
    <time>2026-09-27T19:38:27Z</time>
   </trkpt>
   <trkpt lat="40.4369490" lon="-80.0030220">
    <ele>217.7</ele>
    <time>2026-09-27T19:38:28Z</time>
   </trkpt>
   <trkpt lat="40.4369240" lon="-80.0029560">
    <ele>217.7</ele>
    <time>2026-09-27T19:38:29Z</time>
   </trkpt>
   <trkpt lat="40.4368980" lon="-80.0028880">
    <ele>217.7</ele>
    <time>2026-09-27T19:38:30Z</time>
   </trkpt>
   <trkpt lat="40.4368720" lon="-80.0028250">
    <ele>217.7</ele>
    <time>2026-09-27T19:38:31Z</time>
   </trkpt>
   <trkpt lat="40.4368460" lon="-80.0027650">
    <ele>217.7</ele>
    <time>2026-09-27T19:38:32Z</time>
   </trkpt>
   <trkpt lat="40.4368250" lon="-80.0027050">
    <ele>217.7</ele>
    <time>2026-09-27T19:38:33Z</time>
   </trkpt>
   <trkpt lat="40.4368090" lon="-80.0026610">
    <ele>217.7</ele>
    <time>2026-09-27T19:38:34Z</time>
   </trkpt>
   <trkpt lat="40.4367930" lon="-80.0026180">
    <ele>217.7</ele>
    <time>2026-09-27T19:38:35Z</time>
   </trkpt>
   <trkpt lat="40.4367560" lon="-80.0025230">
    <ele>217.7</ele>
    <time>2026-09-27T19:38:36Z</time>
   </trkpt>
   <trkpt lat="40.4367360" lon="-80.0024680">
    <ele>217.7</ele>
    <time>2026-09-27T19:38:37Z</time>
   </trkpt>
   <trkpt lat="40.4367140" lon="-80.0024160">
    <ele>217.7</ele>
    <time>2026-09-27T19:38:38Z</time>
   </trkpt>
   <trkpt lat="40.4366960" lon="-80.0023560">
    <ele>217.8</ele>
    <time>2026-09-27T19:38:39Z</time>
   </trkpt>
   <trkpt lat="40.4366750" lon="-80.0023000">
    <ele>217.8</ele>
    <time>2026-09-27T19:38:40Z</time>
   </trkpt>
   <trkpt lat="40.4366520" lon="-80.0022460">
    <ele>217.8</ele>
    <time>2026-09-27T19:38:41Z</time>
   </trkpt>
   <trkpt lat="40.4366280" lon="-80.0021950">
    <ele>217.8</ele>
    <time>2026-09-27T19:38:42Z</time>
   </trkpt>
   <trkpt lat="40.4366070" lon="-80.0021400">
    <ele>217.8</ele>
    <time>2026-09-27T19:38:43Z</time>
   </trkpt>
   <trkpt lat="40.4365840" lon="-80.0020920">
    <ele>217.8</ele>
    <time>2026-09-27T19:38:44Z</time>
   </trkpt>
   <trkpt lat="40.4365660" lon="-80.0020360">
    <ele>217.8</ele>
    <time>2026-09-27T19:38:45Z</time>
   </trkpt>
   <trkpt lat="40.4365530" lon="-80.0019870">
    <ele>217.8</ele>
    <time>2026-09-27T19:38:46Z</time>
   </trkpt>
   <trkpt lat="40.4365400" lon="-80.0019300">
    <ele>217.8</ele>
    <time>2026-09-27T19:38:47Z</time>
   </trkpt>
   <trkpt lat="40.4365270" lon="-80.0018790">
    <ele>217.8</ele>
    <time>2026-09-27T19:38:48Z</time>
   </trkpt>
   <trkpt lat="40.4365130" lon="-80.0018320">
    <ele>217.8</ele>
    <time>2026-09-27T19:38:49Z</time>
   </trkpt>
   <trkpt lat="40.4364990" lon="-80.0017810">
    <ele>217.8</ele>
    <time>2026-09-27T19:38:50Z</time>
   </trkpt>
   <trkpt lat="40.4364770" lon="-80.0017360">
    <ele>217.9</ele>
    <time>2026-09-27T19:38:51Z</time>
   </trkpt>
   <trkpt lat="40.4364510" lon="-80.0016880">
    <ele>217.9</ele>
    <time>2026-09-27T19:38:52Z</time>
   </trkpt>
   <trkpt lat="40.4364230" lon="-80.0016480">
    <ele>217.9</ele>
    <time>2026-09-27T19:38:53Z</time>
   </trkpt>
   <trkpt lat="40.4363990" lon="-80.0015990">
    <ele>218.0</ele>
    <time>2026-09-27T19:38:54Z</time>
   </trkpt>
   <trkpt lat="40.4363890" lon="-80.0015470">
    <ele>218.1</ele>
    <time>2026-09-27T19:38:55Z</time>
   </trkpt>
   <trkpt lat="40.4363790" lon="-80.0015110">
    <ele>218.2</ele>
    <time>2026-09-27T19:38:56Z</time>
   </trkpt>
   <trkpt lat="40.4363670" lon="-80.0014780">
    <ele>218.2</ele>
    <time>2026-09-27T19:38:57Z</time>
   </trkpt>
   <trkpt lat="40.4363530" lon="-80.0014400">
    <ele>218.2</ele>
    <time>2026-09-27T19:38:58Z</time>
   </trkpt>
   <trkpt lat="40.4363430" lon="-80.0014010">
    <ele>218.3</ele>
    <time>2026-09-27T19:38:59Z</time>
   </trkpt>
   <trkpt lat="40.4363270" lon="-80.0013630">
    <ele>218.3</ele>
    <time>2026-09-27T19:39:00Z</time>
   </trkpt>
   <trkpt lat="40.4363120" lon="-80.0013250">
    <ele>218.4</ele>
    <time>2026-09-27T19:39:01Z</time>
   </trkpt>
   <trkpt lat="40.4362910" lon="-80.0012850">
    <ele>218.7</ele>
    <time>2026-09-27T19:39:02Z</time>
   </trkpt>
   <trkpt lat="40.4362690" lon="-80.0012460">
    <ele>218.9</ele>
    <time>2026-09-27T19:39:03Z</time>
   </trkpt>
   <trkpt lat="40.4362540" lon="-80.0012100">
    <ele>219.2</ele>
    <time>2026-09-27T19:39:04Z</time>
   </trkpt>
   <trkpt lat="40.4362550" lon="-80.0011870">
    <ele>219.3</ele>
    <time>2026-09-27T19:39:06Z</time>
   </trkpt>
   <trkpt lat="40.4362450" lon="-80.0011620">
    <ele>219.4</ele>
    <time>2026-09-27T19:39:07Z</time>
   </trkpt>
   <trkpt lat="40.4362330" lon="-80.0011410">
    <ele>219.5</ele>
    <time>2026-09-27T19:39:08Z</time>
   </trkpt>
   <trkpt lat="40.4362050" lon="-80.0011190">
    <ele>219.7</ele>
    <time>2026-09-27T19:39:09Z</time>
   </trkpt>
   <trkpt lat="40.4362190" lon="-80.0010410">
    <ele>220.1</ele>
    <time>2026-09-27T19:39:10Z</time>
   </trkpt>
   <trkpt lat="40.4361840" lon="-80.0010200">
    <ele>220.4</ele>
    <time>2026-09-27T19:39:11Z</time>
   </trkpt>
   <trkpt lat="40.4361660" lon="-80.0009880">
    <ele>220.6</ele>
    <time>2026-09-27T19:39:12Z</time>
   </trkpt>
   <trkpt lat="40.4361460" lon="-80.0009460">
    <ele>220.9</ele>
    <time>2026-09-27T19:39:13Z</time>
   </trkpt>
   <trkpt lat="40.4361200" lon="-80.0009150">
    <ele>221.1</ele>
    <time>2026-09-27T19:39:14Z</time>
   </trkpt>
   <trkpt lat="40.4360910" lon="-80.0008820">
    <ele>221.4</ele>
    <time>2026-09-27T19:39:15Z</time>
   </trkpt>
   <trkpt lat="40.4360730" lon="-80.0008440">
    <ele>221.7</ele>
    <time>2026-09-27T19:39:16Z</time>
   </trkpt>
   <trkpt lat="40.4360540" lon="-80.0008120">
    <ele>221.9</ele>
    <time>2026-09-27T19:39:17Z</time>
   </trkpt>
   <trkpt lat="40.4360310" lon="-80.0007790">
    <ele>222.2</ele>
    <time>2026-09-27T19:39:18Z</time>
   </trkpt>
   <trkpt lat="40.4360140" lon="-80.0007490">
    <ele>222.4</ele>
    <time>2026-09-27T19:39:19Z</time>
   </trkpt>
   <trkpt lat="40.4359990" lon="-80.0007120">
    <ele>222.7</ele>
    <time>2026-09-27T19:39:20Z</time>
   </trkpt>
   <trkpt lat="40.4359840" lon="-80.0006730">
    <ele>223.0</ele>
    <time>2026-09-27T19:39:21Z</time>
   </trkpt>
   <trkpt lat="40.4359700" lon="-80.0006300">
    <ele>223.3</ele>
    <time>2026-09-27T19:39:22Z</time>
   </trkpt>
   <trkpt lat="40.4359540" lon="-80.0005950">
    <ele>223.6</ele>
    <time>2026-09-27T19:39:23Z</time>
   </trkpt>
   <trkpt lat="40.4359330" lon="-80.0005680">
    <ele>223.8</ele>
    <time>2026-09-27T19:39:24Z</time>
   </trkpt>
   <trkpt lat="40.4359220" lon="-80.0005300">
    <ele>224.0</ele>
    <time>2026-09-27T19:39:25Z</time>
   </trkpt>
   <trkpt lat="40.4359100" lon="-80.0004920">
    <ele>224.3</ele>
    <time>2026-09-27T19:39:26Z</time>
   </trkpt>
   <trkpt lat="40.4359030" lon="-80.0004670">
    <ele>224.4</ele>
    <time>2026-09-27T19:39:27Z</time>
   </trkpt>
   <trkpt lat="40.4359080" lon="-80.0004350">
    <ele>224.6</ele>
    <time>2026-09-27T19:39:28Z</time>
   </trkpt>
   <trkpt lat="40.4359300" lon="-80.0004200">
    <ele>224.7</ele>
    <time>2026-09-27T19:39:29Z</time>
   </trkpt>
   <trkpt lat="40.4359470" lon="-80.0004360">
    <ele>224.8</ele>
    <time>2026-09-27T19:39:30Z</time>
   </trkpt>
   <trkpt lat="40.4359500" lon="-80.0004640">
    <ele>224.9</ele>
    <time>2026-09-27T19:39:31Z</time>
   </trkpt>
   <trkpt lat="40.4359530" lon="-80.0004840">
    <ele>225.0</ele>
    <time>2026-09-27T19:39:32Z</time>
   </trkpt>
   <trkpt lat="40.4359610" lon="-80.0005030">
    <ele>225.1</ele>
    <time>2026-09-27T19:39:33Z</time>
   </trkpt>
   <trkpt lat="40.4359720" lon="-80.0005190">
    <ele>225.2</ele>
    <time>2026-09-27T19:39:34Z</time>
   </trkpt>
   <trkpt lat="40.4359870" lon="-80.0005410">
    <ele>225.3</ele>
    <time>2026-09-27T19:39:35Z</time>
   </trkpt>
   <trkpt lat="40.4360060" lon="-80.0006050">
    <ele>225.5</ele>
    <time>2026-09-27T19:39:36Z</time>
   </trkpt>
   <trkpt lat="40.4360110" lon="-80.0006170">
    <ele>225.6</ele>
    <time>2026-09-27T19:39:37Z</time>
   </trkpt>
   <trkpt lat="40.4360250" lon="-80.0006510">
    <ele>225.8</ele>
    <time>2026-09-27T19:39:38Z</time>
   </trkpt>
   <trkpt lat="40.4360290" lon="-80.0006630">
    <ele>225.8</ele>
    <time>2026-09-27T19:39:39Z</time>
   </trkpt>
   <trkpt lat="40.4360490" lon="-80.0007030">
    <ele>226.0</ele>
    <time>2026-09-27T19:39:40Z</time>
   </trkpt>
   <trkpt lat="40.4360550" lon="-80.0007140">
    <ele>226.1</ele>
    <time>2026-09-27T19:39:41Z</time>
   </trkpt>
   <trkpt lat="40.4360670" lon="-80.0007320">
    <ele>226.2</ele>
    <time>2026-09-27T19:39:42Z</time>
   </trkpt>
   <trkpt lat="40.4360770" lon="-80.0007490">
    <ele>226.3</ele>
    <time>2026-09-27T19:39:43Z</time>
   </trkpt>
   <trkpt lat="40.4360870" lon="-80.0007740">
    <ele>226.5</ele>
    <time>2026-09-27T19:39:44Z</time>
   </trkpt>
   <trkpt lat="40.4361040" lon="-80.0007990">
    <ele>226.7</ele>
    <time>2026-09-27T19:39:45Z</time>
   </trkpt>
   <trkpt lat="40.4361230" lon="-80.0008210">
    <ele>226.8</ele>
    <time>2026-09-27T19:39:46Z</time>
   </trkpt>
   <trkpt lat="40.4361360" lon="-80.0008540">
    <ele>227.1</ele>
    <time>2026-09-27T19:39:47Z</time>
   </trkpt>
   <trkpt lat="40.4361510" lon="-80.0008720">
    <ele>227.2</ele>
    <time>2026-09-27T19:39:48Z</time>
   </trkpt>
   <trkpt lat="40.4361640" lon="-80.0009120">
    <ele>227.5</ele>
    <time>2026-09-27T19:39:49Z</time>
   </trkpt>
   <trkpt lat="40.4361800" lon="-80.0009340">
    <ele>227.6</ele>
    <time>2026-09-27T19:39:50Z</time>
   </trkpt>
   <trkpt lat="40.4361970" lon="-80.0009660">
    <ele>227.9</ele>
    <time>2026-09-27T19:39:51Z</time>
   </trkpt>
   <trkpt lat="40.4362140" lon="-80.0009920">
    <ele>228.0</ele>
    <time>2026-09-27T19:39:52Z</time>
   </trkpt>
   <trkpt lat="40.4362200" lon="-80.0010090">
    <ele>228.2</ele>
    <time>2026-09-27T19:39:53Z</time>
   </trkpt>
   <trkpt lat="40.4362260" lon="-80.0010280">
    <ele>228.3</ele>
    <time>2026-09-27T19:39:54Z</time>
   </trkpt>
   <trkpt lat="40.4362420" lon="-80.0010450">
    <ele>228.3</ele>
    <time>2026-09-27T19:39:55Z</time>
   </trkpt>
   <trkpt lat="40.4362640" lon="-80.0010320">
    <ele>228.3</ele>
    <time>2026-09-27T19:39:56Z</time>
   </trkpt>
   <trkpt lat="40.4362930" lon="-80.0010220">
    <ele>228.3</ele>
    <time>2026-09-27T19:39:57Z</time>
   </trkpt>
   <trkpt lat="40.4363210" lon="-80.0009950">
    <ele>228.3</ele>
    <time>2026-09-27T19:39:58Z</time>
   </trkpt>
   <trkpt lat="40.4363380" lon="-80.0009560">
    <ele>228.2</ele>
    <time>2026-09-27T19:39:59Z</time>
   </trkpt>
   <trkpt lat="40.4363460" lon="-80.0009080">
    <ele>228.2</ele>
    <time>2026-09-27T19:40:00Z</time>
   </trkpt>
   <trkpt lat="40.4363540" lon="-80.0008720">
    <ele>228.2</ele>
    <time>2026-09-27T19:40:01Z</time>
   </trkpt>
   <trkpt lat="40.4363520" lon="-80.0008340">
    <ele>228.2</ele>
    <time>2026-09-27T19:40:02Z</time>
   </trkpt>
   <trkpt lat="40.4363420" lon="-80.0008010">
    <ele>228.1</ele>
    <time>2026-09-27T19:40:03Z</time>
   </trkpt>
   <trkpt lat="40.4363370" lon="-80.0007680">
    <ele>228.1</ele>
    <time>2026-09-27T19:40:04Z</time>
   </trkpt>
   <trkpt lat="40.4363240" lon="-80.0007390">
    <ele>228.1</ele>
    <time>2026-09-27T19:40:05Z</time>
   </trkpt>
   <trkpt lat="40.4363150" lon="-80.0007090">
    <ele>228.1</ele>
    <time>2026-09-27T19:40:06Z</time>
   </trkpt>
   <trkpt lat="40.4363050" lon="-80.0006830">
    <ele>228.1</ele>
    <time>2026-09-27T19:40:07Z</time>
   </trkpt>
   <trkpt lat="40.4362920" lon="-80.0006520">
    <ele>228.0</ele>
    <time>2026-09-27T19:40:08Z</time>
   </trkpt>
   <trkpt lat="40.4362780" lon="-80.0006300">
    <ele>228.0</ele>
    <time>2026-09-27T19:40:09Z</time>
   </trkpt>
   <trkpt lat="40.4362670" lon="-80.0005970">
    <ele>228.0</ele>
    <time>2026-09-27T19:40:10Z</time>
   </trkpt>
   <trkpt lat="40.4362500" lon="-80.0005540">
    <ele>227.9</ele>
    <time>2026-09-27T19:40:11Z</time>
   </trkpt>
   <trkpt lat="40.4362290" lon="-80.0005070">
    <ele>227.9</ele>
    <time>2026-09-27T19:40:12Z</time>
   </trkpt>
   <trkpt lat="40.4362120" lon="-80.0004600">
    <ele>227.9</ele>
    <time>2026-09-27T19:40:13Z</time>
   </trkpt>
   <trkpt lat="40.4361960" lon="-80.0004170">
    <ele>227.8</ele>
    <time>2026-09-27T19:40:14Z</time>
   </trkpt>
   <trkpt lat="40.4361780" lon="-80.0003660">
    <ele>227.8</ele>
    <time>2026-09-27T19:40:15Z</time>
   </trkpt>
   <trkpt lat="40.4361610" lon="-80.0003320">
    <ele>227.8</ele>
    <time>2026-09-27T19:40:16Z</time>
   </trkpt>
   <trkpt lat="40.4361450" lon="-80.0003120">
    <ele>227.7</ele>
    <time>2026-09-27T19:40:17Z</time>
   </trkpt>
   <trkpt lat="40.4361330" lon="-80.0002830">
    <ele>227.7</ele>
    <time>2026-09-27T19:40:18Z</time>
   </trkpt>
   <trkpt lat="40.4361050" lon="-80.0002230">
    <ele>227.7</ele>
    <time>2026-09-27T19:40:19Z</time>
   </trkpt>
   <trkpt lat="40.4360880" lon="-80.0001840">
    <ele>227.7</ele>
    <time>2026-09-27T19:40:20Z</time>
   </trkpt>
   <trkpt lat="40.4360770" lon="-80.0001440">
    <ele>227.7</ele>
    <time>2026-09-27T19:40:21Z</time>
   </trkpt>
   <trkpt lat="40.4360610" lon="-80.0001050">
    <ele>227.7</ele>
    <time>2026-09-27T19:40:22Z</time>
   </trkpt>
   <trkpt lat="40.4360430" lon="-80.0000650">
    <ele>227.7</ele>
    <time>2026-09-27T19:40:23Z</time>
   </trkpt>
   <trkpt lat="40.4360250" lon="-80.0000230">
    <ele>227.7</ele>
    <time>2026-09-27T19:40:24Z</time>
   </trkpt>
   <trkpt lat="40.4360110" lon="-79.9999800">
    <ele>227.7</ele>
    <time>2026-09-27T19:40:25Z</time>
   </trkpt>
   <trkpt lat="40.4359940" lon="-79.9999420">
    <ele>227.7</ele>
    <time>2026-09-27T19:40:26Z</time>
   </trkpt>
   <trkpt lat="40.4359740" lon="-79.9999050">
    <ele>227.6</ele>
    <time>2026-09-27T19:40:27Z</time>
   </trkpt>
   <trkpt lat="40.4359570" lon="-79.9998680">
    <ele>227.6</ele>
    <time>2026-09-27T19:40:28Z</time>
   </trkpt>
   <trkpt lat="40.4359410" lon="-79.9998230">
    <ele>227.6</ele>
    <time>2026-09-27T19:40:29Z</time>
   </trkpt>
   <trkpt lat="40.4359260" lon="-79.9997780">
    <ele>227.6</ele>
    <time>2026-09-27T19:40:30Z</time>
   </trkpt>
   <trkpt lat="40.4359160" lon="-79.9997450">
    <ele>227.6</ele>
    <time>2026-09-27T19:40:31Z</time>
   </trkpt>
   <trkpt lat="40.4359080" lon="-79.9997150">
    <ele>227.6</ele>
    <time>2026-09-27T19:40:32Z</time>
   </trkpt>
   <trkpt lat="40.4359010" lon="-79.9996670">
    <ele>227.6</ele>
    <time>2026-09-27T19:40:33Z</time>
   </trkpt>
   <trkpt lat="40.4358940" lon="-79.9996210">
    <ele>227.6</ele>
    <time>2026-09-27T19:40:34Z</time>
   </trkpt>
   <trkpt lat="40.4358880" lon="-79.9995840">
    <ele>227.6</ele>
    <time>2026-09-27T19:40:35Z</time>
   </trkpt>
   <trkpt lat="40.4358890" lon="-79.9995470">
    <ele>227.6</ele>
    <time>2026-09-27T19:40:36Z</time>
   </trkpt>
   <trkpt lat="40.4358920" lon="-79.9995140">
    <ele>227.6</ele>
    <time>2026-09-27T19:40:37Z</time>
   </trkpt>
   <trkpt lat="40.4358910" lon="-79.9994790">
    <ele>227.6</ele>
    <time>2026-09-27T19:40:38Z</time>
   </trkpt>
   <trkpt lat="40.4358900" lon="-79.9994420">
    <ele>227.6</ele>
    <time>2026-09-27T19:40:39Z</time>
   </trkpt>
   <trkpt lat="40.4358900" lon="-79.9994150">
    <ele>227.7</ele>
    <time>2026-09-27T19:40:40Z</time>
   </trkpt>
   <trkpt lat="40.4358900" lon="-79.9993810">
    <ele>227.7</ele>
    <time>2026-09-27T19:40:41Z</time>
   </trkpt>
   <trkpt lat="40.4358950" lon="-79.9993490">
    <ele>227.7</ele>
    <time>2026-09-27T19:40:42Z</time>
   </trkpt>
   <trkpt lat="40.4359030" lon="-79.9993210">
    <ele>227.7</ele>
    <time>2026-09-27T19:40:43Z</time>
   </trkpt>
   <trkpt lat="40.4359060" lon="-79.9993160">
    <ele>227.7</ele>
    <time>2026-09-27T19:40:44Z</time>
   </trkpt>
   <trkpt lat="40.4358920" lon="-79.9992670">
    <ele>227.8</ele>
    <time>2026-09-27T19:40:45Z</time>
   </trkpt>
   <trkpt lat="40.4359140" lon="-79.9992470">
    <ele>227.8</ele>
    <time>2026-09-27T19:40:46Z</time>
   </trkpt>
   <trkpt lat="40.4359260" lon="-79.9992360">
    <ele>227.8</ele>
    <time>2026-09-27T19:40:47Z</time>
   </trkpt>
   <trkpt lat="40.4359260" lon="-79.9992340">
    <ele>227.8</ele>
    <time>2026-09-27T19:40:48Z</time>
   </trkpt>
   <trkpt lat="40.4359360" lon="-79.9992200">
    <ele>227.8</ele>
    <time>2026-09-27T19:40:49Z</time>
   </trkpt>
   <trkpt lat="40.4359370" lon="-79.9992110">
    <ele>227.8</ele>
    <time>2026-09-27T19:40:50Z</time>
   </trkpt>
   <trkpt lat="40.4359440" lon="-79.9991800">
    <ele>227.8</ele>
    <time>2026-09-27T19:40:51Z</time>
   </trkpt>
   <trkpt lat="40.4359370" lon="-79.9991340">
    <ele>227.8</ele>
    <time>2026-09-27T19:40:52Z</time>
   </trkpt>
   <trkpt lat="40.4359280" lon="-79.9990930">
    <ele>227.7</ele>
    <time>2026-09-27T19:40:53Z</time>
   </trkpt>
   <trkpt lat="40.4359220" lon="-79.9990480">
    <ele>227.7</ele>
    <time>2026-09-27T19:40:54Z</time>
   </trkpt>
   <trkpt lat="40.4359060" lon="-79.9990030">
    <ele>227.7</ele>
    <time>2026-09-27T19:40:55Z</time>
   </trkpt>
   <trkpt lat="40.4358860" lon="-79.9989540">
    <ele>227.6</ele>
    <time>2026-09-27T19:40:56Z</time>
   </trkpt>
   <trkpt lat="40.4358760" lon="-79.9989100">
    <ele>227.6</ele>
    <time>2026-09-27T19:40:57Z</time>
   </trkpt>
   <trkpt lat="40.4358370" lon="-79.9988780">
    <ele>227.4</ele>
    <time>2026-09-27T19:40:58Z</time>
   </trkpt>
   <trkpt lat="40.4357870" lon="-79.9988600">
    <ele>227.2</ele>
    <time>2026-09-27T19:40:59Z</time>
   </trkpt>
   <trkpt lat="40.4357600" lon="-79.9988090">
    <ele>227.0</ele>
    <time>2026-09-27T19:41:00Z</time>
   </trkpt>
   <trkpt lat="40.4357310" lon="-79.9987580">
    <ele>226.8</ele>
    <time>2026-09-27T19:41:01Z</time>
   </trkpt>
   <trkpt lat="40.4357010" lon="-79.9987090">
    <ele>226.6</ele>
    <time>2026-09-27T19:41:02Z</time>
   </trkpt>
   <trkpt lat="40.4356710" lon="-79.9986540">
    <ele>226.4</ele>
    <time>2026-09-27T19:41:03Z</time>
   </trkpt>
   <trkpt lat="40.4356380" lon="-79.9985980">
    <ele>226.2</ele>
    <time>2026-09-27T19:41:04Z</time>
   </trkpt>
   <trkpt lat="40.4356040" lon="-79.9985380">
    <ele>226.0</ele>
    <time>2026-09-27T19:41:05Z</time>
   </trkpt>
   <trkpt lat="40.4355700" lon="-79.9984760">
    <ele>225.8</ele>
    <time>2026-09-27T19:41:06Z</time>
   </trkpt>
   <trkpt lat="40.4355360" lon="-79.9984180">
    <ele>225.7</ele>
    <time>2026-09-27T19:41:07Z</time>
   </trkpt>
   <trkpt lat="40.4354990" lon="-79.9983630">
    <ele>225.6</ele>
    <time>2026-09-27T19:41:08Z</time>
   </trkpt>
   <trkpt lat="40.4354630" lon="-79.9983010">
    <ele>225.4</ele>
    <time>2026-09-27T19:41:09Z</time>
   </trkpt>
   <trkpt lat="40.4354310" lon="-79.9982410">
    <ele>225.4</ele>
    <time>2026-09-27T19:41:10Z</time>
   </trkpt>
   <trkpt lat="40.4353940" lon="-79.9981810">
    <ele>225.3</ele>
    <time>2026-09-27T19:41:12Z</time>
   </trkpt>
   <trkpt lat="40.4353580" lon="-79.9981210">
    <ele>225.2</ele>
    <time>2026-09-27T19:41:13Z</time>
   </trkpt>
   <trkpt lat="40.4353260" lon="-79.9980580">
    <ele>225.1</ele>
    <time>2026-09-27T19:41:14Z</time>
   </trkpt>
   <trkpt lat="40.4352920" lon="-79.9980020">
    <ele>225.0</ele>
    <time>2026-09-27T19:41:15Z</time>
   </trkpt>
   <trkpt lat="40.4352580" lon="-79.9979400">
    <ele>225.0</ele>
    <time>2026-09-27T19:41:16Z</time>
   </trkpt>
   <trkpt lat="40.4352230" lon="-79.9978900">
    <ele>224.9</ele>
    <time>2026-09-27T19:41:17Z</time>
   </trkpt>
   <trkpt lat="40.4351800" lon="-79.9978310">
    <ele>224.8</ele>
    <time>2026-09-27T19:41:18Z</time>
   </trkpt>
   <trkpt lat="40.4351440" lon="-79.9977670">
    <ele>224.8</ele>
    <time>2026-09-27T19:41:19Z</time>
   </trkpt>
   <trkpt lat="40.4351100" lon="-79.9977070">
    <ele>224.7</ele>
    <time>2026-09-27T19:41:20Z</time>
   </trkpt>
   <trkpt lat="40.4350730" lon="-79.9976480">
    <ele>224.7</ele>
    <time>2026-09-27T19:41:21Z</time>
   </trkpt>
   <trkpt lat="40.4350420" lon="-79.9975930">
    <ele>224.7</ele>
    <time>2026-09-27T19:41:22Z</time>
   </trkpt>
   <trkpt lat="40.4350080" lon="-79.9975370">
    <ele>224.7</ele>
    <time>2026-09-27T19:41:23Z</time>
   </trkpt>
   <trkpt lat="40.4349720" lon="-79.9974720">
    <ele>224.7</ele>
    <time>2026-09-27T19:41:24Z</time>
   </trkpt>
   <trkpt lat="40.4349450" lon="-79.9974120">
    <ele>224.7</ele>
    <time>2026-09-27T19:41:25Z</time>
   </trkpt>
   <trkpt lat="40.4349210" lon="-79.9973500">
    <ele>224.7</ele>
    <time>2026-09-27T19:41:26Z</time>
   </trkpt>
   <trkpt lat="40.4349000" lon="-79.9972920">
    <ele>224.7</ele>
    <time>2026-09-27T19:41:27Z</time>
   </trkpt>
   <trkpt lat="40.4348730" lon="-79.9972250">
    <ele>224.7</ele>
    <time>2026-09-27T19:41:28Z</time>
   </trkpt>
   <trkpt lat="40.4348510" lon="-79.9971680">
    <ele>224.8</ele>
    <time>2026-09-27T19:41:29Z</time>
   </trkpt>
   <trkpt lat="40.4348310" lon="-79.9971070">
    <ele>224.8</ele>
    <time>2026-09-27T19:41:30Z</time>
   </trkpt>
   <trkpt lat="40.4348110" lon="-79.9970490">
    <ele>224.8</ele>
    <time>2026-09-27T19:41:31Z</time>
   </trkpt>
   <trkpt lat="40.4347960" lon="-79.9969910">
    <ele>224.8</ele>
    <time>2026-09-27T19:41:32Z</time>
   </trkpt>
   <trkpt lat="40.4347820" lon="-79.9969360">
    <ele>224.8</ele>
    <time>2026-09-27T19:41:33Z</time>
   </trkpt>
   <trkpt lat="40.4347710" lon="-79.9968660">
    <ele>224.8</ele>
    <time>2026-09-27T19:41:34Z</time>
   </trkpt>
   <trkpt lat="40.4347470" lon="-79.9967790">
    <ele>224.9</ele>
    <time>2026-09-27T19:41:35Z</time>
   </trkpt>
   <trkpt lat="40.4347120" lon="-79.9967490">
    <ele>224.9</ele>
    <time>2026-09-27T19:41:36Z</time>
   </trkpt>
   <trkpt lat="40.4346810" lon="-79.9967180">
    <ele>224.9</ele>
    <time>2026-09-27T19:41:37Z</time>
   </trkpt>
   <trkpt lat="40.4346690" lon="-79.9966760">
    <ele>224.9</ele>
    <time>2026-09-27T19:41:38Z</time>
   </trkpt>
   <trkpt lat="40.4346600" lon="-79.9966270">
    <ele>224.9</ele>
    <time>2026-09-27T19:41:39Z</time>
   </trkpt>
   <trkpt lat="40.4346560" lon="-79.9965790">
    <ele>224.9</ele>
    <time>2026-09-27T19:41:40Z</time>
   </trkpt>
   <trkpt lat="40.4346430" lon="-79.9965340">
    <ele>224.9</ele>
    <time>2026-09-27T19:41:41Z</time>
   </trkpt>
   <trkpt lat="40.4346310" lon="-79.9964910">
    <ele>224.9</ele>
    <time>2026-09-27T19:41:42Z</time>
   </trkpt>
   <trkpt lat="40.4346210" lon="-79.9964430">
    <ele>224.9</ele>
    <time>2026-09-27T19:41:43Z</time>
   </trkpt>
   <trkpt lat="40.4346120" lon="-79.9963890">
    <ele>224.9</ele>
    <time>2026-09-27T19:41:44Z</time>
   </trkpt>
   <trkpt lat="40.4345930" lon="-79.9963380">
    <ele>224.9</ele>
    <time>2026-09-27T19:41:45Z</time>
   </trkpt>
   <trkpt lat="40.4345760" lon="-79.9962880">
    <ele>224.9</ele>
    <time>2026-09-27T19:41:46Z</time>
   </trkpt>
   <trkpt lat="40.4345580" lon="-79.9962420">
    <ele>224.9</ele>
    <time>2026-09-27T19:41:47Z</time>
   </trkpt>
   <trkpt lat="40.4345390" lon="-79.9961990">
    <ele>225.0</ele>
    <time>2026-09-27T19:41:48Z</time>
   </trkpt>
   <trkpt lat="40.4345180" lon="-79.9961460">
    <ele>225.0</ele>
    <time>2026-09-27T19:41:49Z</time>
   </trkpt>
   <trkpt lat="40.4344940" lon="-79.9961020">
    <ele>225.0</ele>
    <time>2026-09-27T19:41:50Z</time>
   </trkpt>
   <trkpt lat="40.4344780" lon="-79.9960520">
    <ele>225.0</ele>
    <time>2026-09-27T19:41:51Z</time>
   </trkpt>
   <trkpt lat="40.4344610" lon="-79.9960030">
    <ele>225.1</ele>
    <time>2026-09-27T19:41:52Z</time>
   </trkpt>
   <trkpt lat="40.4344530" lon="-79.9959490">
    <ele>225.1</ele>
    <time>2026-09-27T19:41:53Z</time>
   </trkpt>
   <trkpt lat="40.4344430" lon="-79.9958880">
    <ele>225.1</ele>
    <time>2026-09-27T19:41:54Z</time>
   </trkpt>
   <trkpt lat="40.4344420" lon="-79.9958760">
    <ele>225.2</ele>
    <time>2026-09-27T19:41:55Z</time>
   </trkpt>
   <trkpt lat="40.4344350" lon="-79.9958610">
    <ele>225.2</ele>
    <time>2026-09-27T19:41:56Z</time>
   </trkpt>
   <trkpt lat="40.4344520" lon="-79.9958360">
    <ele>225.2</ele>
    <time>2026-09-27T19:41:57Z</time>
   </trkpt>
   <trkpt lat="40.4344690" lon="-79.9958200">
    <ele>225.2</ele>
    <time>2026-09-27T19:41:58Z</time>
   </trkpt>
   <trkpt lat="40.4344230" lon="-79.9957480">
    <ele>225.2</ele>
    <time>2026-09-27T19:41:59Z</time>
   </trkpt>
   <trkpt lat="40.4344090" lon="-79.9957260">
    <ele>225.2</ele>
    <time>2026-09-27T19:42:00Z</time>
   </trkpt>
   <trkpt lat="40.4343800" lon="-79.9956940">
    <ele>225.2</ele>
    <time>2026-09-27T19:42:01Z</time>
   </trkpt>
   <trkpt lat="40.4343780" lon="-79.9956540">
    <ele>225.2</ele>
    <time>2026-09-27T19:42:02Z</time>
   </trkpt>
   <trkpt lat="40.4344120" lon="-79.9956090">
    <ele>225.1</ele>
    <time>2026-09-27T19:42:03Z</time>
   </trkpt>
   <trkpt lat="40.4344160" lon="-79.9955850">
    <ele>225.1</ele>
    <time>2026-09-27T19:42:04Z</time>
   </trkpt>
   <trkpt lat="40.4343980" lon="-79.9955430">
    <ele>225.0</ele>
    <time>2026-09-27T19:42:05Z</time>
   </trkpt>
   <trkpt lat="40.4343540" lon="-79.9953840">
    <ele>224.9</ele>
    <time>2026-09-27T19:42:06Z</time>
   </trkpt>
   <trkpt lat="40.4343210" lon="-79.9952760">
    <ele>224.7</ele>
    <time>2026-09-27T19:42:07Z</time>
   </trkpt>
   <trkpt lat="40.4343080" lon="-79.9952040">
    <ele>224.7</ele>
    <time>2026-09-27T19:42:08Z</time>
   </trkpt>
   <trkpt lat="40.4342960" lon="-79.9951210">
    <ele>224.7</ele>
    <time>2026-09-27T19:42:09Z</time>
   </trkpt>
   <trkpt lat="40.4342850" lon="-79.9950520">
    <ele>224.6</ele>
    <time>2026-09-27T19:42:10Z</time>
   </trkpt>
   <trkpt lat="40.4342800" lon="-79.9949810">
    <ele>224.6</ele>
    <time>2026-09-27T19:42:11Z</time>
   </trkpt>
   <trkpt lat="40.4342730" lon="-79.9949120">
    <ele>224.6</ele>
    <time>2026-09-27T19:42:12Z</time>
   </trkpt>
   <trkpt lat="40.4342680" lon="-79.9948500">
    <ele>224.5</ele>
    <time>2026-09-27T19:42:13Z</time>
   </trkpt>
   <trkpt lat="40.4342640" lon="-79.9947830">
    <ele>224.5</ele>
    <time>2026-09-27T19:42:14Z</time>
   </trkpt>
   <trkpt lat="40.4342620" lon="-79.9947150">
    <ele>224.5</ele>
    <time>2026-09-27T19:42:15Z</time>
   </trkpt>
   <trkpt lat="40.4342580" lon="-79.9946460">
    <ele>224.5</ele>
    <time>2026-09-27T19:42:16Z</time>
   </trkpt>
   <trkpt lat="40.4342560" lon="-79.9945890">
    <ele>224.5</ele>
    <time>2026-09-27T19:42:17Z</time>
   </trkpt>
   <trkpt lat="40.4342480" lon="-79.9945280">
    <ele>224.5</ele>
    <time>2026-09-27T19:42:18Z</time>
   </trkpt>
   <trkpt lat="40.4342440" lon="-79.9944680">
    <ele>224.5</ele>
    <time>2026-09-27T19:42:19Z</time>
   </trkpt>
   <trkpt lat="40.4342470" lon="-79.9944130">
    <ele>224.5</ele>
    <time>2026-09-27T19:42:20Z</time>
   </trkpt>
   <trkpt lat="40.4342400" lon="-79.9943560">
    <ele>224.5</ele>
    <time>2026-09-27T19:42:21Z</time>
   </trkpt>
   <trkpt lat="40.4342380" lon="-79.9943010">
    <ele>224.4</ele>
    <time>2026-09-27T19:42:22Z</time>
   </trkpt>
   <trkpt lat="40.4342240" lon="-79.9942930">
    <ele>224.4</ele>
    <time>2026-09-27T19:42:23Z</time>
   </trkpt>
   <trkpt lat="40.4342140" lon="-79.9942360">
    <ele>224.4</ele>
    <time>2026-09-27T19:42:24Z</time>
   </trkpt>
   <trkpt lat="40.4342150" lon="-79.9942120">
    <ele>224.4</ele>
    <time>2026-09-27T19:42:25Z</time>
   </trkpt>
   <trkpt lat="40.4342100" lon="-79.9941820">
    <ele>224.4</ele>
    <time>2026-09-27T19:42:26Z</time>
   </trkpt>
   <trkpt lat="40.4342240" lon="-79.9941360">
    <ele>224.4</ele>
    <time>2026-09-27T19:42:27Z</time>
   </trkpt>
   <trkpt lat="40.4342140" lon="-79.9940730">
    <ele>224.4</ele>
    <time>2026-09-27T19:42:28Z</time>
   </trkpt>
   <trkpt lat="40.4342150" lon="-79.9939700">
    <ele>224.4</ele>
    <time>2026-09-27T19:42:29Z</time>
   </trkpt>
   <trkpt lat="40.4342260" lon="-79.9938760">
    <ele>224.3</ele>
    <time>2026-09-27T19:42:30Z</time>
   </trkpt>
   <trkpt lat="40.4342330" lon="-79.9938000">
    <ele>224.3</ele>
    <time>2026-09-27T19:42:31Z</time>
   </trkpt>
   <trkpt lat="40.4342340" lon="-79.9937360">
    <ele>224.3</ele>
    <time>2026-09-27T19:42:32Z</time>
   </trkpt>
   <trkpt lat="40.4342410" lon="-79.9936730">
    <ele>224.3</ele>
    <time>2026-09-27T19:42:33Z</time>
   </trkpt>
   <trkpt lat="40.4342420" lon="-79.9936040">
    <ele>224.3</ele>
    <time>2026-09-27T19:42:34Z</time>
   </trkpt>
   <trkpt lat="40.4342700" lon="-79.9935560">
    <ele>224.2</ele>
    <time>2026-09-27T19:42:35Z</time>
   </trkpt>
   <trkpt lat="40.4342700" lon="-79.9935140">
    <ele>224.2</ele>
    <time>2026-09-27T19:42:36Z</time>
   </trkpt>
   <trkpt lat="40.4342510" lon="-79.9934900">
    <ele>224.2</ele>
    <time>2026-09-27T19:42:37Z</time>
   </trkpt>
   <trkpt lat="40.4342410" lon="-79.9934490">
    <ele>224.2</ele>
    <time>2026-09-27T19:42:38Z</time>
   </trkpt>
   <trkpt lat="40.4342040" lon="-79.9934120">
    <ele>224.2</ele>
    <time>2026-09-27T19:42:39Z</time>
   </trkpt>
   <trkpt lat="40.4341780" lon="-79.9931650">
    <ele>224.3</ele>
    <time>2026-09-27T19:42:40Z</time>
   </trkpt>
   <trkpt lat="40.4341680" lon="-79.9929930">
    <ele>224.3</ele>
    <time>2026-09-27T19:42:41Z</time>
   </trkpt>
   <trkpt lat="40.4341460" lon="-79.9929220">
    <ele>224.3</ele>
    <time>2026-09-27T19:42:42Z</time>
   </trkpt>
   <trkpt lat="40.4341240" lon="-79.9928520">
    <ele>224.4</ele>
    <time>2026-09-27T19:42:43Z</time>
   </trkpt>
   <trkpt lat="40.4341010" lon="-79.9927810">
    <ele>224.4</ele>
    <time>2026-09-27T19:42:44Z</time>
   </trkpt>
   <trkpt lat="40.4340790" lon="-79.9927110">
    <ele>224.4</ele>
    <time>2026-09-27T19:42:45Z</time>
   </trkpt>
   <trkpt lat="40.4340770" lon="-79.9926040">
    <ele>224.4</ele>
    <time>2026-09-27T19:42:46Z</time>
   </trkpt>
   <trkpt lat="40.4340570" lon="-79.9925210">
    <ele>224.4</ele>
    <time>2026-09-27T19:42:47Z</time>
   </trkpt>
   <trkpt lat="40.4340480" lon="-79.9924740">
    <ele>224.4</ele>
    <time>2026-09-27T19:42:48Z</time>
   </trkpt>
   <trkpt lat="40.4340390" lon="-79.9924270">
    <ele>224.5</ele>
    <time>2026-09-27T19:42:49Z</time>
   </trkpt>
   <trkpt lat="40.4340250" lon="-79.9923470">
    <ele>224.5</ele>
    <time>2026-09-27T19:42:50Z</time>
   </trkpt>
   <trkpt lat="40.4339600" lon="-79.9922660">
    <ele>224.5</ele>
    <time>2026-09-27T19:42:51Z</time>
   </trkpt>
   <trkpt lat="40.4338630" lon="-79.9922800">
    <ele>224.5</ele>
    <time>2026-09-27T19:42:52Z</time>
   </trkpt>
   <trkpt lat="40.4338290" lon="-79.9921900">
    <ele>224.4</ele>
    <time>2026-09-27T19:42:53Z</time>
   </trkpt>
   <trkpt lat="40.4338440" lon="-79.9920980">
    <ele>224.5</ele>
    <time>2026-09-27T19:42:54Z</time>
   </trkpt>
   <trkpt lat="40.4338500" lon="-79.9920340">
    <ele>224.5</ele>
    <time>2026-09-27T19:42:55Z</time>
   </trkpt>
   <trkpt lat="40.4338510" lon="-79.9919710">
    <ele>224.5</ele>
    <time>2026-09-27T19:42:56Z</time>
   </trkpt>
   <trkpt lat="40.4338560" lon="-79.9919110">
    <ele>224.5</ele>
    <time>2026-09-27T19:42:57Z</time>
   </trkpt>
   <trkpt lat="40.4338780" lon="-79.9918300">
    <ele>224.5</ele>
    <time>2026-09-27T19:42:58Z</time>
   </trkpt>
   <trkpt lat="40.4338640" lon="-79.9917710">
    <ele>224.5</ele>
    <time>2026-09-27T19:42:59Z</time>
   </trkpt>
   <trkpt lat="40.4338510" lon="-79.9917100">
    <ele>224.5</ele>
    <time>2026-09-27T19:43:00Z</time>
   </trkpt>
   <trkpt lat="40.4338500" lon="-79.9916480">
    <ele>224.5</ele>
    <time>2026-09-27T19:43:01Z</time>
   </trkpt>
   <trkpt lat="40.4338420" lon="-79.9915870">
    <ele>224.4</ele>
    <time>2026-09-27T19:43:02Z</time>
   </trkpt>
   <trkpt lat="40.4338510" lon="-79.9915210">
    <ele>224.4</ele>
    <time>2026-09-27T19:43:03Z</time>
   </trkpt>
   <trkpt lat="40.4338560" lon="-79.9914570">
    <ele>224.3</ele>
    <time>2026-09-27T19:43:04Z</time>
   </trkpt>
   <trkpt lat="40.4338620" lon="-79.9913890">
    <ele>224.2</ele>
    <time>2026-09-27T19:43:05Z</time>
   </trkpt>
   <trkpt lat="40.4338630" lon="-79.9913270">
    <ele>224.2</ele>
    <time>2026-09-27T19:43:06Z</time>
   </trkpt>
   <trkpt lat="40.4338600" lon="-79.9912640">
    <ele>224.1</ele>
    <time>2026-09-27T19:43:07Z</time>
   </trkpt>
   <trkpt lat="40.4338530" lon="-79.9911950">
    <ele>224.1</ele>
    <time>2026-09-27T19:43:08Z</time>
   </trkpt>
   <trkpt lat="40.4338550" lon="-79.9911240">
    <ele>224.0</ele>
    <time>2026-09-27T19:43:09Z</time>
   </trkpt>
   <trkpt lat="40.4338550" lon="-79.9910600">
    <ele>224.0</ele>
    <time>2026-09-27T19:43:10Z</time>
   </trkpt>
   <trkpt lat="40.4338530" lon="-79.9910000">
    <ele>224.0</ele>
    <time>2026-09-27T19:43:11Z</time>
   </trkpt>
   <trkpt lat="40.4338480" lon="-79.9909410">
    <ele>224.0</ele>
    <time>2026-09-27T19:43:12Z</time>
   </trkpt>
   <trkpt lat="40.4338500" lon="-79.9908800">
    <ele>224.0</ele>
    <time>2026-09-27T19:43:13Z</time>
   </trkpt>
   <trkpt lat="40.4338560" lon="-79.9908240">
    <ele>224.0</ele>
    <time>2026-09-27T19:43:14Z</time>
   </trkpt>
   <trkpt lat="40.4338580" lon="-79.9907690">
    <ele>224.0</ele>
    <time>2026-09-27T19:43:15Z</time>
   </trkpt>
   <trkpt lat="40.4338600" lon="-79.9907070">
    <ele>224.0</ele>
    <time>2026-09-27T19:43:16Z</time>
   </trkpt>
   <trkpt lat="40.4338680" lon="-79.9906500">
    <ele>224.0</ele>
    <time>2026-09-27T19:43:18Z</time>
   </trkpt>
   <trkpt lat="40.4338610" lon="-79.9905830">
    <ele>223.9</ele>
    <time>2026-09-27T19:43:19Z</time>
   </trkpt>
   <trkpt lat="40.4338630" lon="-79.9905220">
    <ele>223.9</ele>
    <time>2026-09-27T19:43:20Z</time>
   </trkpt>
   <trkpt lat="40.4338690" lon="-79.9904590">
    <ele>223.9</ele>
    <time>2026-09-27T19:43:21Z</time>
   </trkpt>
   <trkpt lat="40.4338680" lon="-79.9903990">
    <ele>223.9</ele>
    <time>2026-09-27T19:43:22Z</time>
   </trkpt>
   <trkpt lat="40.4338650" lon="-79.9903310">
    <ele>223.9</ele>
    <time>2026-09-27T19:43:23Z</time>
   </trkpt>
   <trkpt lat="40.4338620" lon="-79.9902610">
    <ele>223.9</ele>
    <time>2026-09-27T19:43:24Z</time>
   </trkpt>
   <trkpt lat="40.4338600" lon="-79.9901960">
    <ele>223.9</ele>
    <time>2026-09-27T19:43:25Z</time>
   </trkpt>
   <trkpt lat="40.4338590" lon="-79.9901290">
    <ele>223.9</ele>
    <time>2026-09-27T19:43:26Z</time>
   </trkpt>
   <trkpt lat="40.4338600" lon="-79.9900590">
    <ele>223.9</ele>
    <time>2026-09-27T19:43:27Z</time>
   </trkpt>
   <trkpt lat="40.4338640" lon="-79.9899900">
    <ele>223.9</ele>
    <time>2026-09-27T19:43:28Z</time>
   </trkpt>
   <trkpt lat="40.4338670" lon="-79.9899190">
    <ele>223.9</ele>
    <time>2026-09-27T19:43:29Z</time>
   </trkpt>
   <trkpt lat="40.4338660" lon="-79.9898580">
    <ele>224.0</ele>
    <time>2026-09-27T19:43:30Z</time>
   </trkpt>
   <trkpt lat="40.4338720" lon="-79.9898030">
    <ele>224.0</ele>
    <time>2026-09-27T19:43:31Z</time>
   </trkpt>
   <trkpt lat="40.4338750" lon="-79.9897400">
    <ele>224.0</ele>
    <time>2026-09-27T19:43:32Z</time>
   </trkpt>
   <trkpt lat="40.4338590" lon="-79.9897850">
    <ele>224.0</ele>
    <time>2026-09-27T19:43:33Z</time>
   </trkpt>
   <trkpt lat="40.4338700" lon="-79.9897680">
    <ele>224.0</ele>
    <time>2026-09-27T19:43:34Z</time>
   </trkpt>
   <trkpt lat="40.4338810" lon="-79.9897510">
    <ele>224.0</ele>
    <time>2026-09-27T19:43:35Z</time>
   </trkpt>
   <trkpt lat="40.4338920" lon="-79.9897340">
    <ele>224.0</ele>
    <time>2026-09-27T19:43:36Z</time>
   </trkpt>
   <trkpt lat="40.4338860" lon="-79.9895240">
    <ele>224.0</ele>
    <time>2026-09-27T19:43:37Z</time>
   </trkpt>
   <trkpt lat="40.4338620" lon="-79.9895030">
    <ele>224.1</ele>
    <time>2026-09-27T19:43:38Z</time>
   </trkpt>
   <trkpt lat="40.4338830" lon="-79.9893480">
    <ele>224.2</ele>
    <time>2026-09-27T19:43:39Z</time>
   </trkpt>
   <trkpt lat="40.4338970" lon="-79.9892490">
    <ele>224.4</ele>
    <time>2026-09-27T19:43:40Z</time>
   </trkpt>
   <trkpt lat="40.4339040" lon="-79.9891710">
    <ele>224.5</ele>
    <time>2026-09-27T19:43:41Z</time>
   </trkpt>
   <trkpt lat="40.4339090" lon="-79.9891050">
    <ele>224.6</ele>
    <time>2026-09-27T19:43:42Z</time>
   </trkpt>
   <trkpt lat="40.4339190" lon="-79.9890320">
    <ele>224.7</ele>
    <time>2026-09-27T19:43:43Z</time>
   </trkpt>
   <trkpt lat="40.4339230" lon="-79.9889630">
    <ele>224.8</ele>
    <time>2026-09-27T19:43:44Z</time>
   </trkpt>
   <trkpt lat="40.4339260" lon="-79.9888990">
    <ele>224.9</ele>
    <time>2026-09-27T19:43:45Z</time>
   </trkpt>
   <trkpt lat="40.4339070" lon="-79.9889160">
    <ele>224.9</ele>
    <time>2026-09-27T19:43:46Z</time>
   </trkpt>
   <trkpt lat="40.4339050" lon="-79.9888750">
    <ele>224.9</ele>
    <time>2026-09-27T19:43:47Z</time>
   </trkpt>
   <trkpt lat="40.4339180" lon="-79.9888070">
    <ele>225.0</ele>
    <time>2026-09-27T19:43:48Z</time>
   </trkpt>
   <trkpt lat="40.4339280" lon="-79.9887560">
    <ele>225.0</ele>
    <time>2026-09-27T19:43:49Z</time>
   </trkpt>
   <trkpt lat="40.4339320" lon="-79.9887070">
    <ele>225.1</ele>
    <time>2026-09-27T19:43:50Z</time>
   </trkpt>
   <trkpt lat="40.4339220" lon="-79.9886840">
    <ele>225.1</ele>
    <time>2026-09-27T19:43:51Z</time>
   </trkpt>
   <trkpt lat="40.4339850" lon="-79.9884030">
    <ele>225.3</ele>
    <time>2026-09-27T19:43:52Z</time>
   </trkpt>
   <trkpt lat="40.4339930" lon="-79.9883380">
    <ele>225.4</ele>
    <time>2026-09-27T19:43:53Z</time>
   </trkpt>
   <trkpt lat="40.4340000" lon="-79.9882690">
    <ele>225.4</ele>
    <time>2026-09-27T19:43:54Z</time>
   </trkpt>
   <trkpt lat="40.4340050" lon="-79.9882040">
    <ele>225.5</ele>
    <time>2026-09-27T19:43:55Z</time>
   </trkpt>
   <trkpt lat="40.4340080" lon="-79.9881390">
    <ele>225.5</ele>
    <time>2026-09-27T19:43:56Z</time>
   </trkpt>
   <trkpt lat="40.4340270" lon="-79.9880070">
    <ele>225.6</ele>
    <time>2026-09-27T19:43:57Z</time>
   </trkpt>
   <trkpt lat="40.4340310" lon="-79.9879400">
    <ele>225.7</ele>
    <time>2026-09-27T19:43:58Z</time>
   </trkpt>
   <trkpt lat="40.4340420" lon="-79.9878720">
    <ele>225.7</ele>
    <time>2026-09-27T19:43:59Z</time>
   </trkpt>
   <trkpt lat="40.4340510" lon="-79.9878090">
    <ele>225.8</ele>
    <time>2026-09-27T19:44:00Z</time>
   </trkpt>
   <trkpt lat="40.4340570" lon="-79.9877470">
    <ele>225.8</ele>
    <time>2026-09-27T19:44:01Z</time>
   </trkpt>
   <trkpt lat="40.4340640" lon="-79.9876820">
    <ele>225.9</ele>
    <time>2026-09-27T19:44:02Z</time>
   </trkpt>
   <trkpt lat="40.4340710" lon="-79.9876140">
    <ele>225.9</ele>
    <time>2026-09-27T19:44:03Z</time>
   </trkpt>
   <trkpt lat="40.4340780" lon="-79.9875500">
    <ele>226.0</ele>
    <time>2026-09-27T19:44:04Z</time>
   </trkpt>
   <trkpt lat="40.4340840" lon="-79.9874850">
    <ele>226.0</ele>
    <time>2026-09-27T19:44:05Z</time>
   </trkpt>
   <trkpt lat="40.4340820" lon="-79.9874140">
    <ele>226.0</ele>
    <time>2026-09-27T19:44:06Z</time>
   </trkpt>
   <trkpt lat="40.4340890" lon="-79.9873490">
    <ele>226.1</ele>
    <time>2026-09-27T19:44:07Z</time>
   </trkpt>
   <trkpt lat="40.4340950" lon="-79.9872870">
    <ele>226.1</ele>
    <time>2026-09-27T19:44:08Z</time>
   </trkpt>
   <trkpt lat="40.4341000" lon="-79.9872200">
    <ele>226.2</ele>
    <time>2026-09-27T19:44:09Z</time>
   </trkpt>
   <trkpt lat="40.4341070" lon="-79.9871510">
    <ele>226.2</ele>
    <time>2026-09-27T19:44:10Z</time>
   </trkpt>
   <trkpt lat="40.4341150" lon="-79.9870920">
    <ele>226.2</ele>
    <time>2026-09-27T19:44:11Z</time>
   </trkpt>
   <trkpt lat="40.4341250" lon="-79.9870270">
    <ele>226.3</ele>
    <time>2026-09-27T19:44:12Z</time>
   </trkpt>
   <trkpt lat="40.4341360" lon="-79.9869700">
    <ele>226.3</ele>
    <time>2026-09-27T19:44:13Z</time>
   </trkpt>
   <trkpt lat="40.4341470" lon="-79.9869020">
    <ele>226.4</ele>
    <time>2026-09-27T19:44:14Z</time>
   </trkpt>
   <trkpt lat="40.4341290" lon="-79.9868500">
    <ele>226.4</ele>
    <time>2026-09-27T19:44:15Z</time>
   </trkpt>
   <trkpt lat="40.4341420" lon="-79.9867820">
    <ele>226.5</ele>
    <time>2026-09-27T19:44:16Z</time>
   </trkpt>
   <trkpt lat="40.4341470" lon="-79.9867100">
    <ele>226.5</ele>
    <time>2026-09-27T19:44:17Z</time>
   </trkpt>
   <trkpt lat="40.4341550" lon="-79.9866450">
    <ele>226.6</ele>
    <time>2026-09-27T19:44:18Z</time>
   </trkpt>
   <trkpt lat="40.4341600" lon="-79.9866010">
    <ele>226.6</ele>
    <time>2026-09-27T19:44:19Z</time>
   </trkpt>
   <trkpt lat="40.4341650" lon="-79.9865570">
    <ele>226.6</ele>
    <time>2026-09-27T19:44:20Z</time>
   </trkpt>
   <trkpt lat="40.4341670" lon="-79.9865320">
    <ele>226.6</ele>
    <time>2026-09-27T19:44:21Z</time>
   </trkpt>
   <trkpt lat="40.4341700" lon="-79.9864870">
    <ele>226.7</ele>
    <time>2026-09-27T19:44:22Z</time>
   </trkpt>
   <trkpt lat="40.4341730" lon="-79.9864200">
    <ele>226.7</ele>
    <time>2026-09-27T19:44:23Z</time>
   </trkpt>
   <trkpt lat="40.4341810" lon="-79.9863940">
    <ele>226.7</ele>
    <time>2026-09-27T19:44:24Z</time>
   </trkpt>
   <trkpt lat="40.4341930" lon="-79.9863020">
    <ele>226.8</ele>
    <time>2026-09-27T19:44:25Z</time>
   </trkpt>
   <trkpt lat="40.4342140" lon="-79.9861990">
    <ele>226.9</ele>
    <time>2026-09-27T19:44:26Z</time>
   </trkpt>
   <trkpt lat="40.4342250" lon="-79.9861330">
    <ele>227.0</ele>
    <time>2026-09-27T19:44:27Z</time>
   </trkpt>
   <trkpt lat="40.4342350" lon="-79.9860630">
    <ele>227.1</ele>
    <time>2026-09-27T19:44:28Z</time>
   </trkpt>
   <trkpt lat="40.4342480" lon="-79.9859990">
    <ele>227.1</ele>
    <time>2026-09-27T19:44:29Z</time>
   </trkpt>
   <trkpt lat="40.4342620" lon="-79.9859340">
    <ele>227.2</ele>
    <time>2026-09-27T19:44:30Z</time>
   </trkpt>
   <trkpt lat="40.4342670" lon="-79.9858730">
    <ele>227.2</ele>
    <time>2026-09-27T19:44:31Z</time>
   </trkpt>
   <trkpt lat="40.4342820" lon="-79.9858020">
    <ele>227.3</ele>
    <time>2026-09-27T19:44:32Z</time>
   </trkpt>
   <trkpt lat="40.4342850" lon="-79.9857430">
    <ele>227.3</ele>
    <time>2026-09-27T19:44:33Z</time>
   </trkpt>
   <trkpt lat="40.4342970" lon="-79.9856790">
    <ele>227.3</ele>
    <time>2026-09-27T19:44:34Z</time>
   </trkpt>
   <trkpt lat="40.4343180" lon="-79.9856040">
    <ele>227.4</ele>
    <time>2026-09-27T19:44:35Z</time>
   </trkpt>
   <trkpt lat="40.4343330" lon="-79.9855390">
    <ele>227.4</ele>
    <time>2026-09-27T19:44:36Z</time>
   </trkpt>
   <trkpt lat="40.4343510" lon="-79.9854730">
    <ele>227.4</ele>
    <time>2026-09-27T19:44:37Z</time>
   </trkpt>
   <trkpt lat="40.4343680" lon="-79.9854090">
    <ele>227.5</ele>
    <time>2026-09-27T19:44:38Z</time>
   </trkpt>
   <trkpt lat="40.4343770" lon="-79.9853480">
    <ele>227.5</ele>
    <time>2026-09-27T19:44:39Z</time>
   </trkpt>
   <trkpt lat="40.4343930" lon="-79.9852870">
    <ele>227.5</ele>
    <time>2026-09-27T19:44:40Z</time>
   </trkpt>
   <trkpt lat="40.4344070" lon="-79.9852220">
    <ele>227.6</ele>
    <time>2026-09-27T19:44:41Z</time>
   </trkpt>
   <trkpt lat="40.4344280" lon="-79.9851700">
    <ele>227.6</ele>
    <time>2026-09-27T19:44:42Z</time>
   </trkpt>
   <trkpt lat="40.4344440" lon="-79.9851210">
    <ele>227.7</ele>
    <time>2026-09-27T19:44:43Z</time>
   </trkpt>
   <trkpt lat="40.4344540" lon="-79.9850750">
    <ele>227.7</ele>
    <time>2026-09-27T19:44:44Z</time>
   </trkpt>
   <trkpt lat="40.4344660" lon="-79.9850290">
    <ele>227.8</ele>
    <time>2026-09-27T19:44:45Z</time>
   </trkpt>
   <trkpt lat="40.4344790" lon="-79.9849880">
    <ele>227.8</ele>
    <time>2026-09-27T19:44:46Z</time>
   </trkpt>
   <trkpt lat="40.4344930" lon="-79.9849470">
    <ele>227.9</ele>
    <time>2026-09-27T19:44:47Z</time>
   </trkpt>
   <trkpt lat="40.4345040" lon="-79.9849100">
    <ele>227.9</ele>
    <time>2026-09-27T19:44:48Z</time>
   </trkpt>
   <trkpt lat="40.4345190" lon="-79.9848680">
    <ele>228.0</ele>
    <time>2026-09-27T19:44:49Z</time>
   </trkpt>
   <trkpt lat="40.4345320" lon="-79.9848230">
    <ele>228.0</ele>
    <time>2026-09-27T19:44:50Z</time>
   </trkpt>
   <trkpt lat="40.4345420" lon="-79.9847790">
    <ele>228.0</ele>
    <time>2026-09-27T19:44:51Z</time>
   </trkpt>
   <trkpt lat="40.4345480" lon="-79.9847360">
    <ele>228.1</ele>
    <time>2026-09-27T19:44:52Z</time>
   </trkpt>
   <trkpt lat="40.4345610" lon="-79.9846980">
    <ele>228.1</ele>
    <time>2026-09-27T19:44:53Z</time>
   </trkpt>
   <trkpt lat="40.4345700" lon="-79.9846550">
    <ele>228.2</ele>
    <time>2026-09-27T19:44:54Z</time>
   </trkpt>
   <trkpt lat="40.4345830" lon="-79.9846100">
    <ele>228.2</ele>
    <time>2026-09-27T19:44:55Z</time>
   </trkpt>
   <trkpt lat="40.4345970" lon="-79.9845640">
    <ele>228.3</ele>
    <time>2026-09-27T19:44:56Z</time>
   </trkpt>
   <trkpt lat="40.4346110" lon="-79.9845210">
    <ele>228.3</ele>
    <time>2026-09-27T19:44:57Z</time>
   </trkpt>
   <trkpt lat="40.4346210" lon="-79.9844710">
    <ele>228.4</ele>
    <time>2026-09-27T19:44:58Z</time>
   </trkpt>
   <trkpt lat="40.4346370" lon="-79.9844250">
    <ele>228.4</ele>
    <time>2026-09-27T19:44:59Z</time>
   </trkpt>
   <trkpt lat="40.4346520" lon="-79.9843750">
    <ele>228.5</ele>
    <time>2026-09-27T19:45:00Z</time>
   </trkpt>
   <trkpt lat="40.4346660" lon="-79.9843250">
    <ele>228.6</ele>
    <time>2026-09-27T19:45:01Z</time>
   </trkpt>
   <trkpt lat="40.4346780" lon="-79.9842750">
    <ele>228.6</ele>
    <time>2026-09-27T19:45:02Z</time>
   </trkpt>
   <trkpt lat="40.4346920" lon="-79.9842250">
    <ele>228.6</ele>
    <time>2026-09-27T19:45:03Z</time>
   </trkpt>
   <trkpt lat="40.4347060" lon="-79.9841750">
    <ele>228.7</ele>
    <time>2026-09-27T19:45:04Z</time>
   </trkpt>
   <trkpt lat="40.4347200" lon="-79.9841230">
    <ele>228.7</ele>
    <time>2026-09-27T19:45:05Z</time>
   </trkpt>
   <trkpt lat="40.4347340" lon="-79.9840680">
    <ele>228.7</ele>
    <time>2026-09-27T19:45:06Z</time>
   </trkpt>
   <trkpt lat="40.4347500" lon="-79.9840160">
    <ele>228.8</ele>
    <time>2026-09-27T19:45:07Z</time>
   </trkpt>
   <trkpt lat="40.4347670" lon="-79.9839610">
    <ele>228.8</ele>
    <time>2026-09-27T19:45:08Z</time>
   </trkpt>
   <trkpt lat="40.4347790" lon="-79.9839050">
    <ele>228.8</ele>
    <time>2026-09-27T19:45:09Z</time>
   </trkpt>
   <trkpt lat="40.4347930" lon="-79.9838470">
    <ele>228.8</ele>
    <time>2026-09-27T19:45:10Z</time>
   </trkpt>
   <trkpt lat="40.4348060" lon="-79.9837840">
    <ele>228.8</ele>
    <time>2026-09-27T19:45:11Z</time>
   </trkpt>
   <trkpt lat="40.4348250" lon="-79.9837290">
    <ele>228.9</ele>
    <time>2026-09-27T19:45:12Z</time>
   </trkpt>
   <trkpt lat="40.4348370" lon="-79.9836720">
    <ele>228.9</ele>
    <time>2026-09-27T19:45:13Z</time>
   </trkpt>
   <trkpt lat="40.4348480" lon="-79.9836170">
    <ele>228.9</ele>
    <time>2026-09-27T19:45:14Z</time>
   </trkpt>
   <trkpt lat="40.4348620" lon="-79.9835640">
    <ele>228.9</ele>
    <time>2026-09-27T19:45:15Z</time>
   </trkpt>
   <trkpt lat="40.4348740" lon="-79.9835090">
    <ele>228.9</ele>
    <time>2026-09-27T19:45:16Z</time>
   </trkpt>
   <trkpt lat="40.4348870" lon="-79.9834600">
    <ele>228.9</ele>
    <time>2026-09-27T19:45:17Z</time>
   </trkpt>
   <trkpt lat="40.4348990" lon="-79.9834100">
    <ele>228.9</ele>
    <time>2026-09-27T19:45:18Z</time>
   </trkpt>
   <trkpt lat="40.4349090" lon="-79.9833610">
    <ele>228.9</ele>
    <time>2026-09-27T19:45:19Z</time>
   </trkpt>
   <trkpt lat="40.4349200" lon="-79.9833160">
    <ele>228.9</ele>
    <time>2026-09-27T19:45:20Z</time>
   </trkpt>
   <trkpt lat="40.4349310" lon="-79.9832720">
    <ele>229.0</ele>
    <time>2026-09-27T19:45:21Z</time>
   </trkpt>
   <trkpt lat="40.4349390" lon="-79.9832300">
    <ele>229.0</ele>
    <time>2026-09-27T19:45:22Z</time>
   </trkpt>
   <trkpt lat="40.4349480" lon="-79.9831860">
    <ele>229.0</ele>
    <time>2026-09-27T19:45:23Z</time>
   </trkpt>
   <trkpt lat="40.4349550" lon="-79.9831510">
    <ele>229.0</ele>
    <time>2026-09-27T19:45:24Z</time>
   </trkpt>
   <trkpt lat="40.4349640" lon="-79.9830990">
    <ele>229.0</ele>
    <time>2026-09-27T19:45:25Z</time>
   </trkpt>
   <trkpt lat="40.4349780" lon="-79.9830420">
    <ele>229.0</ele>
    <time>2026-09-27T19:45:26Z</time>
   </trkpt>
   <trkpt lat="40.4349930" lon="-79.9829830">
    <ele>229.0</ele>
    <time>2026-09-27T19:45:27Z</time>
   </trkpt>
   <trkpt lat="40.4350060" lon="-79.9829230">
    <ele>229.1</ele>
    <time>2026-09-27T19:45:28Z</time>
   </trkpt>
   <trkpt lat="40.4350180" lon="-79.9828620">
    <ele>229.1</ele>
    <time>2026-09-27T19:45:29Z</time>
   </trkpt>
   <trkpt lat="40.4350310" lon="-79.9828020">
    <ele>229.1</ele>
    <time>2026-09-27T19:45:30Z</time>
   </trkpt>
   <trkpt lat="40.4350430" lon="-79.9827400">
    <ele>229.1</ele>
    <time>2026-09-27T19:45:31Z</time>
   </trkpt>
   <trkpt lat="40.4350530" lon="-79.9826790">
    <ele>229.1</ele>
    <time>2026-09-27T19:45:32Z</time>
   </trkpt>
   <trkpt lat="40.4350680" lon="-79.9826120">
    <ele>229.2</ele>
    <time>2026-09-27T19:45:33Z</time>
   </trkpt>
   <trkpt lat="40.4350850" lon="-79.9825450">
    <ele>229.2</ele>
    <time>2026-09-27T19:45:34Z</time>
   </trkpt>
   <trkpt lat="40.4350980" lon="-79.9824740">
    <ele>229.2</ele>
    <time>2026-09-27T19:45:35Z</time>
   </trkpt>
   <trkpt lat="40.4351120" lon="-79.9823930">
    <ele>229.2</ele>
    <time>2026-09-27T19:45:36Z</time>
   </trkpt>
   <trkpt lat="40.4351300" lon="-79.9823080">
    <ele>229.2</ele>
    <time>2026-09-27T19:45:37Z</time>
   </trkpt>
   <trkpt lat="40.4351470" lon="-79.9822140">
    <ele>229.2</ele>
    <time>2026-09-27T19:45:38Z</time>
   </trkpt>
   <trkpt lat="40.4351650" lon="-79.9821120">
    <ele>229.2</ele>
    <time>2026-09-27T19:45:39Z</time>
   </trkpt>
   <trkpt lat="40.4351880" lon="-79.9820110">
    <ele>229.2</ele>
    <time>2026-09-27T19:45:40Z</time>
   </trkpt>
   <trkpt lat="40.4352060" lon="-79.9819100">
    <ele>229.2</ele>
    <time>2026-09-27T19:45:41Z</time>
   </trkpt>
   <trkpt lat="40.4352230" lon="-79.9818050">
    <ele>229.2</ele>
    <time>2026-09-27T19:45:42Z</time>
   </trkpt>
   <trkpt lat="40.4352400" lon="-79.9816980">
    <ele>229.2</ele>
    <time>2026-09-27T19:45:43Z</time>
   </trkpt>
   <trkpt lat="40.4352590" lon="-79.9815910">
    <ele>229.2</ele>
    <time>2026-09-27T19:45:44Z</time>
   </trkpt>
   <trkpt lat="40.4352770" lon="-79.9814840">
    <ele>229.2</ele>
    <time>2026-09-27T19:45:45Z</time>
   </trkpt>
   <trkpt lat="40.4352980" lon="-79.9813780">
    <ele>229.2</ele>
    <time>2026-09-27T19:45:46Z</time>
   </trkpt>
   <trkpt lat="40.4353180" lon="-79.9812720">
    <ele>229.3</ele>
    <time>2026-09-27T19:45:47Z</time>
   </trkpt>
   <trkpt lat="40.4353320" lon="-79.9811640">
    <ele>229.3</ele>
    <time>2026-09-27T19:45:48Z</time>
   </trkpt>
   <trkpt lat="40.4353490" lon="-79.9810590">
    <ele>229.3</ele>
    <time>2026-09-27T19:45:49Z</time>
   </trkpt>
   <trkpt lat="40.4353650" lon="-79.9809560">
    <ele>229.3</ele>
    <time>2026-09-27T19:45:50Z</time>
   </trkpt>
   <trkpt lat="40.4353780" lon="-79.9808520">
    <ele>229.4</ele>
    <time>2026-09-27T19:45:51Z</time>
   </trkpt>
   <trkpt lat="40.4353910" lon="-79.9807460">
    <ele>229.4</ele>
    <time>2026-09-27T19:45:52Z</time>
   </trkpt>
   <trkpt lat="40.4354050" lon="-79.9806410">
    <ele>229.4</ele>
    <time>2026-09-27T19:45:53Z</time>
   </trkpt>
   <trkpt lat="40.4354180" lon="-79.9805350">
    <ele>229.4</ele>
    <time>2026-09-27T19:45:54Z</time>
   </trkpt>
   <trkpt lat="40.4354320" lon="-79.9804360">
    <ele>229.4</ele>
    <time>2026-09-27T19:45:55Z</time>
   </trkpt>
   <trkpt lat="40.4354470" lon="-79.9803360">
    <ele>229.4</ele>
    <time>2026-09-27T19:45:56Z</time>
   </trkpt>
   <trkpt lat="40.4354610" lon="-79.9802360">
    <ele>229.4</ele>
    <time>2026-09-27T19:45:57Z</time>
   </trkpt>
   <trkpt lat="40.4354750" lon="-79.9801340">
    <ele>229.5</ele>
    <time>2026-09-27T19:45:58Z</time>
   </trkpt>
   <trkpt lat="40.4354880" lon="-79.9800350">
    <ele>229.5</ele>
    <time>2026-09-27T19:45:59Z</time>
   </trkpt>
   <trkpt lat="40.4354990" lon="-79.9799320">
    <ele>229.5</ele>
    <time>2026-09-27T19:46:00Z</time>
   </trkpt>
   <trkpt lat="40.4355140" lon="-79.9798310">
    <ele>229.5</ele>
    <time>2026-09-27T19:46:01Z</time>
   </trkpt>
   <trkpt lat="40.4355290" lon="-79.9797310">
    <ele>229.5</ele>
    <time>2026-09-27T19:46:02Z</time>
   </trkpt>
   <trkpt lat="40.4355460" lon="-79.9796340">
    <ele>229.5</ele>
    <time>2026-09-27T19:46:03Z</time>
   </trkpt>
   <trkpt lat="40.4355610" lon="-79.9795350">
    <ele>229.5</ele>
    <time>2026-09-27T19:46:04Z</time>
   </trkpt>
   <trkpt lat="40.4355760" lon="-79.9794400">
    <ele>229.5</ele>
    <time>2026-09-27T19:46:05Z</time>
   </trkpt>
   <trkpt lat="40.4355900" lon="-79.9793410">
    <ele>229.5</ele>
    <time>2026-09-27T19:46:06Z</time>
   </trkpt>
   <trkpt lat="40.4356060" lon="-79.9792460">
    <ele>229.5</ele>
    <time>2026-09-27T19:46:07Z</time>
   </trkpt>
   <trkpt lat="40.4356180" lon="-79.9791510">
    <ele>229.5</ele>
    <time>2026-09-27T19:46:08Z</time>
   </trkpt>
   <trkpt lat="40.4356290" lon="-79.9790580">
    <ele>229.5</ele>
    <time>2026-09-27T19:46:09Z</time>
   </trkpt>
   <trkpt lat="40.4356440" lon="-79.9789630">
    <ele>229.5</ele>
    <time>2026-09-27T19:46:10Z</time>
   </trkpt>
   <trkpt lat="40.4356580" lon="-79.9788690">
    <ele>229.5</ele>
    <time>2026-09-27T19:46:11Z</time>
   </trkpt>
   <trkpt lat="40.4356700" lon="-79.9787720">
    <ele>229.5</ele>
    <time>2026-09-27T19:46:12Z</time>
   </trkpt>
   <trkpt lat="40.4356850" lon="-79.9786820">
    <ele>229.5</ele>
    <time>2026-09-27T19:46:13Z</time>
   </trkpt>
   <trkpt lat="40.4356960" lon="-79.9785900">
    <ele>229.5</ele>
    <time>2026-09-27T19:46:14Z</time>
   </trkpt>
   <trkpt lat="40.4357110" lon="-79.9785040">
    <ele>229.5</ele>
    <time>2026-09-27T19:46:15Z</time>
   </trkpt>
   <trkpt lat="40.4357220" lon="-79.9784160">
    <ele>229.6</ele>
    <time>2026-09-27T19:46:16Z</time>
   </trkpt>
   <trkpt lat="40.4357350" lon="-79.9783270">
    <ele>229.6</ele>
    <time>2026-09-27T19:46:17Z</time>
   </trkpt>
   <trkpt lat="40.4357450" lon="-79.9782400">
    <ele>229.6</ele>
    <time>2026-09-27T19:46:18Z</time>
   </trkpt>
   <trkpt lat="40.4357540" lon="-79.9781560">
    <ele>229.6</ele>
    <time>2026-09-27T19:46:19Z</time>
   </trkpt>
   <trkpt lat="40.4357660" lon="-79.9780730">
    <ele>229.7</ele>
    <time>2026-09-27T19:46:20Z</time>
   </trkpt>
   <trkpt lat="40.4357780" lon="-79.9779900">
    <ele>229.7</ele>
    <time>2026-09-27T19:46:21Z</time>
   </trkpt>
   <trkpt lat="40.4357890" lon="-79.9779090">
    <ele>229.7</ele>
    <time>2026-09-27T19:46:22Z</time>
   </trkpt>
   <trkpt lat="40.4358000" lon="-79.9778280">
    <ele>229.7</ele>
    <time>2026-09-27T19:46:23Z</time>
   </trkpt>
   <trkpt lat="40.4358110" lon="-79.9777460">
    <ele>229.7</ele>
    <time>2026-09-27T19:46:24Z</time>
   </trkpt>
   <trkpt lat="40.4358190" lon="-79.9776650">
    <ele>229.7</ele>
    <time>2026-09-27T19:46:25Z</time>
   </trkpt>
   <trkpt lat="40.4358290" lon="-79.9775830">
    <ele>229.7</ele>
    <time>2026-09-27T19:46:26Z</time>
   </trkpt>
   <trkpt lat="40.4358410" lon="-79.9775020">
    <ele>229.7</ele>
    <time>2026-09-27T19:46:27Z</time>
   </trkpt>
   <trkpt lat="40.4358500" lon="-79.9774190">
    <ele>229.7</ele>
    <time>2026-09-27T19:46:28Z</time>
   </trkpt>
   <trkpt lat="40.4358610" lon="-79.9773350">
    <ele>229.7</ele>
    <time>2026-09-27T19:46:29Z</time>
   </trkpt>
   <trkpt lat="40.4358720" lon="-79.9772530">
    <ele>229.7</ele>
    <time>2026-09-27T19:46:30Z</time>
   </trkpt>
   <trkpt lat="40.4358770" lon="-79.9771690">
    <ele>229.7</ele>
    <time>2026-09-27T19:46:31Z</time>
   </trkpt>
   <trkpt lat="40.4358880" lon="-79.9770880">
    <ele>229.7</ele>
    <time>2026-09-27T19:46:32Z</time>
   </trkpt>
   <trkpt lat="40.4359000" lon="-79.9770080">
    <ele>229.7</ele>
    <time>2026-09-27T19:46:33Z</time>
   </trkpt>
   <trkpt lat="40.4359080" lon="-79.9769250">
    <ele>229.7</ele>
    <time>2026-09-27T19:46:34Z</time>
   </trkpt>
   <trkpt lat="40.4359170" lon="-79.9768430">
    <ele>229.7</ele>
    <time>2026-09-27T19:46:35Z</time>
   </trkpt>
   <trkpt lat="40.4359250" lon="-79.9767600">
    <ele>229.7</ele>
    <time>2026-09-27T19:46:36Z</time>
   </trkpt>
   <trkpt lat="40.4359360" lon="-79.9766750">
    <ele>229.7</ele>
    <time>2026-09-27T19:46:37Z</time>
   </trkpt>
   <trkpt lat="40.4359450" lon="-79.9765950">
    <ele>229.7</ele>
    <time>2026-09-27T19:46:38Z</time>
   </trkpt>
   <trkpt lat="40.4359540" lon="-79.9765120">
    <ele>229.7</ele>
    <time>2026-09-27T19:46:39Z</time>
   </trkpt>
   <trkpt lat="40.4359610" lon="-79.9764270">
    <ele>229.7</ele>
    <time>2026-09-27T19:46:40Z</time>
   </trkpt>
   <trkpt lat="40.4359690" lon="-79.9763470">
    <ele>229.7</ele>
    <time>2026-09-27T19:46:41Z</time>
   </trkpt>
   <trkpt lat="40.4359770" lon="-79.9762660">
    <ele>229.7</ele>
    <time>2026-09-27T19:46:42Z</time>
   </trkpt>
   <trkpt lat="40.4359850" lon="-79.9761850">
    <ele>229.7</ele>
    <time>2026-09-27T19:46:43Z</time>
   </trkpt>
   <trkpt lat="40.4359960" lon="-79.9761020">
    <ele>229.7</ele>
    <time>2026-09-27T19:46:44Z</time>
   </trkpt>
   <trkpt lat="40.4359990" lon="-79.9760190">
    <ele>229.7</ele>
    <time>2026-09-27T19:46:45Z</time>
   </trkpt>
   <trkpt lat="40.4360040" lon="-79.9759360">
    <ele>229.7</ele>
    <time>2026-09-27T19:46:46Z</time>
   </trkpt>
   <trkpt lat="40.4360090" lon="-79.9758500">
    <ele>229.7</ele>
    <time>2026-09-27T19:46:47Z</time>
   </trkpt>
   <trkpt lat="40.4360190" lon="-79.9757640">
    <ele>229.7</ele>
    <time>2026-09-27T19:46:48Z</time>
   </trkpt>
   <trkpt lat="40.4360290" lon="-79.9756800">
    <ele>229.7</ele>
    <time>2026-09-27T19:46:49Z</time>
   </trkpt>
   <trkpt lat="40.4360340" lon="-79.9755940">
    <ele>229.7</ele>
    <time>2026-09-27T19:46:50Z</time>
   </trkpt>
   <trkpt lat="40.4360400" lon="-79.9755090">
    <ele>229.7</ele>
    <time>2026-09-27T19:46:51Z</time>
   </trkpt>
   <trkpt lat="40.4360490" lon="-79.9754270">
    <ele>229.7</ele>
    <time>2026-09-27T19:46:52Z</time>
   </trkpt>
   <trkpt lat="40.4360560" lon="-79.9753420">
    <ele>229.8</ele>
    <time>2026-09-27T19:46:53Z</time>
   </trkpt>
   <trkpt lat="40.4360590" lon="-79.9752550">
    <ele>229.8</ele>
    <time>2026-09-27T19:46:54Z</time>
   </trkpt>
   <trkpt lat="40.4360680" lon="-79.9751650">
    <ele>229.8</ele>
    <time>2026-09-27T19:46:55Z</time>
   </trkpt>
   <trkpt lat="40.4360750" lon="-79.9750790">
    <ele>229.8</ele>
    <time>2026-09-27T19:46:56Z</time>
   </trkpt>
   <trkpt lat="40.4360830" lon="-79.9749910">
    <ele>229.8</ele>
    <time>2026-09-27T19:46:57Z</time>
   </trkpt>
   <trkpt lat="40.4360900" lon="-79.9749030">
    <ele>229.8</ele>
    <time>2026-09-27T19:46:58Z</time>
   </trkpt>
   <trkpt lat="40.4360980" lon="-79.9748210">
    <ele>229.8</ele>
    <time>2026-09-27T19:46:59Z</time>
   </trkpt>
   <trkpt lat="40.4361040" lon="-79.9747390">
    <ele>229.8</ele>
    <time>2026-09-27T19:47:00Z</time>
   </trkpt>
   <trkpt lat="40.4361120" lon="-79.9746550">
    <ele>229.8</ele>
    <time>2026-09-27T19:47:01Z</time>
   </trkpt>
   <trkpt lat="40.4361210" lon="-79.9745720">
    <ele>229.8</ele>
    <time>2026-09-27T19:47:02Z</time>
   </trkpt>
   <trkpt lat="40.4361280" lon="-79.9744910">
    <ele>229.8</ele>
    <time>2026-09-27T19:47:03Z</time>
   </trkpt>
   <trkpt lat="40.4361320" lon="-79.9744090">
    <ele>229.8</ele>
    <time>2026-09-27T19:47:04Z</time>
   </trkpt>
   <trkpt lat="40.4361390" lon="-79.9743300">
    <ele>229.8</ele>
    <time>2026-09-27T19:47:05Z</time>
   </trkpt>
   <trkpt lat="40.4361450" lon="-79.9742490">
    <ele>229.8</ele>
    <time>2026-09-27T19:47:06Z</time>
   </trkpt>
   <trkpt lat="40.4361520" lon="-79.9741650">
    <ele>229.8</ele>
    <time>2026-09-27T19:47:07Z</time>
   </trkpt>
   <trkpt lat="40.4361560" lon="-79.9740840">
    <ele>229.8</ele>
    <time>2026-09-27T19:47:08Z</time>
   </trkpt>
   <trkpt lat="40.4361590" lon="-79.9740020">
    <ele>229.8</ele>
    <time>2026-09-27T19:47:09Z</time>
   </trkpt>
   <trkpt lat="40.4361640" lon="-79.9739220">
    <ele>229.8</ele>
    <time>2026-09-27T19:47:10Z</time>
   </trkpt>
   <trkpt lat="40.4361700" lon="-79.9738400">
    <ele>229.8</ele>
    <time>2026-09-27T19:47:11Z</time>
   </trkpt>
   <trkpt lat="40.4361750" lon="-79.9737580">
    <ele>229.8</ele>
    <time>2026-09-27T19:47:12Z</time>
   </trkpt>
   <trkpt lat="40.4361770" lon="-79.9736800">
    <ele>229.8</ele>
    <time>2026-09-27T19:47:13Z</time>
   </trkpt>
   <trkpt lat="40.4361790" lon="-79.9735980">
    <ele>229.8</ele>
    <time>2026-09-27T19:47:14Z</time>
   </trkpt>
   <trkpt lat="40.4361790" lon="-79.9735170">
    <ele>229.8</ele>
    <time>2026-09-27T19:47:15Z</time>
   </trkpt>
   <trkpt lat="40.4361810" lon="-79.9734350">
    <ele>229.8</ele>
    <time>2026-09-27T19:47:16Z</time>
   </trkpt>
   <trkpt lat="40.4361830" lon="-79.9733550">
    <ele>229.9</ele>
    <time>2026-09-27T19:47:17Z</time>
   </trkpt>
   <trkpt lat="40.4361840" lon="-79.9732740">
    <ele>229.9</ele>
    <time>2026-09-27T19:47:18Z</time>
   </trkpt>
   <trkpt lat="40.4361810" lon="-79.9731890">
    <ele>230.0</ele>
    <time>2026-09-27T19:47:19Z</time>
   </trkpt>
   <trkpt lat="40.4361830" lon="-79.9731090">
    <ele>230.0</ele>
    <time>2026-09-27T19:47:20Z</time>
   </trkpt>
   <trkpt lat="40.4361850" lon="-79.9730330">
    <ele>230.1</ele>
    <time>2026-09-27T19:47:21Z</time>
   </trkpt>
   <trkpt lat="40.4361820" lon="-79.9729620">
    <ele>230.1</ele>
    <time>2026-09-27T19:47:22Z</time>
   </trkpt>
   <trkpt lat="40.4361290" lon="-79.9728730">
    <ele>230.1</ele>
    <time>2026-09-27T19:47:23Z</time>
   </trkpt>
   <trkpt lat="40.4361380" lon="-79.9727950">
    <ele>230.1</ele>
    <time>2026-09-27T19:47:24Z</time>
   </trkpt>
   <trkpt lat="40.4361220" lon="-79.9726920">
    <ele>230.1</ele>
    <time>2026-09-27T19:47:25Z</time>
   </trkpt>
   <trkpt lat="40.4361300" lon="-79.9726270">
    <ele>230.1</ele>
    <time>2026-09-27T19:47:26Z</time>
   </trkpt>
   <trkpt lat="40.4361270" lon="-79.9725220">
    <ele>230.1</ele>
    <time>2026-09-27T19:47:27Z</time>
   </trkpt>
   <trkpt lat="40.4361340" lon="-79.9724350">
    <ele>230.1</ele>
    <time>2026-09-27T19:47:28Z</time>
   </trkpt>
   <trkpt lat="40.4361330" lon="-79.9723570">
    <ele>230.1</ele>
    <time>2026-09-27T19:47:29Z</time>
   </trkpt>
   <trkpt lat="40.4361330" lon="-79.9722800">
    <ele>230.0</ele>
    <time>2026-09-27T19:47:30Z</time>
   </trkpt>
   <trkpt lat="40.4361360" lon="-79.9721970">
    <ele>230.0</ele>
    <time>2026-09-27T19:47:31Z</time>
   </trkpt>
   <trkpt lat="40.4361310" lon="-79.9721100">
    <ele>230.0</ele>
    <time>2026-09-27T19:47:32Z</time>
   </trkpt>
   <trkpt lat="40.4361310" lon="-79.9720260">
    <ele>229.9</ele>
    <time>2026-09-27T19:47:33Z</time>
   </trkpt>
   <trkpt lat="40.4361290" lon="-79.9719440">
    <ele>229.9</ele>
    <time>2026-09-27T19:47:34Z</time>
   </trkpt>
   <trkpt lat="40.4361370" lon="-79.9718480">
    <ele>229.8</ele>
    <time>2026-09-27T19:47:35Z</time>
   </trkpt>
   <trkpt lat="40.4361300" lon="-79.9717690">
    <ele>229.8</ele>
    <time>2026-09-27T19:47:36Z</time>
   </trkpt>
   <trkpt lat="40.4361170" lon="-79.9716930">
    <ele>229.7</ele>
    <time>2026-09-27T19:47:37Z</time>
   </trkpt>
   <trkpt lat="40.4361090" lon="-79.9716170">
    <ele>229.7</ele>
    <time>2026-09-27T19:47:38Z</time>
   </trkpt>
   <trkpt lat="40.4361020" lon="-79.9715420">
    <ele>229.7</ele>
    <time>2026-09-27T19:47:39Z</time>
   </trkpt>
   <trkpt lat="40.4360940" lon="-79.9714640">
    <ele>229.6</ele>
    <time>2026-09-27T19:47:40Z</time>
   </trkpt>
   <trkpt lat="40.4360840" lon="-79.9713920">
    <ele>229.6</ele>
    <time>2026-09-27T19:47:41Z</time>
   </trkpt>
   <trkpt lat="40.4360780" lon="-79.9713200">
    <ele>229.6</ele>
    <time>2026-09-27T19:47:42Z</time>
   </trkpt>
   <trkpt lat="40.4360690" lon="-79.9712510">
    <ele>229.6</ele>
    <time>2026-09-27T19:47:43Z</time>
   </trkpt>
   <trkpt lat="40.4360640" lon="-79.9711880">
    <ele>229.6</ele>
    <time>2026-09-27T19:47:44Z</time>
   </trkpt>
   <trkpt lat="40.4360570" lon="-79.9711240">
    <ele>229.6</ele>
    <time>2026-09-27T19:47:45Z</time>
   </trkpt>
   <trkpt lat="40.4360490" lon="-79.9710540">
    <ele>229.6</ele>
    <time>2026-09-27T19:47:46Z</time>
   </trkpt>
   <trkpt lat="40.4360460" lon="-79.9709910">
    <ele>229.6</ele>
    <time>2026-09-27T19:47:47Z</time>
   </trkpt>
   <trkpt lat="40.4360360" lon="-79.9709270">
    <ele>229.6</ele>
    <time>2026-09-27T19:47:48Z</time>
   </trkpt>
   <trkpt lat="40.4360280" lon="-79.9708450">
    <ele>229.6</ele>
    <time>2026-09-27T19:47:49Z</time>
   </trkpt>
   <trkpt lat="40.4360160" lon="-79.9707700">
    <ele>229.6</ele>
    <time>2026-09-27T19:47:50Z</time>
   </trkpt>
   <trkpt lat="40.4360010" lon="-79.9707010">
    <ele>229.7</ele>
    <time>2026-09-27T19:47:51Z</time>
   </trkpt>
   <trkpt lat="40.4359840" lon="-79.9706310">
    <ele>229.7</ele>
    <time>2026-09-27T19:47:52Z</time>
   </trkpt>
   <trkpt lat="40.4359600" lon="-79.9705610">
    <ele>229.7</ele>
    <time>2026-09-27T19:47:53Z</time>
   </trkpt>
   <trkpt lat="40.4359650" lon="-79.9704900">
    <ele>229.7</ele>
    <time>2026-09-27T19:47:54Z</time>
   </trkpt>
   <trkpt lat="40.4359510" lon="-79.9704100">
    <ele>229.7</ele>
    <time>2026-09-27T19:47:55Z</time>
   </trkpt>
   <trkpt lat="40.4359210" lon="-79.9703430">
    <ele>229.7</ele>
    <time>2026-09-27T19:47:56Z</time>
   </trkpt>
   <trkpt lat="40.4358900" lon="-79.9702810">
    <ele>229.7</ele>
    <time>2026-09-27T19:47:57Z</time>
   </trkpt>
   <trkpt lat="40.4358640" lon="-79.9701950">
    <ele>229.6</ele>
    <time>2026-09-27T19:47:58Z</time>
   </trkpt>
   <trkpt lat="40.4358270" lon="-79.9701010">
    <ele>229.6</ele>
    <time>2026-09-27T19:47:59Z</time>
   </trkpt>
   <trkpt lat="40.4357960" lon="-79.9700200">
    <ele>229.5</ele>
    <time>2026-09-27T19:48:00Z</time>
   </trkpt>
   <trkpt lat="40.4357600" lon="-79.9699340">
    <ele>229.5</ele>
    <time>2026-09-27T19:48:01Z</time>
   </trkpt>
   <trkpt lat="40.4357410" lon="-79.9698830">
    <ele>229.4</ele>
    <time>2026-09-27T19:48:02Z</time>
   </trkpt>
   <trkpt lat="40.4357060" lon="-79.9698220">
    <ele>229.4</ele>
    <time>2026-09-27T19:48:03Z</time>
   </trkpt>
   <trkpt lat="40.4356800" lon="-79.9697570">
    <ele>229.4</ele>
    <time>2026-09-27T19:48:04Z</time>
   </trkpt>
   <trkpt lat="40.4356530" lon="-79.9696450">
    <ele>229.3</ele>
    <time>2026-09-27T19:48:05Z</time>
   </trkpt>
   <trkpt lat="40.4356210" lon="-79.9695510">
    <ele>229.3</ele>
    <time>2026-09-27T19:48:06Z</time>
   </trkpt>
   <trkpt lat="40.4356040" lon="-79.9694540">
    <ele>229.2</ele>
    <time>2026-09-27T19:48:07Z</time>
   </trkpt>
   <trkpt lat="40.4355860" lon="-79.9693590">
    <ele>229.2</ele>
    <time>2026-09-27T19:48:08Z</time>
   </trkpt>
   <trkpt lat="40.4355640" lon="-79.9692640">
    <ele>229.2</ele>
    <time>2026-09-27T19:48:09Z</time>
   </trkpt>
   <trkpt lat="40.4355390" lon="-79.9691720">
    <ele>229.2</ele>
    <time>2026-09-27T19:48:10Z</time>
   </trkpt>
   <trkpt lat="40.4355160" lon="-79.9690780">
    <ele>229.1</ele>
    <time>2026-09-27T19:48:11Z</time>
   </trkpt>
   <trkpt lat="40.4354910" lon="-79.9689900">
    <ele>229.1</ele>
    <time>2026-09-27T19:48:12Z</time>
   </trkpt>
   <trkpt lat="40.4354660" lon="-79.9688880">
    <ele>229.1</ele>
    <time>2026-09-27T19:48:13Z</time>
   </trkpt>
   <trkpt lat="40.4354490" lon="-79.9687930">
    <ele>229.0</ele>
    <time>2026-09-27T19:48:14Z</time>
   </trkpt>
   <trkpt lat="40.4354290" lon="-79.9687000">
    <ele>229.0</ele>
    <time>2026-09-27T19:48:15Z</time>
   </trkpt>
   <trkpt lat="40.4354130" lon="-79.9686050">
    <ele>229.0</ele>
    <time>2026-09-27T19:48:16Z</time>
   </trkpt>
   <trkpt lat="40.4353890" lon="-79.9685170">
    <ele>228.9</ele>
    <time>2026-09-27T19:48:17Z</time>
   </trkpt>
   <trkpt lat="40.4353740" lon="-79.9684210">
    <ele>228.9</ele>
    <time>2026-09-27T19:48:18Z</time>
   </trkpt>
   <trkpt lat="40.4353480" lon="-79.9683380">
    <ele>228.9</ele>
    <time>2026-09-27T19:48:19Z</time>
   </trkpt>
   <trkpt lat="40.4353330" lon="-79.9682450">
    <ele>228.9</ele>
    <time>2026-09-27T19:48:20Z</time>
   </trkpt>
   <trkpt lat="40.4353130" lon="-79.9681630">
    <ele>228.9</ele>
    <time>2026-09-27T19:48:21Z</time>
   </trkpt>
   <trkpt lat="40.4352900" lon="-79.9680750">
    <ele>228.8</ele>
    <time>2026-09-27T19:48:22Z</time>
   </trkpt>
   <trkpt lat="40.4352700" lon="-79.9679940">
    <ele>228.8</ele>
    <time>2026-09-27T19:48:23Z</time>
   </trkpt>
   <trkpt lat="40.4352490" lon="-79.9678900">
    <ele>228.8</ele>
    <time>2026-09-27T19:48:24Z</time>
   </trkpt>
   <trkpt lat="40.4352270" lon="-79.9678010">
    <ele>228.8</ele>
    <time>2026-09-27T19:48:25Z</time>
   </trkpt>
   <trkpt lat="40.4352020" lon="-79.9677280">
    <ele>228.8</ele>
    <time>2026-09-27T19:48:26Z</time>
   </trkpt>
   <trkpt lat="40.4351800" lon="-79.9676520">
    <ele>228.7</ele>
    <time>2026-09-27T19:48:27Z</time>
   </trkpt>
   <trkpt lat="40.4351620" lon="-79.9675800">
    <ele>228.7</ele>
    <time>2026-09-27T19:48:28Z</time>
   </trkpt>
   <trkpt lat="40.4351450" lon="-79.9675090">
    <ele>228.7</ele>
    <time>2026-09-27T19:48:29Z</time>
   </trkpt>
   <trkpt lat="40.4351190" lon="-79.9674470">
    <ele>228.7</ele>
    <time>2026-09-27T19:48:30Z</time>
   </trkpt>
   <trkpt lat="40.4350990" lon="-79.9673790">
    <ele>228.7</ele>
    <time>2026-09-27T19:48:31Z</time>
   </trkpt>
   <trkpt lat="40.4350780" lon="-79.9673140">
    <ele>228.7</ele>
    <time>2026-09-27T19:48:32Z</time>
   </trkpt>
   <trkpt lat="40.4350560" lon="-79.9672530">
    <ele>228.6</ele>
    <time>2026-09-27T19:48:33Z</time>
   </trkpt>
   <trkpt lat="40.4350370" lon="-79.9671900">
    <ele>228.6</ele>
    <time>2026-09-27T19:48:34Z</time>
   </trkpt>
   <trkpt lat="40.4350170" lon="-79.9671250">
    <ele>228.6</ele>
    <time>2026-09-27T19:48:35Z</time>
   </trkpt>
   <trkpt lat="40.4349980" lon="-79.9670630">
    <ele>228.6</ele>
    <time>2026-09-27T19:48:36Z</time>
   </trkpt>
   <trkpt lat="40.4349740" lon="-79.9670060">
    <ele>228.6</ele>
    <time>2026-09-27T19:48:37Z</time>
   </trkpt>
   <trkpt lat="40.4349560" lon="-79.9669490">
    <ele>228.6</ele>
    <time>2026-09-27T19:48:38Z</time>
   </trkpt>
   <trkpt lat="40.4349330" lon="-79.9668870">
    <ele>228.6</ele>
    <time>2026-09-27T19:48:39Z</time>
   </trkpt>
   <trkpt lat="40.4349090" lon="-79.9668270">
    <ele>228.5</ele>
    <time>2026-09-27T19:48:40Z</time>
   </trkpt>
   <trkpt lat="40.4348840" lon="-79.9667670">
    <ele>228.5</ele>
    <time>2026-09-27T19:48:41Z</time>
   </trkpt>
   <trkpt lat="40.4348580" lon="-79.9667140">
    <ele>228.5</ele>
    <time>2026-09-27T19:48:42Z</time>
   </trkpt>
   <trkpt lat="40.4348260" lon="-79.9666520">
    <ele>228.5</ele>
    <time>2026-09-27T19:48:43Z</time>
   </trkpt>
   <trkpt lat="40.4348040" lon="-79.9665950">
    <ele>228.5</ele>
    <time>2026-09-27T19:48:44Z</time>
   </trkpt>
   <trkpt lat="40.4347820" lon="-79.9665290">
    <ele>228.5</ele>
    <time>2026-09-27T19:48:45Z</time>
   </trkpt>
   <trkpt lat="40.4347540" lon="-79.9664660">
    <ele>228.5</ele>
    <time>2026-09-27T19:48:46Z</time>
   </trkpt>
   <trkpt lat="40.4347210" lon="-79.9664050">
    <ele>228.5</ele>
    <time>2026-09-27T19:48:47Z</time>
   </trkpt>
   <trkpt lat="40.4346930" lon="-79.9663340">
    <ele>228.5</ele>
    <time>2026-09-27T19:48:48Z</time>
   </trkpt>
   <trkpt lat="40.4346620" lon="-79.9662590">
    <ele>228.5</ele>
    <time>2026-09-27T19:48:49Z</time>
   </trkpt>
   <trkpt lat="40.4346340" lon="-79.9661900">
    <ele>228.5</ele>
    <time>2026-09-27T19:48:50Z</time>
   </trkpt>
   <trkpt lat="40.4346050" lon="-79.9661240">
    <ele>228.5</ele>
    <time>2026-09-27T19:48:51Z</time>
   </trkpt>
   <trkpt lat="40.4345720" lon="-79.9660530">
    <ele>228.5</ele>
    <time>2026-09-27T19:48:52Z</time>
   </trkpt>
   <trkpt lat="40.4345420" lon="-79.9659850">
    <ele>228.6</ele>
    <time>2026-09-27T19:48:53Z</time>
   </trkpt>
   <trkpt lat="40.4345100" lon="-79.9659090">
    <ele>228.6</ele>
    <time>2026-09-27T19:48:54Z</time>
   </trkpt>
   <trkpt lat="40.4344810" lon="-79.9658320">
    <ele>228.6</ele>
    <time>2026-09-27T19:48:55Z</time>
   </trkpt>
   <trkpt lat="40.4344510" lon="-79.9657590">
    <ele>228.6</ele>
    <time>2026-09-27T19:48:56Z</time>
   </trkpt>
   <trkpt lat="40.4344180" lon="-79.9656850">
    <ele>228.6</ele>
    <time>2026-09-27T19:48:57Z</time>
   </trkpt>
   <trkpt lat="40.4343850" lon="-79.9656090">
    <ele>228.6</ele>
    <time>2026-09-27T19:48:58Z</time>
   </trkpt>
   <trkpt lat="40.4343540" lon="-79.9655340">
    <ele>228.6</ele>
    <time>2026-09-27T19:48:59Z</time>
   </trkpt>
   <trkpt lat="40.4343190" lon="-79.9654590">
    <ele>228.6</ele>
    <time>2026-09-27T19:49:00Z</time>
   </trkpt>
   <trkpt lat="40.4342830" lon="-79.9653840">
    <ele>228.6</ele>
    <time>2026-09-27T19:49:01Z</time>
   </trkpt>
   <trkpt lat="40.4342470" lon="-79.9653110">
    <ele>228.6</ele>
    <time>2026-09-27T19:49:02Z</time>
   </trkpt>
   <trkpt lat="40.4342180" lon="-79.9652350">
    <ele>228.6</ele>
    <time>2026-09-27T19:49:03Z</time>
   </trkpt>
   <trkpt lat="40.4341850" lon="-79.9651560">
    <ele>228.6</ele>
    <time>2026-09-27T19:49:04Z</time>
   </trkpt>
   <trkpt lat="40.4341500" lon="-79.9650820">
    <ele>228.6</ele>
    <time>2026-09-27T19:49:05Z</time>
   </trkpt>
   <trkpt lat="40.4341150" lon="-79.9650080">
    <ele>228.6</ele>
    <time>2026-09-27T19:49:06Z</time>
   </trkpt>
   <trkpt lat="40.4340830" lon="-79.9649340">
    <ele>228.6</ele>
    <time>2026-09-27T19:49:07Z</time>
   </trkpt>
   <trkpt lat="40.4340520" lon="-79.9648600">
    <ele>228.6</ele>
    <time>2026-09-27T19:49:08Z</time>
   </trkpt>
   <trkpt lat="40.4340190" lon="-79.9647850">
    <ele>228.7</ele>
    <time>2026-09-27T19:49:09Z</time>
   </trkpt>
   <trkpt lat="40.4339830" lon="-79.9647070">
    <ele>228.7</ele>
    <time>2026-09-27T19:49:10Z</time>
   </trkpt>
   <trkpt lat="40.4339510" lon="-79.9646360">
    <ele>228.7</ele>
    <time>2026-09-27T19:49:11Z</time>
   </trkpt>
   <trkpt lat="40.4339170" lon="-79.9645600">
    <ele>228.7</ele>
    <time>2026-09-27T19:49:12Z</time>
   </trkpt>
   <trkpt lat="40.4338850" lon="-79.9644850">
    <ele>228.8</ele>
    <time>2026-09-27T19:49:13Z</time>
   </trkpt>
   <trkpt lat="40.4338510" lon="-79.9644080">
    <ele>228.8</ele>
    <time>2026-09-27T19:49:14Z</time>
   </trkpt>
   <trkpt lat="40.4338180" lon="-79.9643300">
    <ele>228.8</ele>
    <time>2026-09-27T19:49:15Z</time>
   </trkpt>
   <trkpt lat="40.4337880" lon="-79.9642520">
    <ele>228.8</ele>
    <time>2026-09-27T19:49:16Z</time>
   </trkpt>
   <trkpt lat="40.4337550" lon="-79.9641760">
    <ele>228.8</ele>
    <time>2026-09-27T19:49:17Z</time>
   </trkpt>
   <trkpt lat="40.4337210" lon="-79.9641040">
    <ele>228.8</ele>
    <time>2026-09-27T19:49:18Z</time>
   </trkpt>
   <trkpt lat="40.4336870" lon="-79.9640280">
    <ele>228.8</ele>
    <time>2026-09-27T19:49:19Z</time>
   </trkpt>
   <trkpt lat="40.4336550" lon="-79.9639510">
    <ele>228.9</ele>
    <time>2026-09-27T19:49:20Z</time>
   </trkpt>
   <trkpt lat="40.4336220" lon="-79.9638750">
    <ele>228.9</ele>
    <time>2026-09-27T19:49:21Z</time>
   </trkpt>
   <trkpt lat="40.4335960" lon="-79.9637950">
    <ele>229.0</ele>
    <time>2026-09-27T19:49:22Z</time>
   </trkpt>
   <trkpt lat="40.4335630" lon="-79.9637180">
    <ele>229.0</ele>
    <time>2026-09-27T19:49:23Z</time>
   </trkpt>
   <trkpt lat="40.4335370" lon="-79.9636390">
    <ele>229.0</ele>
    <time>2026-09-27T19:49:24Z</time>
   </trkpt>
   <trkpt lat="40.4335070" lon="-79.9635640">
    <ele>229.0</ele>
    <time>2026-09-27T19:49:25Z</time>
   </trkpt>
   <trkpt lat="40.4334810" lon="-79.9634890">
    <ele>229.0</ele>
    <time>2026-09-27T19:49:26Z</time>
   </trkpt>
   <trkpt lat="40.4334580" lon="-79.9634090">
    <ele>229.0</ele>
    <time>2026-09-27T19:49:27Z</time>
   </trkpt>
   <trkpt lat="40.4334180" lon="-79.9633410">
    <ele>229.0</ele>
    <time>2026-09-27T19:49:28Z</time>
   </trkpt>
   <trkpt lat="40.4333810" lon="-79.9632670">
    <ele>229.0</ele>
    <time>2026-09-27T19:49:29Z</time>
   </trkpt>
   <trkpt lat="40.4333500" lon="-79.9631900">
    <ele>229.0</ele>
    <time>2026-09-27T19:49:30Z</time>
   </trkpt>
   <trkpt lat="40.4333190" lon="-79.9631150">
    <ele>229.0</ele>
    <time>2026-09-27T19:49:31Z</time>
   </trkpt>
   <trkpt lat="40.4332840" lon="-79.9630350">
    <ele>229.1</ele>
    <time>2026-09-27T19:49:32Z</time>
   </trkpt>
   <trkpt lat="40.4332540" lon="-79.9629570">
    <ele>229.1</ele>
    <time>2026-09-27T19:49:33Z</time>
   </trkpt>
   <trkpt lat="40.4332190" lon="-79.9628800">
    <ele>229.1</ele>
    <time>2026-09-27T19:49:34Z</time>
   </trkpt>
   <trkpt lat="40.4331910" lon="-79.9628070">
    <ele>229.1</ele>
    <time>2026-09-27T19:49:35Z</time>
   </trkpt>
   <trkpt lat="40.4331530" lon="-79.9627280">
    <ele>229.1</ele>
    <time>2026-09-27T19:49:36Z</time>
   </trkpt>
   <trkpt lat="40.4331170" lon="-79.9626490">
    <ele>229.1</ele>
    <time>2026-09-27T19:49:37Z</time>
   </trkpt>
   <trkpt lat="40.4330800" lon="-79.9625680">
    <ele>229.1</ele>
    <time>2026-09-27T19:49:38Z</time>
   </trkpt>
   <trkpt lat="40.4330460" lon="-79.9624870">
    <ele>229.1</ele>
    <time>2026-09-27T19:49:39Z</time>
   </trkpt>
   <trkpt lat="40.4330080" lon="-79.9624110">
    <ele>229.1</ele>
    <time>2026-09-27T19:49:40Z</time>
   </trkpt>
   <trkpt lat="40.4329750" lon="-79.9623290">
    <ele>229.2</ele>
    <time>2026-09-27T19:49:41Z</time>
   </trkpt>
   <trkpt lat="40.4329430" lon="-79.9622440">
    <ele>229.2</ele>
    <time>2026-09-27T19:49:42Z</time>
   </trkpt>
   <trkpt lat="40.4329030" lon="-79.9621660">
    <ele>229.1</ele>
    <time>2026-09-27T19:49:43Z</time>
   </trkpt>
   <trkpt lat="40.4328620" lon="-79.9620850">
    <ele>229.1</ele>
    <time>2026-09-27T19:49:44Z</time>
   </trkpt>
   <trkpt lat="40.4328250" lon="-79.9620120">
    <ele>229.1</ele>
    <time>2026-09-27T19:49:45Z</time>
   </trkpt>
   <trkpt lat="40.4327910" lon="-79.9619350">
    <ele>229.0</ele>
    <time>2026-09-27T19:49:46Z</time>
   </trkpt>
   <trkpt lat="40.4327590" lon="-79.9618580">
    <ele>229.0</ele>
    <time>2026-09-27T19:49:47Z</time>
   </trkpt>
   <trkpt lat="40.4327280" lon="-79.9617830">
    <ele>229.0</ele>
    <time>2026-09-27T19:49:48Z</time>
   </trkpt>
   <trkpt lat="40.4327000" lon="-79.9617100">
    <ele>229.0</ele>
    <time>2026-09-27T19:49:49Z</time>
   </trkpt>
   <trkpt lat="40.4326700" lon="-79.9616510">
    <ele>229.0</ele>
    <time>2026-09-27T19:49:50Z</time>
   </trkpt>
   <trkpt lat="40.4326400" lon="-79.9615810">
    <ele>229.0</ele>
    <time>2026-09-27T19:49:51Z</time>
   </trkpt>
   <trkpt lat="40.4326220" lon="-79.9614990">
    <ele>229.0</ele>
    <time>2026-09-27T19:49:52Z</time>
   </trkpt>
   <trkpt lat="40.4325950" lon="-79.9614320">
    <ele>229.0</ele>
    <time>2026-09-27T19:49:53Z</time>
   </trkpt>
   <trkpt lat="40.4325620" lon="-79.9613740">
    <ele>229.0</ele>
    <time>2026-09-27T19:49:54Z</time>
   </trkpt>
   <trkpt lat="40.4325300" lon="-79.9613150">
    <ele>229.0</ele>
    <time>2026-09-27T19:49:55Z</time>
   </trkpt>
   <trkpt lat="40.4325000" lon="-79.9612550">
    <ele>229.0</ele>
    <time>2026-09-27T19:49:56Z</time>
   </trkpt>
   <trkpt lat="40.4324680" lon="-79.9611910">
    <ele>229.0</ele>
    <time>2026-09-27T19:49:57Z</time>
   </trkpt>
   <trkpt lat="40.4324350" lon="-79.9611340">
    <ele>229.0</ele>
    <time>2026-09-27T19:49:58Z</time>
   </trkpt>
   <trkpt lat="40.4324070" lon="-79.9610710">
    <ele>229.0</ele>
    <time>2026-09-27T19:49:59Z</time>
   </trkpt>
   <trkpt lat="40.4323760" lon="-79.9610070">
    <ele>229.0</ele>
    <time>2026-09-27T19:50:00Z</time>
   </trkpt>
   <trkpt lat="40.4323520" lon="-79.9609440">
    <ele>229.0</ele>
    <time>2026-09-27T19:50:01Z</time>
   </trkpt>
   <trkpt lat="40.4323210" lon="-79.9608790">
    <ele>229.0</ele>
    <time>2026-09-27T19:50:02Z</time>
   </trkpt>
   <trkpt lat="40.4322940" lon="-79.9608140">
    <ele>229.0</ele>
    <time>2026-09-27T19:50:03Z</time>
   </trkpt>
   <trkpt lat="40.4322610" lon="-79.9607490">
    <ele>229.0</ele>
    <time>2026-09-27T19:50:04Z</time>
   </trkpt>
   <trkpt lat="40.4322300" lon="-79.9606850">
    <ele>229.0</ele>
    <time>2026-09-27T19:50:05Z</time>
   </trkpt>
   <trkpt lat="40.4321970" lon="-79.9606230">
    <ele>229.0</ele>
    <time>2026-09-27T19:50:06Z</time>
   </trkpt>
   <trkpt lat="40.4321670" lon="-79.9605560">
    <ele>229.1</ele>
    <time>2026-09-27T19:50:07Z</time>
   </trkpt>
   <trkpt lat="40.4321420" lon="-79.9604920">
    <ele>229.1</ele>
    <time>2026-09-27T19:50:08Z</time>
   </trkpt>
   <trkpt lat="40.4321130" lon="-79.9604250">
    <ele>229.2</ele>
    <time>2026-09-27T19:50:09Z</time>
   </trkpt>
   <trkpt lat="40.4320810" lon="-79.9603680">
    <ele>229.3</ele>
    <time>2026-09-27T19:50:10Z</time>
   </trkpt>
   <trkpt lat="40.4320460" lon="-79.9603010">
    <ele>229.4</ele>
    <time>2026-09-27T19:50:11Z</time>
   </trkpt>
   <trkpt lat="40.4320120" lon="-79.9602340">
    <ele>229.5</ele>
    <time>2026-09-27T19:50:12Z</time>
   </trkpt>
   <trkpt lat="40.4319810" lon="-79.9601700">
    <ele>229.7</ele>
    <time>2026-09-27T19:50:13Z</time>
   </trkpt>
   <trkpt lat="40.4319480" lon="-79.9600970">
    <ele>229.8</ele>
    <time>2026-09-27T19:50:14Z</time>
   </trkpt>
   <trkpt lat="40.4319090" lon="-79.9600220">
    <ele>229.9</ele>
    <time>2026-09-27T19:50:15Z</time>
   </trkpt>
   <trkpt lat="40.4318720" lon="-79.9599490">
    <ele>230.0</ele>
    <time>2026-09-27T19:50:16Z</time>
   </trkpt>
   <trkpt lat="40.4318330" lon="-79.9598720">
    <ele>230.2</ele>
    <time>2026-09-27T19:50:17Z</time>
   </trkpt>
   <trkpt lat="40.4317950" lon="-79.9598010">
    <ele>230.3</ele>
    <time>2026-09-27T19:50:18Z</time>
   </trkpt>
   <trkpt lat="40.4317500" lon="-79.9597260">
    <ele>230.4</ele>
    <time>2026-09-27T19:50:19Z</time>
   </trkpt>
   <trkpt lat="40.4317090" lon="-79.9596420">
    <ele>230.6</ele>
    <time>2026-09-27T19:50:20Z</time>
   </trkpt>
   <trkpt lat="40.4316620" lon="-79.9595650">
    <ele>230.7</ele>
    <time>2026-09-27T19:50:21Z</time>
   </trkpt>
   <trkpt lat="40.4316180" lon="-79.9594920">
    <ele>230.8</ele>
    <time>2026-09-27T19:50:22Z</time>
   </trkpt>
   <trkpt lat="40.4315730" lon="-79.9594200">
    <ele>230.9</ele>
    <time>2026-09-27T19:50:23Z</time>
   </trkpt>
   <trkpt lat="40.4315360" lon="-79.9593480">
    <ele>230.9</ele>
    <time>2026-09-27T19:50:24Z</time>
   </trkpt>
   <trkpt lat="40.4315000" lon="-79.9592860">
    <ele>230.9</ele>
    <time>2026-09-27T19:50:25Z</time>
   </trkpt>
   <trkpt lat="40.4314580" lon="-79.9592300">
    <ele>230.9</ele>
    <time>2026-09-27T19:50:26Z</time>
   </trkpt>
   <trkpt lat="40.4314180" lon="-79.9591760">
    <ele>230.9</ele>
    <time>2026-09-27T19:50:27Z</time>
   </trkpt>
   <trkpt lat="40.4313800" lon="-79.9591220">
    <ele>230.9</ele>
    <time>2026-09-27T19:50:28Z</time>
   </trkpt>
   <trkpt lat="40.4313420" lon="-79.9590750">
    <ele>230.9</ele>
    <time>2026-09-27T19:50:29Z</time>
   </trkpt>
   <trkpt lat="40.4313080" lon="-79.9590210">
    <ele>230.9</ele>
    <time>2026-09-27T19:50:30Z</time>
   </trkpt>
   <trkpt lat="40.4312760" lon="-79.9589690">
    <ele>230.8</ele>
    <time>2026-09-27T19:50:31Z</time>
   </trkpt>
   <trkpt lat="40.4312420" lon="-79.9589220">
    <ele>230.8</ele>
    <time>2026-09-27T19:50:32Z</time>
   </trkpt>
   <trkpt lat="40.4312060" lon="-79.9588750">
    <ele>230.7</ele>
    <time>2026-09-27T19:50:33Z</time>
   </trkpt>
   <trkpt lat="40.4311680" lon="-79.9588330">
    <ele>230.6</ele>
    <time>2026-09-27T19:50:34Z</time>
   </trkpt>
   <trkpt lat="40.4311270" lon="-79.9587900">
    <ele>230.5</ele>
    <time>2026-09-27T19:50:35Z</time>
   </trkpt>
   <trkpt lat="40.4310830" lon="-79.9587480">
    <ele>230.3</ele>
    <time>2026-09-27T19:50:36Z</time>
   </trkpt>
   <trkpt lat="40.4310410" lon="-79.9587130">
    <ele>230.2</ele>
    <time>2026-09-27T19:50:37Z</time>
   </trkpt>
   <trkpt lat="40.4310010" lon="-79.9586800">
    <ele>230.1</ele>
    <time>2026-09-27T19:50:38Z</time>
   </trkpt>
   <trkpt lat="40.4309670" lon="-79.9586450">
    <ele>230.0</ele>
    <time>2026-09-27T19:50:39Z</time>
   </trkpt>
   <trkpt lat="40.4309350" lon="-79.9586060">
    <ele>229.9</ele>
    <time>2026-09-27T19:50:40Z</time>
   </trkpt>
   <trkpt lat="40.4309040" lon="-79.9585730">
    <ele>229.8</ele>
    <time>2026-09-27T19:50:41Z</time>
   </trkpt>
   <trkpt lat="40.4308720" lon="-79.9585440">
    <ele>229.7</ele>
    <time>2026-09-27T19:50:42Z</time>
   </trkpt>
   <trkpt lat="40.4308360" lon="-79.9585100">
    <ele>229.7</ele>
    <time>2026-09-27T19:50:43Z</time>
   </trkpt>
   <trkpt lat="40.4307910" lon="-79.9584610">
    <ele>229.6</ele>
    <time>2026-09-27T19:50:44Z</time>
   </trkpt>
   <trkpt lat="40.4307560" lon="-79.9584200">
    <ele>229.5</ele>
    <time>2026-09-27T19:50:45Z</time>
   </trkpt>
   <trkpt lat="40.4307180" lon="-79.9583770">
    <ele>229.4</ele>
    <time>2026-09-27T19:50:46Z</time>
   </trkpt>
   <trkpt lat="40.4306760" lon="-79.9583310">
    <ele>229.3</ele>
    <time>2026-09-27T19:50:47Z</time>
   </trkpt>
   <trkpt lat="40.4306370" lon="-79.9582900">
    <ele>229.3</ele>
    <time>2026-09-27T19:50:48Z</time>
   </trkpt>
   <trkpt lat="40.4306090" lon="-79.9582540">
    <ele>229.3</ele>
    <time>2026-09-27T19:50:49Z</time>
   </trkpt>
   <trkpt lat="40.4305760" lon="-79.9582220">
    <ele>229.2</ele>
    <time>2026-09-27T19:50:50Z</time>
   </trkpt>
   <trkpt lat="40.4305450" lon="-79.9581910">
    <ele>229.2</ele>
    <time>2026-09-27T19:50:51Z</time>
   </trkpt>
   <trkpt lat="40.4305180" lon="-79.9581570">
    <ele>229.2</ele>
    <time>2026-09-27T19:50:52Z</time>
   </trkpt>
   <trkpt lat="40.4304950" lon="-79.9581170">
    <ele>229.2</ele>
    <time>2026-09-27T19:50:53Z</time>
   </trkpt>
   <trkpt lat="40.4304630" lon="-79.9580780">
    <ele>229.2</ele>
    <time>2026-09-27T19:50:54Z</time>
   </trkpt>
   <trkpt lat="40.4304310" lon="-79.9580340">
    <ele>229.2</ele>
    <time>2026-09-27T19:50:55Z</time>
   </trkpt>
   <trkpt lat="40.4303970" lon="-79.9579920">
    <ele>229.3</ele>
    <time>2026-09-27T19:50:56Z</time>
   </trkpt>
   <trkpt lat="40.4303550" lon="-79.9579510">
    <ele>229.3</ele>
    <time>2026-09-27T19:50:57Z</time>
   </trkpt>
   <trkpt lat="40.4303180" lon="-79.9579070">
    <ele>229.3</ele>
    <time>2026-09-27T19:50:58Z</time>
   </trkpt>
   <trkpt lat="40.4302780" lon="-79.9578620">
    <ele>229.3</ele>
    <time>2026-09-27T19:50:59Z</time>
   </trkpt>
   <trkpt lat="40.4302330" lon="-79.9578170">
    <ele>229.4</ele>
    <time>2026-09-27T19:51:00Z</time>
   </trkpt>
   <trkpt lat="40.4301850" lon="-79.9577760">
    <ele>229.4</ele>
    <time>2026-09-27T19:51:01Z</time>
   </trkpt>
   <trkpt lat="40.4301380" lon="-79.9577300">
    <ele>229.4</ele>
    <time>2026-09-27T19:51:02Z</time>
   </trkpt>
   <trkpt lat="40.4300920" lon="-79.9576840">
    <ele>229.4</ele>
    <time>2026-09-27T19:51:03Z</time>
   </trkpt>
   <trkpt lat="40.4300500" lon="-79.9576380">
    <ele>229.5</ele>
    <time>2026-09-27T19:51:04Z</time>
   </trkpt>
   <trkpt lat="40.4300080" lon="-79.9575880">
    <ele>229.5</ele>
    <time>2026-09-27T19:51:05Z</time>
   </trkpt>
   <trkpt lat="40.4299620" lon="-79.9575360">
    <ele>229.5</ele>
    <time>2026-09-27T19:51:06Z</time>
   </trkpt>
   <trkpt lat="40.4299150" lon="-79.9574910">
    <ele>229.5</ele>
    <time>2026-09-27T19:51:07Z</time>
   </trkpt>
   <trkpt lat="40.4298660" lon="-79.9574420">
    <ele>229.6</ele>
    <time>2026-09-27T19:51:08Z</time>
   </trkpt>
   <trkpt lat="40.4298180" lon="-79.9573890">
    <ele>229.6</ele>
    <time>2026-09-27T19:51:09Z</time>
   </trkpt>
   <trkpt lat="40.4297660" lon="-79.9573420">
    <ele>229.6</ele>
    <time>2026-09-27T19:51:10Z</time>
   </trkpt>
   <trkpt lat="40.4297200" lon="-79.9572970">
    <ele>229.6</ele>
    <time>2026-09-27T19:51:11Z</time>
   </trkpt>
   <trkpt lat="40.4296670" lon="-79.9572530">
    <ele>229.7</ele>
    <time>2026-09-27T19:51:12Z</time>
   </trkpt>
   <trkpt lat="40.4296150" lon="-79.9572090">
    <ele>229.7</ele>
    <time>2026-09-27T19:51:13Z</time>
   </trkpt>
   <trkpt lat="40.4295650" lon="-79.9571560">
    <ele>229.7</ele>
    <time>2026-09-27T19:51:14Z</time>
   </trkpt>
   <trkpt lat="40.4295140" lon="-79.9571030">
    <ele>229.7</ele>
    <time>2026-09-27T19:51:15Z</time>
   </trkpt>
   <trkpt lat="40.4294640" lon="-79.9570470">
    <ele>229.7</ele>
    <time>2026-09-27T19:51:16Z</time>
   </trkpt>
   <trkpt lat="40.4294120" lon="-79.9569960">
    <ele>229.6</ele>
    <time>2026-09-27T19:51:17Z</time>
   </trkpt>
   <trkpt lat="40.4293620" lon="-79.9569460">
    <ele>229.6</ele>
    <time>2026-09-27T19:51:18Z</time>
   </trkpt>
   <trkpt lat="40.4293110" lon="-79.9568940">
    <ele>229.6</ele>
    <time>2026-09-27T19:51:19Z</time>
   </trkpt>
   <trkpt lat="40.4292610" lon="-79.9568430">
    <ele>229.5</ele>
    <time>2026-09-27T19:51:20Z</time>
   </trkpt>
   <trkpt lat="40.4292160" lon="-79.9567910">
    <ele>229.5</ele>
    <time>2026-09-27T19:51:21Z</time>
   </trkpt>
   <trkpt lat="40.4291640" lon="-79.9567390">
    <ele>229.5</ele>
    <time>2026-09-27T19:51:22Z</time>
   </trkpt>
   <trkpt lat="40.4291150" lon="-79.9566830">
    <ele>229.5</ele>
    <time>2026-09-27T19:51:23Z</time>
   </trkpt>
   <trkpt lat="40.4290720" lon="-79.9566200">
    <ele>229.5</ele>
    <time>2026-09-27T19:51:24Z</time>
   </trkpt>
   <trkpt lat="40.4290250" lon="-79.9565630">
    <ele>229.5</ele>
    <time>2026-09-27T19:51:25Z</time>
   </trkpt>
   <trkpt lat="40.4289750" lon="-79.9565080">
    <ele>229.5</ele>
    <time>2026-09-27T19:51:26Z</time>
   </trkpt>
   <trkpt lat="40.4289210" lon="-79.9564550">
    <ele>229.5</ele>
    <time>2026-09-27T19:51:27Z</time>
   </trkpt>
   <trkpt lat="40.4288700" lon="-79.9564040">
    <ele>229.5</ele>
    <time>2026-09-27T19:51:28Z</time>
   </trkpt>
   <trkpt lat="40.4288160" lon="-79.9563460">
    <ele>229.5</ele>
    <time>2026-09-27T19:51:29Z</time>
   </trkpt>
   <trkpt lat="40.4287640" lon="-79.9562900">
    <ele>229.5</ele>
    <time>2026-09-27T19:51:30Z</time>
   </trkpt>
   <trkpt lat="40.4287080" lon="-79.9562360">
    <ele>229.5</ele>
    <time>2026-09-27T19:51:31Z</time>
   </trkpt>
   <trkpt lat="40.4286550" lon="-79.9561870">
    <ele>229.5</ele>
    <time>2026-09-27T19:51:32Z</time>
   </trkpt>
   <trkpt lat="40.4286030" lon="-79.9561330">
    <ele>229.5</ele>
    <time>2026-09-27T19:51:33Z</time>
   </trkpt>
   <trkpt lat="40.4285500" lon="-79.9560830">
    <ele>229.5</ele>
    <time>2026-09-27T19:51:34Z</time>
   </trkpt>
   <trkpt lat="40.4284960" lon="-79.9560300">
    <ele>229.6</ele>
    <time>2026-09-27T19:51:35Z</time>
   </trkpt>
   <trkpt lat="40.4284460" lon="-79.9559750">
    <ele>229.6</ele>
    <time>2026-09-27T19:51:36Z</time>
   </trkpt>
   <trkpt lat="40.4284010" lon="-79.9559110">
    <ele>229.6</ele>
    <time>2026-09-27T19:51:37Z</time>
   </trkpt>
   <trkpt lat="40.4283510" lon="-79.9558580">
    <ele>229.6</ele>
    <time>2026-09-27T19:51:38Z</time>
   </trkpt>
   <trkpt lat="40.4282970" lon="-79.9558130">
    <ele>229.6</ele>
    <time>2026-09-27T19:51:39Z</time>
   </trkpt>
   <trkpt lat="40.4282420" lon="-79.9557650">
    <ele>229.6</ele>
    <time>2026-09-27T19:51:40Z</time>
   </trkpt>
   <trkpt lat="40.4281920" lon="-79.9557180">
    <ele>229.7</ele>
    <time>2026-09-27T19:51:42Z</time>
   </trkpt>
   <trkpt lat="40.4281410" lon="-79.9556680">
    <ele>229.7</ele>
    <time>2026-09-27T19:51:43Z</time>
   </trkpt>
   <trkpt lat="40.4280900" lon="-79.9556130">
    <ele>229.7</ele>
    <time>2026-09-27T19:51:44Z</time>
   </trkpt>
   <trkpt lat="40.4280410" lon="-79.9555650">
    <ele>229.8</ele>
    <time>2026-09-27T19:51:45Z</time>
   </trkpt>
   <trkpt lat="40.4279910" lon="-79.9555130">
    <ele>229.8</ele>
    <time>2026-09-27T19:51:46Z</time>
   </trkpt>
   <trkpt lat="40.4279420" lon="-79.9554630">
    <ele>229.9</ele>
    <time>2026-09-27T19:51:47Z</time>
   </trkpt>
   <trkpt lat="40.4278920" lon="-79.9554160">
    <ele>229.9</ele>
    <time>2026-09-27T19:51:48Z</time>
   </trkpt>
   <trkpt lat="40.4278420" lon="-79.9553690">
    <ele>229.9</ele>
    <time>2026-09-27T19:51:49Z</time>
   </trkpt>
   <trkpt lat="40.4277920" lon="-79.9553200">
    <ele>229.9</ele>
    <time>2026-09-27T19:51:50Z</time>
   </trkpt>
   <trkpt lat="40.4277410" lon="-79.9552750">
    <ele>230.0</ele>
    <time>2026-09-27T19:51:51Z</time>
   </trkpt>
   <trkpt lat="40.4276920" lon="-79.9552280">
    <ele>230.0</ele>
    <time>2026-09-27T19:51:52Z</time>
   </trkpt>
   <trkpt lat="40.4276380" lon="-79.9551840">
    <ele>230.0</ele>
    <time>2026-09-27T19:51:53Z</time>
   </trkpt>
   <trkpt lat="40.4275910" lon="-79.9551320">
    <ele>230.1</ele>
    <time>2026-09-27T19:51:54Z</time>
   </trkpt>
   <trkpt lat="40.4275430" lon="-79.9550810">
    <ele>230.1</ele>
    <time>2026-09-27T19:51:55Z</time>
   </trkpt>
   <trkpt lat="40.4274950" lon="-79.9550300">
    <ele>230.2</ele>
    <time>2026-09-27T19:51:56Z</time>
   </trkpt>
   <trkpt lat="40.4274420" lon="-79.9549790">
    <ele>230.2</ele>
    <time>2026-09-27T19:51:57Z</time>
   </trkpt>
   <trkpt lat="40.4273890" lon="-79.9549360">
    <ele>230.2</ele>
    <time>2026-09-27T19:51:58Z</time>
   </trkpt>
   <trkpt lat="40.4273350" lon="-79.9548820">
    <ele>230.2</ele>
    <time>2026-09-27T19:51:59Z</time>
   </trkpt>
   <trkpt lat="40.4272870" lon="-79.9548320">
    <ele>230.3</ele>
    <time>2026-09-27T19:52:00Z</time>
   </trkpt>
   <trkpt lat="40.4272340" lon="-79.9547790">
    <ele>230.3</ele>
    <time>2026-09-27T19:52:01Z</time>
   </trkpt>
   <trkpt lat="40.4271800" lon="-79.9547230">
    <ele>230.4</ele>
    <time>2026-09-27T19:52:02Z</time>
   </trkpt>
   <trkpt lat="40.4271310" lon="-79.9546720">
    <ele>230.4</ele>
    <time>2026-09-27T19:52:03Z</time>
   </trkpt>
   <trkpt lat="40.4270220" lon="-79.9545550">
    <ele>230.6</ele>
    <time>2026-09-27T19:52:04Z</time>
   </trkpt>
   <trkpt lat="40.4269610" lon="-79.9545030">
    <ele>230.6</ele>
    <time>2026-09-27T19:52:05Z</time>
   </trkpt>
   <trkpt lat="40.4269010" lon="-79.9544470">
    <ele>230.7</ele>
    <time>2026-09-27T19:52:06Z</time>
   </trkpt>
   <trkpt lat="40.4268440" lon="-79.9543940">
    <ele>230.8</ele>
    <time>2026-09-27T19:52:07Z</time>
   </trkpt>
   <trkpt lat="40.4267910" lon="-79.9543360">
    <ele>230.9</ele>
    <time>2026-09-27T19:52:08Z</time>
   </trkpt>
   <trkpt lat="40.4267300" lon="-79.9542940">
    <ele>231.0</ele>
    <time>2026-09-27T19:52:09Z</time>
   </trkpt>
   <trkpt lat="40.4266770" lon="-79.9542460">
    <ele>231.0</ele>
    <time>2026-09-27T19:52:10Z</time>
   </trkpt>
   <trkpt lat="40.4266280" lon="-79.9541910">
    <ele>231.1</ele>
    <time>2026-09-27T19:52:11Z</time>
   </trkpt>
   <trkpt lat="40.4265760" lon="-79.9541470">
    <ele>231.2</ele>
    <time>2026-09-27T19:52:12Z</time>
   </trkpt>
   <trkpt lat="40.4265290" lon="-79.9541010">
    <ele>231.3</ele>
    <time>2026-09-27T19:52:13Z</time>
   </trkpt>
   <trkpt lat="40.4264900" lon="-79.9540680">
    <ele>231.3</ele>
    <time>2026-09-27T19:52:14Z</time>
   </trkpt>
   <trkpt lat="40.4264510" lon="-79.9540290">
    <ele>231.4</ele>
    <time>2026-09-27T19:52:15Z</time>
   </trkpt>
   <trkpt lat="40.4264150" lon="-79.9539860">
    <ele>231.4</ele>
    <time>2026-09-27T19:52:16Z</time>
   </trkpt>
   <trkpt lat="40.4263790" lon="-79.9539430">
    <ele>231.5</ele>
    <time>2026-09-27T19:52:17Z</time>
   </trkpt>
   <trkpt lat="40.4263490" lon="-79.9539020">
    <ele>231.6</ele>
    <time>2026-09-27T19:52:18Z</time>
   </trkpt>
   <trkpt lat="40.4263210" lon="-79.9538590">
    <ele>231.6</ele>
    <time>2026-09-27T19:52:19Z</time>
   </trkpt>
   <trkpt lat="40.4262930" lon="-79.9538200">
    <ele>231.6</ele>
    <time>2026-09-27T19:52:20Z</time>
   </trkpt>
   <trkpt lat="40.4262670" lon="-79.9537760">
    <ele>231.7</ele>
    <time>2026-09-27T19:52:21Z</time>
   </trkpt>
   <trkpt lat="40.4262460" lon="-79.9537340">
    <ele>231.7</ele>
    <time>2026-09-27T19:52:22Z</time>
   </trkpt>
   <trkpt lat="40.4262270" lon="-79.9536920">
    <ele>231.8</ele>
    <time>2026-09-27T19:52:23Z</time>
   </trkpt>
   <trkpt lat="40.4262030" lon="-79.9536550">
    <ele>231.8</ele>
    <time>2026-09-27T19:52:24Z</time>
   </trkpt>
   <trkpt lat="40.4261840" lon="-79.9536220">
    <ele>231.8</ele>
    <time>2026-09-27T19:52:25Z</time>
   </trkpt>
   <trkpt lat="40.4261670" lon="-79.9535820">
    <ele>231.8</ele>
    <time>2026-09-27T19:52:26Z</time>
   </trkpt>
   <trkpt lat="40.4261520" lon="-79.9535430">
    <ele>231.9</ele>
    <time>2026-09-27T19:52:27Z</time>
   </trkpt>
   <trkpt lat="40.4261330" lon="-79.9535020">
    <ele>231.9</ele>
    <time>2026-09-27T19:52:28Z</time>
   </trkpt>
   <trkpt lat="40.4261160" lon="-79.9534640">
    <ele>231.9</ele>
    <time>2026-09-27T19:52:29Z</time>
   </trkpt>
   <trkpt lat="40.4260940" lon="-79.9534290">
    <ele>231.9</ele>
    <time>2026-09-27T19:52:30Z</time>
   </trkpt>
   <trkpt lat="40.4260740" lon="-79.9533860">
    <ele>231.9</ele>
    <time>2026-09-27T19:52:31Z</time>
   </trkpt>
   <trkpt lat="40.4260630" lon="-79.9533440">
    <ele>231.9</ele>
    <time>2026-09-27T19:52:32Z</time>
   </trkpt>
   <trkpt lat="40.4260420" lon="-79.9533070">
    <ele>231.9</ele>
    <time>2026-09-27T19:52:33Z</time>
   </trkpt>
   <trkpt lat="40.4260170" lon="-79.9532930">
    <ele>231.8</ele>
    <time>2026-09-27T19:52:34Z</time>
   </trkpt>
   <trkpt lat="40.4259840" lon="-79.9532810">
    <ele>231.6</ele>
    <time>2026-09-27T19:52:35Z</time>
   </trkpt>
   <trkpt lat="40.4259480" lon="-79.9532810">
    <ele>231.5</ele>
    <time>2026-09-27T19:52:36Z</time>
   </trkpt>
   <trkpt lat="40.4259150" lon="-79.9532930">
    <ele>231.5</ele>
    <time>2026-09-27T19:52:37Z</time>
   </trkpt>
   <trkpt lat="40.4258870" lon="-79.9533100">
    <ele>231.5</ele>
    <time>2026-09-27T19:52:38Z</time>
   </trkpt>
   <trkpt lat="40.4258580" lon="-79.9533160">
    <ele>231.6</ele>
    <time>2026-09-27T19:52:39Z</time>
   </trkpt>
   <trkpt lat="40.4258420" lon="-79.9533120">
    <ele>231.6</ele>
    <time>2026-09-27T19:52:40Z</time>
   </trkpt>
   <trkpt lat="40.4258250" lon="-79.9533200">
    <ele>231.6</ele>
    <time>2026-09-27T19:52:41Z</time>
   </trkpt>
   <trkpt lat="40.4257950" lon="-79.9533250">
    <ele>231.6</ele>
    <time>2026-09-27T19:52:42Z</time>
   </trkpt>
   <trkpt lat="40.4257680" lon="-79.9533280">
    <ele>231.7</ele>
    <time>2026-09-27T19:52:43Z</time>
   </trkpt>
   <trkpt lat="40.4257480" lon="-79.9533310">
    <ele>231.7</ele>
    <time>2026-09-27T19:52:44Z</time>
   </trkpt>
   <trkpt lat="40.4257270" lon="-79.9533210">
    <ele>231.7</ele>
    <time>2026-09-27T19:52:45Z</time>
   </trkpt>
   <trkpt lat="40.4257020" lon="-79.9533000">
    <ele>231.8</ele>
    <time>2026-09-27T19:52:46Z</time>
   </trkpt>
   <trkpt lat="40.4256710" lon="-79.9532800">
    <ele>231.8</ele>
    <time>2026-09-27T19:52:47Z</time>
   </trkpt>
   <trkpt lat="40.4256340" lon="-79.9532620">
    <ele>231.8</ele>
    <time>2026-09-27T19:52:48Z</time>
   </trkpt>
   <trkpt lat="40.4255980" lon="-79.9532370">
    <ele>231.8</ele>
    <time>2026-09-27T19:52:49Z</time>
   </trkpt>
   <trkpt lat="40.4255570" lon="-79.9532150">
    <ele>231.9</ele>
    <time>2026-09-27T19:52:50Z</time>
   </trkpt>
   <trkpt lat="40.4255130" lon="-79.9531960">
    <ele>232.1</ele>
    <time>2026-09-27T19:52:51Z</time>
   </trkpt>
   <trkpt lat="40.4254750" lon="-79.9531790">
    <ele>232.2</ele>
    <time>2026-09-27T19:52:52Z</time>
   </trkpt>
   <trkpt lat="40.4254380" lon="-79.9531630">
    <ele>232.2</ele>
    <time>2026-09-27T19:52:53Z</time>
   </trkpt>
   <trkpt lat="40.4254030" lon="-79.9531440">
    <ele>232.5</ele>
    <time>2026-09-27T19:52:54Z</time>
   </trkpt>
   <trkpt lat="40.4253700" lon="-79.9531260">
    <ele>232.2</ele>
    <time>2026-09-27T19:52:55Z</time>
   </trkpt>
   <trkpt lat="40.4253410" lon="-79.9531020">
    <ele>232.5</ele>
    <time>2026-09-27T19:52:56Z</time>
   </trkpt>
   <trkpt lat="40.4253120" lon="-79.9530740">
    <ele>232.3</ele>
    <time>2026-09-27T19:52:57Z</time>
   </trkpt>
   <trkpt lat="40.4252880" lon="-79.9530490">
    <ele>232.5</ele>
    <time>2026-09-27T19:52:58Z</time>
   </trkpt>
   <trkpt lat="40.4252630" lon="-79.9530260">
    <ele>232.3</ele>
    <time>2026-09-27T19:52:59Z</time>
   </trkpt>
   <trkpt lat="40.4252370" lon="-79.9530020">
    <ele>232.1</ele>
    <time>2026-09-27T19:53:00Z</time>
   </trkpt>
   <trkpt lat="40.4252100" lon="-79.9529740">
    <ele>232.3</ele>
    <time>2026-09-27T19:53:01Z</time>
   </trkpt>
   <trkpt lat="40.4251800" lon="-79.9529470">
    <ele>232.3</ele>
    <time>2026-09-27T19:53:02Z</time>
   </trkpt>
   <trkpt lat="40.4251520" lon="-79.9529210">
    <ele>232.7</ele>
    <time>2026-09-27T19:53:03Z</time>
   </trkpt>
   <trkpt lat="40.4251210" lon="-79.9529020">
    <ele>232.8</ele>
    <time>2026-09-27T19:53:04Z</time>
   </trkpt>
   <trkpt lat="40.4250870" lon="-79.9528950">
    <ele>231.8</ele>
    <time>2026-09-27T19:53:05Z</time>
   </trkpt>
   <trkpt lat="40.4250570" lon="-79.9528880">
    <ele>229.4</ele>
    <time>2026-09-27T19:53:06Z</time>
   </trkpt>
   <trkpt lat="40.4250280" lon="-79.9528800">
    <ele>227.0</ele>
    <time>2026-09-27T19:53:07Z</time>
   </trkpt>
   <trkpt lat="40.4250000" lon="-79.9528790">
    <ele>227.0</ele>
    <time>2026-09-27T19:53:08Z</time>
   </trkpt>
   <trkpt lat="40.4249720" lon="-79.9528750">
    <ele>225.5</ele>
    <time>2026-09-27T19:53:09Z</time>
   </trkpt>
   <trkpt lat="40.4249490" lon="-79.9528570">
    <ele>225.3</ele>
    <time>2026-09-27T19:53:10Z</time>
   </trkpt>
   <trkpt lat="40.4249410" lon="-79.9528240">
    <ele>225.8</ele>
    <time>2026-09-27T19:53:11Z</time>
   </trkpt>
   <trkpt lat="40.4249510" lon="-79.9527900">
    <ele>225.8</ele>
    <time>2026-09-27T19:53:12Z</time>
   </trkpt>
   <trkpt lat="40.4249740" lon="-79.9527890">
    <ele>226.7</ele>
    <time>2026-09-27T19:53:13Z</time>
   </trkpt>
   <trkpt lat="40.4250090" lon="-79.9527740">
    <ele>229.1</ele>
    <time>2026-09-27T19:53:14Z</time>
   </trkpt>
   <trkpt lat="40.4250180" lon="-79.9527930">
    <ele>228.4</ele>
    <time>2026-09-27T19:53:15Z</time>
   </trkpt>
   <trkpt lat="40.4250410" lon="-79.9527970">
    <ele>230.2</ele>
    <time>2026-09-27T19:53:16Z</time>
   </trkpt>
   <trkpt lat="40.4250730" lon="-79.9528030">
    <ele>231.7</ele>
    <time>2026-09-27T19:53:17Z</time>
   </trkpt>
   <trkpt lat="40.4251340" lon="-79.9528010">
    <ele>232.1</ele>
    <time>2026-09-27T19:53:18Z</time>
   </trkpt>
   <trkpt lat="40.4251770" lon="-79.9527830">
    <ele>231.7</ele>
    <time>2026-09-27T19:53:19Z</time>
   </trkpt>
   <trkpt lat="40.4252110" lon="-79.9527680">
    <ele>231.8</ele>
    <time>2026-09-27T19:53:20Z</time>
   </trkpt>
   <trkpt lat="40.4252410" lon="-79.9527560">
    <ele>231.8</ele>
    <time>2026-09-27T19:53:21Z</time>
   </trkpt>
   <trkpt lat="40.4252670" lon="-79.9527530">
    <ele>231.8</ele>
    <time>2026-09-27T19:53:22Z</time>
   </trkpt>
   <trkpt lat="40.4252970" lon="-79.9527510">
    <ele>231.8</ele>
    <time>2026-09-27T19:53:23Z</time>
   </trkpt>
   <trkpt lat="40.4253270" lon="-79.9527600">
    <ele>231.8</ele>
    <time>2026-09-27T19:53:24Z</time>
   </trkpt>
   <trkpt lat="40.4253570" lon="-79.9527650">
    <ele>231.9</ele>
    <time>2026-09-27T19:53:25Z</time>
   </trkpt>
   <trkpt lat="40.4253900" lon="-79.9527550">
    <ele>231.9</ele>
    <time>2026-09-27T19:53:26Z</time>
   </trkpt>
   <trkpt lat="40.4254190" lon="-79.9527510">
    <ele>231.9</ele>
    <time>2026-09-27T19:53:27Z</time>
   </trkpt>
   <trkpt lat="40.4254440" lon="-79.9527420">
    <ele>232.0</ele>
    <time>2026-09-27T19:53:28Z</time>
   </trkpt>
   <trkpt lat="40.4254760" lon="-79.9527300">
    <ele>232.1</ele>
    <time>2026-09-27T19:53:29Z</time>
   </trkpt>
   <trkpt lat="40.4255010" lon="-79.9527260">
    <ele>232.1</ele>
    <time>2026-09-27T19:53:30Z</time>
   </trkpt>
   <trkpt lat="40.4255290" lon="-79.9527260">
    <ele>232.1</ele>
    <time>2026-09-27T19:53:31Z</time>
   </trkpt>
   <trkpt lat="40.4255530" lon="-79.9527250">
    <ele>232.1</ele>
    <time>2026-09-27T19:53:32Z</time>
   </trkpt>
   <trkpt lat="40.4255790" lon="-79.9527270">
    <ele>232.1</ele>
    <time>2026-09-27T19:53:33Z</time>
   </trkpt>
   <trkpt lat="40.4256040" lon="-79.9527250">
    <ele>232.2</ele>
    <time>2026-09-27T19:53:34Z</time>
   </trkpt>
   <trkpt lat="40.4256290" lon="-79.9527220">
    <ele>232.2</ele>
    <time>2026-09-27T19:53:35Z</time>
   </trkpt>
   <trkpt lat="40.4256520" lon="-79.9527260">
    <ele>232.2</ele>
    <time>2026-09-27T19:53:36Z</time>
   </trkpt>
   <trkpt lat="40.4256790" lon="-79.9527290">
    <ele>232.2</ele>
    <time>2026-09-27T19:53:37Z</time>
   </trkpt>
   <trkpt lat="40.4257060" lon="-79.9527320">
    <ele>232.2</ele>
    <time>2026-09-27T19:53:38Z</time>
   </trkpt>
   <trkpt lat="40.4257300" lon="-79.9527380">
    <ele>232.2</ele>
    <time>2026-09-27T19:53:39Z</time>
   </trkpt>
   <trkpt lat="40.4257610" lon="-79.9527480">
    <ele>232.2</ele>
    <time>2026-09-27T19:53:40Z</time>
   </trkpt>
   <trkpt lat="40.4257940" lon="-79.9527590">
    <ele>232.2</ele>
    <time>2026-09-27T19:53:41Z</time>
   </trkpt>
   <trkpt lat="40.4258270" lon="-79.9527670">
    <ele>232.3</ele>
    <time>2026-09-27T19:53:42Z</time>
   </trkpt>
   <trkpt lat="40.4258570" lon="-79.9527660">
    <ele>232.3</ele>
    <time>2026-09-27T19:53:43Z</time>
   </trkpt>
   <trkpt lat="40.4258920" lon="-79.9527660">
    <ele>232.3</ele>
    <time>2026-09-27T19:53:44Z</time>
   </trkpt>
   <trkpt lat="40.4259270" lon="-79.9527630">
    <ele>232.2</ele>
    <time>2026-09-27T19:53:45Z</time>
   </trkpt>
   <trkpt lat="40.4259590" lon="-79.9527640">
    <ele>232.0</ele>
    <time>2026-09-27T19:53:46Z</time>
   </trkpt>
   <trkpt lat="40.4259900" lon="-79.9527640">
    <ele>231.9</ele>
    <time>2026-09-27T19:53:48Z</time>
   </trkpt>
   <trkpt lat="40.4260070" lon="-79.9527590">
    <ele>231.9</ele>
    <time>2026-09-27T19:53:49Z</time>
   </trkpt>
   <trkpt lat="40.4260460" lon="-79.9527500">
    <ele>231.8</ele>
    <time>2026-09-27T19:53:50Z</time>
   </trkpt>
   <trkpt lat="40.4260880" lon="-79.9527520">
    <ele>231.8</ele>
    <time>2026-09-27T19:53:51Z</time>
   </trkpt>
   <trkpt lat="40.4261230" lon="-79.9527540">
    <ele>231.8</ele>
    <time>2026-09-27T19:53:52Z</time>
   </trkpt>
   <trkpt lat="40.4261580" lon="-79.9527550">
    <ele>231.9</ele>
    <time>2026-09-27T19:53:53Z</time>
   </trkpt>
   <trkpt lat="40.4261910" lon="-79.9527570">
    <ele>231.9</ele>
    <time>2026-09-27T19:53:54Z</time>
   </trkpt>
   <trkpt lat="40.4262190" lon="-79.9527620">
    <ele>231.9</ele>
    <time>2026-09-27T19:53:55Z</time>
   </trkpt>
   <trkpt lat="40.4262440" lon="-79.9527590">
    <ele>231.9</ele>
    <time>2026-09-27T19:53:56Z</time>
   </trkpt>
   <trkpt lat="40.4262680" lon="-79.9527540">
    <ele>231.9</ele>
    <time>2026-09-27T19:53:57Z</time>
   </trkpt>
   <trkpt lat="40.4262920" lon="-79.9527500">
    <ele>231.8</ele>
    <time>2026-09-27T19:53:58Z</time>
   </trkpt>
   <trkpt lat="40.4263200" lon="-79.9527560">
    <ele>231.7</ele>
    <time>2026-09-27T19:53:59Z</time>
   </trkpt>
   <trkpt lat="40.4263480" lon="-79.9527550">
    <ele>231.7</ele>
    <time>2026-09-27T19:54:00Z</time>
   </trkpt>
   <trkpt lat="40.4263800" lon="-79.9527450">
    <ele>231.5</ele>
    <time>2026-09-27T19:54:01Z</time>
   </trkpt>
   <trkpt lat="40.4264150" lon="-79.9527310">
    <ele>231.4</ele>
    <time>2026-09-27T19:54:02Z</time>
   </trkpt>
   <trkpt lat="40.4264510" lon="-79.9527120">
    <ele>231.2</ele>
    <time>2026-09-27T19:54:03Z</time>
   </trkpt>
   <trkpt lat="40.4264950" lon="-79.9527350">
    <ele>231.1</ele>
    <time>2026-09-27T19:54:04Z</time>
   </trkpt>
   <trkpt lat="40.4265180" lon="-79.9527770">
    <ele>230.6</ele>
    <time>2026-09-27T19:54:05Z</time>
   </trkpt>
   <trkpt lat="40.4265170" lon="-79.9528240">
    <ele>230.3</ele>
    <time>2026-09-27T19:54:06Z</time>
   </trkpt>
   <trkpt lat="40.4264950" lon="-79.9528760">
    <ele>229.8</ele>
    <time>2026-09-27T19:54:07Z</time>
   </trkpt>
   <trkpt lat="40.4264610" lon="-79.9529180">
    <ele>229.3</ele>
    <time>2026-09-27T19:54:08Z</time>
   </trkpt>
   <trkpt lat="40.4264200" lon="-79.9529580">
    <ele>228.9</ele>
    <time>2026-09-27T19:54:09Z</time>
   </trkpt>
   <trkpt lat="40.4263810" lon="-79.9530000">
    <ele>228.4</ele>
    <time>2026-09-27T19:54:10Z</time>
   </trkpt>
   <trkpt lat="40.4263530" lon="-79.9530410">
    <ele>228.1</ele>
    <time>2026-09-27T19:54:11Z</time>
   </trkpt>
   <trkpt lat="40.4263230" lon="-79.9530770">
    <ele>227.7</ele>
    <time>2026-09-27T19:54:12Z</time>
   </trkpt>
   <trkpt lat="40.4262760" lon="-79.9531570">
    <ele>227.1</ele>
    <time>2026-09-27T19:54:13Z</time>
   </trkpt>
   <trkpt lat="40.4262450" lon="-79.9532060">
    <ele>226.8</ele>
    <time>2026-09-27T19:54:14Z</time>
   </trkpt>
   <trkpt lat="40.4262170" lon="-79.9532710">
    <ele>226.4</ele>
    <time>2026-09-27T19:54:15Z</time>
   </trkpt>
   <trkpt lat="40.4261830" lon="-79.9533300">
    <ele>226.1</ele>
    <time>2026-09-27T19:54:16Z</time>
   </trkpt>
   <trkpt lat="40.4261470" lon="-79.9533850">
    <ele>225.9</ele>
    <time>2026-09-27T19:54:17Z</time>
   </trkpt>
   <trkpt lat="40.4261130" lon="-79.9534370">
    <ele>225.8</ele>
    <time>2026-09-27T19:54:18Z</time>
   </trkpt>
   <trkpt lat="40.4260850" lon="-79.9534830">
    <ele>225.7</ele>
    <time>2026-09-27T19:54:19Z</time>
   </trkpt>
   <trkpt lat="40.4260620" lon="-79.9535220">
    <ele>225.6</ele>
    <time>2026-09-27T19:54:20Z</time>
   </trkpt>
   <trkpt lat="40.4260140" lon="-79.9535540">
    <ele>225.5</ele>
    <time>2026-09-27T19:54:21Z</time>
   </trkpt>
   <trkpt lat="40.4259930" lon="-79.9535660">
    <ele>225.4</ele>
    <time>2026-09-27T19:54:22Z</time>
   </trkpt>
   <trkpt lat="40.4259750" lon="-79.9535840">
    <ele>225.4</ele>
    <time>2026-09-27T19:54:23Z</time>
   </trkpt>
   <trkpt lat="40.4259570" lon="-79.9536010">
    <ele>225.3</ele>
    <time>2026-09-27T19:54:24Z</time>
   </trkpt>
   <trkpt lat="40.4259260" lon="-79.9536470">
    <ele>225.2</ele>
    <time>2026-09-27T19:54:25Z</time>
   </trkpt>
   <trkpt lat="40.4259070" lon="-79.9536820">
    <ele>225.1</ele>
    <time>2026-09-27T19:54:26Z</time>
   </trkpt>
   <trkpt lat="40.4258830" lon="-79.9536840">
    <ele>225.0</ele>
    <time>2026-09-27T19:54:27Z</time>
   </trkpt>
   <trkpt lat="40.4258640" lon="-79.9536600">
    <ele>224.9</ele>
    <time>2026-09-27T19:54:28Z</time>
   </trkpt>
   <trkpt lat="40.4258380" lon="-79.9536370">
    <ele>224.8</ele>
    <time>2026-09-27T19:54:29Z</time>
   </trkpt>
   <trkpt lat="40.4258060" lon="-79.9536090">
    <ele>224.6</ele>
    <time>2026-09-27T19:54:30Z</time>
   </trkpt>
   <trkpt lat="40.4257760" lon="-79.9535820">
    <ele>224.5</ele>
    <time>2026-09-27T19:54:31Z</time>
   </trkpt>
   <trkpt lat="40.4257460" lon="-79.9535610">
    <ele>224.4</ele>
    <time>2026-09-27T19:54:32Z</time>
   </trkpt>
   <trkpt lat="40.4257160" lon="-79.9535360">
    <ele>224.4</ele>
    <time>2026-09-27T19:54:33Z</time>
   </trkpt>
   <trkpt lat="40.4256870" lon="-79.9535100">
    <ele>224.3</ele>
    <time>2026-09-27T19:54:34Z</time>
   </trkpt>
   <trkpt lat="40.4256580" lon="-79.9534870">
    <ele>224.3</ele>
    <time>2026-09-27T19:54:35Z</time>
   </trkpt>
   <trkpt lat="40.4256160" lon="-79.9534960">
    <ele>224.3</ele>
    <time>2026-09-27T19:54:36Z</time>
   </trkpt>
   <trkpt lat="40.4255730" lon="-79.9534850">
    <ele>224.3</ele>
    <time>2026-09-27T19:54:37Z</time>
   </trkpt>
   <trkpt lat="40.4255450" lon="-79.9534490">
    <ele>224.4</ele>
    <time>2026-09-27T19:54:38Z</time>
   </trkpt>
   <trkpt lat="40.4255200" lon="-79.9534270">
    <ele>224.4</ele>
    <time>2026-09-27T19:54:39Z</time>
   </trkpt>
   <trkpt lat="40.4254990" lon="-79.9534020">
    <ele>224.4</ele>
    <time>2026-09-27T19:54:40Z</time>
   </trkpt>
   <trkpt lat="40.4254640" lon="-79.9533880">
    <ele>224.5</ele>
    <time>2026-09-27T19:54:41Z</time>
   </trkpt>
   <trkpt lat="40.4254370" lon="-79.9533630">
    <ele>224.5</ele>
    <time>2026-09-27T19:54:42Z</time>
   </trkpt>
   <trkpt lat="40.4254110" lon="-79.9533390">
    <ele>224.6</ele>
    <time>2026-09-27T19:54:43Z</time>
   </trkpt>
   <trkpt lat="40.4253800" lon="-79.9533290">
    <ele>224.6</ele>
    <time>2026-09-27T19:54:44Z</time>
   </trkpt>
   <trkpt lat="40.4253570" lon="-79.9533050">
    <ele>224.7</ele>
    <time>2026-09-27T19:54:45Z</time>
   </trkpt>
   <trkpt lat="40.4253300" lon="-79.9532790">
    <ele>224.8</ele>
    <time>2026-09-27T19:54:46Z</time>
   </trkpt>
   <trkpt lat="40.4253020" lon="-79.9532570">
    <ele>224.9</ele>
    <time>2026-09-27T19:54:47Z</time>
   </trkpt>
   <trkpt lat="40.4252680" lon="-79.9532410">
    <ele>225.0</ele>
    <time>2026-09-27T19:54:48Z</time>
   </trkpt>
   <trkpt lat="40.4252420" lon="-79.9532110">
    <ele>225.1</ele>
    <time>2026-09-27T19:54:49Z</time>
   </trkpt>
   <trkpt lat="40.4252120" lon="-79.9531900">
    <ele>225.2</ele>
    <time>2026-09-27T19:54:50Z</time>
   </trkpt>
   <trkpt lat="40.4251770" lon="-79.9531740">
    <ele>225.3</ele>
    <time>2026-09-27T19:54:51Z</time>
   </trkpt>
   <trkpt lat="40.4251420" lon="-79.9531510">
    <ele>225.4</ele>
    <time>2026-09-27T19:54:52Z</time>
   </trkpt>
   <trkpt lat="40.4251120" lon="-79.9531270">
    <ele>225.6</ele>
    <time>2026-09-27T19:54:53Z</time>
   </trkpt>
   <trkpt lat="40.4250890" lon="-79.9531020">
    <ele>225.7</ele>
    <time>2026-09-27T19:54:54Z</time>
   </trkpt>
   <trkpt lat="40.4250660" lon="-79.9530740">
    <ele>225.8</ele>
    <time>2026-09-27T19:54:55Z</time>
   </trkpt>
   <trkpt lat="40.4250370" lon="-79.9530540">
    <ele>226.0</ele>
    <time>2026-09-27T19:54:56Z</time>
   </trkpt>
   <trkpt lat="40.4250110" lon="-79.9530140">
    <ele>226.1</ele>
    <time>2026-09-27T19:54:57Z</time>
   </trkpt>
   <trkpt lat="40.4249920" lon="-79.9529760">
    <ele>226.3</ele>
    <time>2026-09-27T19:54:58Z</time>
   </trkpt>
   <trkpt lat="40.4249820" lon="-79.9529310">
    <ele>226.5</ele>
    <time>2026-09-27T19:54:59Z</time>
   </trkpt>
   <trkpt lat="40.4249800" lon="-79.9528850">
    <ele>226.6</ele>
    <time>2026-09-27T19:55:00Z</time>
   </trkpt>
   <trkpt lat="40.4249750" lon="-79.9528500">
    <ele>226.8</ele>
    <time>2026-09-27T19:55:01Z</time>
   </trkpt>
   <trkpt lat="40.4249710" lon="-79.9528160">
    <ele>226.9</ele>
    <time>2026-09-27T19:55:02Z</time>
   </trkpt>
   <trkpt lat="40.4249670" lon="-79.9527770">
    <ele>227.0</ele>
    <time>2026-09-27T19:55:03Z</time>
   </trkpt>
   <trkpt lat="40.4249650" lon="-79.9527450">
    <ele>227.1</ele>
    <time>2026-09-27T19:55:04Z</time>
   </trkpt>
   <trkpt lat="40.4249600" lon="-79.9527110">
    <ele>227.2</ele>
    <time>2026-09-27T19:55:05Z</time>
   </trkpt>
   <trkpt lat="40.4249980" lon="-79.9526180">
    <ele>227.7</ele>
    <time>2026-09-27T19:55:06Z</time>
   </trkpt>
   <trkpt lat="40.4249930" lon="-79.9525870">
    <ele>227.8</ele>
    <time>2026-09-27T19:55:07Z</time>
   </trkpt>
   <trkpt lat="40.4249840" lon="-79.9525620">
    <ele>227.9</ele>
    <time>2026-09-27T19:55:08Z</time>
   </trkpt>
   <trkpt lat="40.4249870" lon="-79.9525330">
    <ele>228.0</ele>
    <time>2026-09-27T19:55:09Z</time>
   </trkpt>
   <trkpt lat="40.4249830" lon="-79.9525110">
    <ele>228.1</ele>
    <time>2026-09-27T19:55:10Z</time>
   </trkpt>
   <trkpt lat="40.4249860" lon="-79.9524790">
    <ele>228.2</ele>
    <time>2026-09-27T19:55:11Z</time>
   </trkpt>
   <trkpt lat="40.4249820" lon="-79.9524490">
    <ele>228.3</ele>
    <time>2026-09-27T19:55:12Z</time>
   </trkpt>
   <trkpt lat="40.4249850" lon="-79.9524180">
    <ele>228.4</ele>
    <time>2026-09-27T19:55:13Z</time>
   </trkpt>
   <trkpt lat="40.4249890" lon="-79.9523890">
    <ele>228.5</ele>
    <time>2026-09-27T19:55:14Z</time>
   </trkpt>
   <trkpt lat="40.4249920" lon="-79.9523590">
    <ele>228.6</ele>
    <time>2026-09-27T19:55:15Z</time>
   </trkpt>
   <trkpt lat="40.4249940" lon="-79.9523290">
    <ele>228.7</ele>
    <time>2026-09-27T19:55:16Z</time>
   </trkpt>
   <trkpt lat="40.4249930" lon="-79.9523020">
    <ele>228.8</ele>
    <time>2026-09-27T19:55:17Z</time>
   </trkpt>
   <trkpt lat="40.4249910" lon="-79.9522670">
    <ele>228.9</ele>
    <time>2026-09-27T19:55:18Z</time>
   </trkpt>
   <trkpt lat="40.4249860" lon="-79.9522230">
    <ele>229.0</ele>
    <time>2026-09-27T19:55:19Z</time>
   </trkpt>
   <trkpt lat="40.4249820" lon="-79.9521940">
    <ele>229.1</ele>
    <time>2026-09-27T19:55:20Z</time>
   </trkpt>
   <trkpt lat="40.4250240" lon="-79.9521750">
    <ele>229.2</ele>
    <time>2026-09-27T19:55:21Z</time>
   </trkpt>
   <trkpt lat="40.4250330" lon="-79.9521730">
    <ele>229.2</ele>
    <time>2026-09-27T19:55:22Z</time>
   </trkpt>
   <trkpt lat="40.4250550" lon="-79.9521670">
    <ele>229.3</ele>
    <time>2026-09-27T19:55:23Z</time>
   </trkpt>
   <trkpt lat="40.4250660" lon="-79.9521710">
    <ele>229.4</ele>
    <time>2026-09-27T19:55:24Z</time>
   </trkpt>
   <trkpt lat="40.4250660" lon="-79.9521520">
    <ele>229.4</ele>
    <time>2026-09-27T19:55:25Z</time>
   </trkpt>
   <trkpt lat="40.4250620" lon="-79.9521570">
    <ele>229.4</ele>
    <time>2026-09-27T19:55:26Z</time>
   </trkpt>
   <trkpt lat="40.4250560" lon="-79.9521620">
    <ele>229.5</ele>
    <time>2026-09-27T19:55:27Z</time>
   </trkpt>
   <trkpt lat="40.4250570" lon="-79.9521480">
    <ele>229.5</ele>
    <time>2026-09-27T19:55:28Z</time>
   </trkpt>
   <trkpt lat="40.4250570" lon="-79.9521470">
    <ele>229.5</ele>
    <time>2026-09-27T19:55:29Z</time>
   </trkpt>
   <trkpt lat="40.4250570" lon="-79.9521480">
    <ele>229.5</ele>
    <time>2026-09-27T19:55:30Z</time>
   </trkpt>
   <trkpt lat="40.4250600" lon="-79.9521310">
    <ele>229.6</ele>
    <time>2026-09-27T19:55:31Z</time>
   </trkpt>
   <trkpt lat="40.4250600" lon="-79.9521310">
    <ele>229.6</ele>
    <time>2026-09-27T19:55:32Z</time>
   </trkpt>
   <trkpt lat="40.4250600" lon="-79.9521310">
    <ele>229.6</ele>
    <time>2026-09-27T19:55:33Z</time>
   </trkpt>
   <trkpt lat="40.4250600" lon="-79.9521310">
    <ele>229.6</ele>
    <time>2026-09-27T19:55:34Z</time>
   </trkpt>
   <trkpt lat="40.4250600" lon="-79.9521310">
    <ele>229.6</ele>
    <time>2026-09-27T19:55:35Z</time>
   </trkpt>
   <trkpt lat="40.4250490" lon="-79.9520290">
    <ele>230.0</ele>
    <time>2026-09-27T19:55:47Z</time>
   </trkpt>
   <trkpt lat="40.4250510" lon="-79.9519970">
    <ele>230.1</ele>
    <time>2026-09-27T19:55:48Z</time>
   </trkpt>
   <trkpt lat="40.4250460" lon="-79.9519760">
    <ele>230.2</ele>
    <time>2026-09-27T19:55:49Z</time>
   </trkpt>
   <trkpt lat="40.4250440" lon="-79.9519520">
    <ele>230.2</ele>
    <time>2026-09-27T19:55:50Z</time>
   </trkpt>
   <trkpt lat="40.4250480" lon="-79.9519320">
    <ele>230.2</ele>
    <time>2026-09-27T19:55:51Z</time>
   </trkpt>
   <trkpt lat="40.4250500" lon="-79.9519260">
    <ele>230.2</ele>
    <time>2026-09-27T19:55:52Z</time>
   </trkpt>
   <trkpt lat="40.4250560" lon="-79.9519100">
    <ele>230.2</ele>
    <time>2026-09-27T19:55:53Z</time>
   </trkpt>
   <trkpt lat="40.4250670" lon="-79.9518840">
    <ele>230.2</ele>
    <time>2026-09-27T19:55:54Z</time>
   </trkpt>
   <trkpt lat="40.4250650" lon="-79.9518730">
    <ele>230.2</ele>
    <time>2026-09-27T19:55:55Z</time>
   </trkpt>
   <trkpt lat="40.4250600" lon="-79.9518490">
    <ele>230.3</ele>
    <time>2026-09-27T19:55:56Z</time>
   </trkpt>
   <trkpt lat="40.4250530" lon="-79.9518270">
    <ele>230.4</ele>
    <time>2026-09-27T19:55:57Z</time>
   </trkpt>
   <trkpt lat="40.4250520" lon="-79.9517890">
    <ele>230.6</ele>
    <time>2026-09-27T19:55:58Z</time>
   </trkpt>
   <trkpt lat="40.4250490" lon="-79.9517570">
    <ele>230.7</ele>
    <time>2026-09-27T19:55:59Z</time>
   </trkpt>
   <trkpt lat="40.4250510" lon="-79.9517240">
    <ele>230.9</ele>
    <time>2026-09-27T19:56:00Z</time>
   </trkpt>
   <trkpt lat="40.4250550" lon="-79.9516960">
    <ele>231.0</ele>
    <time>2026-09-27T19:56:01Z</time>
   </trkpt>
   <trkpt lat="40.4250600" lon="-79.9516670">
    <ele>231.2</ele>
    <time>2026-09-27T19:56:02Z</time>
   </trkpt>
   <trkpt lat="40.4250680" lon="-79.9516390">
    <ele>231.3</ele>
    <time>2026-09-27T19:56:03Z</time>
   </trkpt>
   <trkpt lat="40.4250820" lon="-79.9516160">
    <ele>231.5</ele>
    <time>2026-09-27T19:56:04Z</time>
   </trkpt>
   <trkpt lat="40.4250930" lon="-79.9515830">
    <ele>231.7</ele>
    <time>2026-09-27T19:56:05Z</time>
   </trkpt>
   <trkpt lat="40.4250990" lon="-79.9515710">
    <ele>231.8</ele>
    <time>2026-09-27T19:56:06Z</time>
   </trkpt>
   <trkpt lat="40.4251090" lon="-79.9515480">
    <ele>231.9</ele>
    <time>2026-09-27T19:56:07Z</time>
   </trkpt>
   <trkpt lat="40.4251190" lon="-79.9515310">
    <ele>232.0</ele>
    <time>2026-09-27T19:56:08Z</time>
   </trkpt>
   <trkpt lat="40.4251290" lon="-79.9515070">
    <ele>232.2</ele>
    <time>2026-09-27T19:56:09Z</time>
   </trkpt>
   <trkpt lat="40.4251360" lon="-79.9514870">
    <ele>232.3</ele>
    <time>2026-09-27T19:56:10Z</time>
   </trkpt>
   <trkpt lat="40.4251450" lon="-79.9514660">
    <ele>232.5</ele>
    <time>2026-09-27T19:56:11Z</time>
   </trkpt>
   <trkpt lat="40.4251540" lon="-79.9514440">
    <ele>232.6</ele>
    <time>2026-09-27T19:56:12Z</time>
   </trkpt>
   <trkpt lat="40.4251620" lon="-79.9514240">
    <ele>232.8</ele>
    <time>2026-09-27T19:56:13Z</time>
   </trkpt>
   <trkpt lat="40.4251750" lon="-79.9514030">
    <ele>232.9</ele>
    <time>2026-09-27T19:56:14Z</time>
   </trkpt>
   <trkpt lat="40.4251860" lon="-79.9513780">
    <ele>233.1</ele>
    <time>2026-09-27T19:56:15Z</time>
   </trkpt>
   <trkpt lat="40.4251960" lon="-79.9513570">
    <ele>233.3</ele>
    <time>2026-09-27T19:56:16Z</time>
   </trkpt>
   <trkpt lat="40.4252050" lon="-79.9513360">
    <ele>233.4</ele>
    <time>2026-09-27T19:56:17Z</time>
   </trkpt>
   <trkpt lat="40.4252160" lon="-79.9513160">
    <ele>233.6</ele>
    <time>2026-09-27T19:56:18Z</time>
   </trkpt>
   <trkpt lat="40.4252270" lon="-79.9512950">
    <ele>233.7</ele>
    <time>2026-09-27T19:56:19Z</time>
   </trkpt>
   <trkpt lat="40.4252380" lon="-79.9512750">
    <ele>233.9</ele>
    <time>2026-09-27T19:56:20Z</time>
   </trkpt>
   <trkpt lat="40.4252480" lon="-79.9512520">
    <ele>234.1</ele>
    <time>2026-09-27T19:56:21Z</time>
   </trkpt>
   <trkpt lat="40.4252610" lon="-79.9512330">
    <ele>234.2</ele>
    <time>2026-09-27T19:56:22Z</time>
   </trkpt>
   <trkpt lat="40.4252740" lon="-79.9512110">
    <ele>234.4</ele>
    <time>2026-09-27T19:56:23Z</time>
   </trkpt>
   <trkpt lat="40.4252840" lon="-79.9511890">
    <ele>234.6</ele>
    <time>2026-09-27T19:56:24Z</time>
   </trkpt>
   <trkpt lat="40.4252960" lon="-79.9511650">
    <ele>234.7</ele>
    <time>2026-09-27T19:56:25Z</time>
   </trkpt>
   <trkpt lat="40.4253060" lon="-79.9511410">
    <ele>234.9</ele>
    <time>2026-09-27T19:56:26Z</time>
   </trkpt>
   <trkpt lat="40.4253180" lon="-79.9511170">
    <ele>235.1</ele>
    <time>2026-09-27T19:56:27Z</time>
   </trkpt>
   <trkpt lat="40.4253280" lon="-79.9510950">
    <ele>235.3</ele>
    <time>2026-09-27T19:56:28Z</time>
   </trkpt>
   <trkpt lat="40.4253400" lon="-79.9510720">
    <ele>235.4</ele>
    <time>2026-09-27T19:56:29Z</time>
   </trkpt>
   <trkpt lat="40.4253520" lon="-79.9510510">
    <ele>235.6</ele>
    <time>2026-09-27T19:56:30Z</time>
   </trkpt>
   <trkpt lat="40.4253610" lon="-79.9510280">
    <ele>235.8</ele>
    <time>2026-09-27T19:56:31Z</time>
   </trkpt>
   <trkpt lat="40.4253730" lon="-79.9510020">
    <ele>235.9</ele>
    <time>2026-09-27T19:56:32Z</time>
   </trkpt>
   <trkpt lat="40.4253840" lon="-79.9509810">
    <ele>236.1</ele>
    <time>2026-09-27T19:56:33Z</time>
   </trkpt>
   <trkpt lat="40.4253950" lon="-79.9509550">
    <ele>236.3</ele>
    <time>2026-09-27T19:56:34Z</time>
   </trkpt>
   <trkpt lat="40.4254020" lon="-79.9509230">
    <ele>236.5</ele>
    <time>2026-09-27T19:56:35Z</time>
   </trkpt>
   <trkpt lat="40.4254080" lon="-79.9508860">
    <ele>236.7</ele>
    <time>2026-09-27T19:56:36Z</time>
   </trkpt>
   <trkpt lat="40.4254160" lon="-79.9508550">
    <ele>236.9</ele>
    <time>2026-09-27T19:56:37Z</time>
   </trkpt>
   <trkpt lat="40.4254210" lon="-79.9508220">
    <ele>237.1</ele>
    <time>2026-09-27T19:56:38Z</time>
   </trkpt>
   <trkpt lat="40.4254290" lon="-79.9507910">
    <ele>237.3</ele>
    <time>2026-09-27T19:56:39Z</time>
   </trkpt>
   <trkpt lat="40.4254380" lon="-79.9507630">
    <ele>237.5</ele>
    <time>2026-09-27T19:56:40Z</time>
   </trkpt>
   <trkpt lat="40.4254420" lon="-79.9507340">
    <ele>237.7</ele>
    <time>2026-09-27T19:56:41Z</time>
   </trkpt>
   <trkpt lat="40.4254500" lon="-79.9507050">
    <ele>237.8</ele>
    <time>2026-09-27T19:56:42Z</time>
   </trkpt>
   <trkpt lat="40.4254580" lon="-79.9506740">
    <ele>238.0</ele>
    <time>2026-09-27T19:56:43Z</time>
   </trkpt>
   <trkpt lat="40.4254650" lon="-79.9506430">
    <ele>238.2</ele>
    <time>2026-09-27T19:56:44Z</time>
   </trkpt>
   <trkpt lat="40.4254720" lon="-79.9506120">
    <ele>238.4</ele>
    <time>2026-09-27T19:56:45Z</time>
   </trkpt>
   <trkpt lat="40.4254810" lon="-79.9505800">
    <ele>238.5</ele>
    <time>2026-09-27T19:56:46Z</time>
   </trkpt>
   <trkpt lat="40.4254880" lon="-79.9505490">
    <ele>238.7</ele>
    <time>2026-09-27T19:56:47Z</time>
   </trkpt>
   <trkpt lat="40.4254940" lon="-79.9505190">
    <ele>238.9</ele>
    <time>2026-09-27T19:56:48Z</time>
   </trkpt>
   <trkpt lat="40.4255000" lon="-79.9504880">
    <ele>239.1</ele>
    <time>2026-09-27T19:56:49Z</time>
   </trkpt>
   <trkpt lat="40.4255070" lon="-79.9504590">
    <ele>239.2</ele>
    <time>2026-09-27T19:56:50Z</time>
   </trkpt>
   <trkpt lat="40.4255150" lon="-79.9504310">
    <ele>239.4</ele>
    <time>2026-09-27T19:56:51Z</time>
   </trkpt>
   <trkpt lat="40.4255200" lon="-79.9504030">
    <ele>239.6</ele>
    <time>2026-09-27T19:56:52Z</time>
   </trkpt>
   <trkpt lat="40.4255280" lon="-79.9503740">
    <ele>239.7</ele>
    <time>2026-09-27T19:56:53Z</time>
   </trkpt>
   <trkpt lat="40.4255320" lon="-79.9503430">
    <ele>239.9</ele>
    <time>2026-09-27T19:56:54Z</time>
   </trkpt>
   <trkpt lat="40.4255440" lon="-79.9503140">
    <ele>240.1</ele>
    <time>2026-09-27T19:56:55Z</time>
   </trkpt>
   <trkpt lat="40.4255520" lon="-79.9502880">
    <ele>240.3</ele>
    <time>2026-09-27T19:56:56Z</time>
   </trkpt>
   <trkpt lat="40.4255630" lon="-79.9502630">
    <ele>240.4</ele>
    <time>2026-09-27T19:56:57Z</time>
   </trkpt>
   <trkpt lat="40.4255810" lon="-79.9502420">
    <ele>240.6</ele>
    <time>2026-09-27T19:56:58Z</time>
   </trkpt>
   <trkpt lat="40.4256030" lon="-79.9502220">
    <ele>240.9</ele>
    <time>2026-09-27T19:56:59Z</time>
   </trkpt>
   <trkpt lat="40.4256200" lon="-79.9502050">
    <ele>241.0</ele>
    <time>2026-09-27T19:57:00Z</time>
   </trkpt>
   <trkpt lat="40.4256330" lon="-79.9501870">
    <ele>241.2</ele>
    <time>2026-09-27T19:57:01Z</time>
   </trkpt>
   <trkpt lat="40.4256410" lon="-79.9501640">
    <ele>241.4</ele>
    <time>2026-09-27T19:57:02Z</time>
   </trkpt>
   <trkpt lat="40.4256470" lon="-79.9501420">
    <ele>241.5</ele>
    <time>2026-09-27T19:57:03Z</time>
   </trkpt>
   <trkpt lat="40.4256520" lon="-79.9501200">
    <ele>241.7</ele>
    <time>2026-09-27T19:57:04Z</time>
   </trkpt>
   <trkpt lat="40.4256570" lon="-79.9500950">
    <ele>241.8</ele>
    <time>2026-09-27T19:57:05Z</time>
   </trkpt>
   <trkpt lat="40.4256610" lon="-79.9500650">
    <ele>242.0</ele>
    <time>2026-09-27T19:57:06Z</time>
   </trkpt>
   <trkpt lat="40.4256650" lon="-79.9500450">
    <ele>242.2</ele>
    <time>2026-09-27T19:57:07Z</time>
   </trkpt>
   <trkpt lat="40.4256710" lon="-79.9500230">
    <ele>242.3</ele>
    <time>2026-09-27T19:57:08Z</time>
   </trkpt>
   <trkpt lat="40.4256810" lon="-79.9500000">
    <ele>242.5</ele>
    <time>2026-09-27T19:57:09Z</time>
   </trkpt>
   <trkpt lat="40.4256850" lon="-79.9499810">
    <ele>242.6</ele>
    <time>2026-09-27T19:57:10Z</time>
   </trkpt>
   <trkpt lat="40.4256930" lon="-79.9499420">
    <ele>242.9</ele>
    <time>2026-09-27T19:57:11Z</time>
   </trkpt>
   <trkpt lat="40.4256900" lon="-79.9499300">
    <ele>243.0</ele>
    <time>2026-09-27T19:57:12Z</time>
   </trkpt>
   <trkpt lat="40.4256920" lon="-79.9498920">
    <ele>243.3</ele>
    <time>2026-09-27T19:57:13Z</time>
   </trkpt>
   <trkpt lat="40.4256950" lon="-79.9498810">
    <ele>243.3</ele>
    <time>2026-09-27T19:57:14Z</time>
   </trkpt>
   <trkpt lat="40.4257000" lon="-79.9498550">
    <ele>243.5</ele>
    <time>2026-09-27T19:57:15Z</time>
   </trkpt>
   <trkpt lat="40.4257120" lon="-79.9498480">
    <ele>243.6</ele>
    <time>2026-09-27T19:57:16Z</time>
   </trkpt>
   <trkpt lat="40.4257260" lon="-79.9498550">
    <ele>243.8</ele>
    <time>2026-09-27T19:57:17Z</time>
   </trkpt>
   <trkpt lat="40.4257470" lon="-79.9498620">
    <ele>244.1</ele>
    <time>2026-09-27T19:57:18Z</time>
   </trkpt>
   <trkpt lat="40.4257560" lon="-79.9498710">
    <ele>244.2</ele>
    <time>2026-09-27T19:57:19Z</time>
   </trkpt>
   <trkpt lat="40.4257730" lon="-79.9498880">
    <ele>244.4</ele>
    <time>2026-09-27T19:57:20Z</time>
   </trkpt>
   <trkpt lat="40.4257950" lon="-79.9499130">
    <ele>244.4</ele>
    <time>2026-09-27T19:57:21Z</time>
   </trkpt>
   <trkpt lat="40.4258120" lon="-79.9499270">
    <ele>244.4</ele>
    <time>2026-09-27T19:57:22Z</time>
   </trkpt>
   <trkpt lat="40.4258280" lon="-79.9499360">
    <ele>244.4</ele>
    <time>2026-09-27T19:57:23Z</time>
   </trkpt>
   <trkpt lat="40.4258350" lon="-79.9499540">
    <ele>244.4</ele>
    <time>2026-09-27T19:57:24Z</time>
   </trkpt>
   <trkpt lat="40.4258260" lon="-79.9499760">
    <ele>244.4</ele>
    <time>2026-09-27T19:57:25Z</time>
   </trkpt>
   <trkpt lat="40.4258070" lon="-79.9499840">
    <ele>244.4</ele>
    <time>2026-09-27T19:57:26Z</time>
   </trkpt>
   <trkpt lat="40.4257780" lon="-79.9499700">
    <ele>244.4</ele>
    <time>2026-09-27T19:57:27Z</time>
   </trkpt>
   <trkpt lat="40.4257490" lon="-79.9499520">
    <ele>244.4</ele>
    <time>2026-09-27T19:57:28Z</time>
   </trkpt>
   <trkpt lat="40.4257260" lon="-79.9499380">
    <ele>244.4</ele>
    <time>2026-09-27T19:57:29Z</time>
   </trkpt>
   <trkpt lat="40.4257110" lon="-79.9499280">
    <ele>244.4</ele>
    <time>2026-09-27T19:57:30Z</time>
   </trkpt>
   <trkpt lat="40.4257040" lon="-79.9499350">
    <ele>244.4</ele>
    <time>2026-09-27T19:57:31Z</time>
   </trkpt>
   <trkpt lat="40.4256990" lon="-79.9499500">
    <ele>244.4</ele>
    <time>2026-09-27T19:57:32Z</time>
   </trkpt>
   <trkpt lat="40.4256980" lon="-79.9499630">
    <ele>244.4</ele>
    <time>2026-09-27T19:57:33Z</time>
   </trkpt>
   <trkpt lat="40.4256970" lon="-79.9499560">
    <ele>244.4</ele>
    <time>2026-09-27T19:57:34Z</time>
   </trkpt>
   <trkpt lat="40.4256990" lon="-79.9499510">
    <ele>244.4</ele>
    <time>2026-09-27T19:57:35Z</time>
   </trkpt>
   <trkpt lat="40.4257020" lon="-79.9499480">
    <ele>244.4</ele>
    <time>2026-09-27T19:57:36Z</time>
   </trkpt>
   <trkpt lat="40.4257070" lon="-79.9499490">
    <ele>244.4</ele>
    <time>2026-09-27T19:57:37Z</time>
   </trkpt>
   <trkpt lat="40.4257130" lon="-79.9499510">
    <ele>244.4</ele>
    <time>2026-09-27T19:57:38Z</time>
   </trkpt>
   <trkpt lat="40.4257210" lon="-79.9499610">
    <ele>244.4</ele>
    <time>2026-09-27T19:57:39Z</time>
   </trkpt>
   <trkpt lat="40.4257340" lon="-79.9499670">
    <ele>244.4</ele>
    <time>2026-09-27T19:57:40Z</time>
   </trkpt>
   <trkpt lat="40.4257420" lon="-79.9499770">
    <ele>244.4</ele>
    <time>2026-09-27T19:57:41Z</time>
   </trkpt>
   <trkpt lat="40.4257550" lon="-79.9499900">
    <ele>244.4</ele>
    <time>2026-09-27T19:57:42Z</time>
   </trkpt>
   <trkpt lat="40.4257810" lon="-79.9500140">
    <ele>244.4</ele>
    <time>2026-09-27T19:57:43Z</time>
   </trkpt>
   <trkpt lat="40.4258070" lon="-79.9500290">
    <ele>244.4</ele>
    <time>2026-09-27T19:57:44Z</time>
   </trkpt>
   <trkpt lat="40.4258250" lon="-79.9500290">
    <ele>244.4</ele>
    <time>2026-09-27T19:57:45Z</time>
   </trkpt>
   <trkpt lat="40.4258450" lon="-79.9500400">
    <ele>244.3</ele>
    <time>2026-09-27T19:57:46Z</time>
   </trkpt>
   <trkpt lat="40.4258620" lon="-79.9500520">
    <ele>244.3</ele>
    <time>2026-09-27T19:57:47Z</time>
   </trkpt>
   <trkpt lat="40.4258920" lon="-79.9500740">
    <ele>244.3</ele>
    <time>2026-09-27T19:57:48Z</time>
   </trkpt>
   <trkpt lat="40.4259020" lon="-79.9500860">
    <ele>244.3</ele>
    <time>2026-09-27T19:57:49Z</time>
   </trkpt>
   <trkpt lat="40.4259250" lon="-79.9500970">
    <ele>244.2</ele>
    <time>2026-09-27T19:57:50Z</time>
   </trkpt>
   <trkpt lat="40.4259490" lon="-79.9501180">
    <ele>244.2</ele>
    <time>2026-09-27T19:57:51Z</time>
   </trkpt>
   <trkpt lat="40.4259670" lon="-79.9501210">
    <ele>244.2</ele>
    <time>2026-09-27T19:57:52Z</time>
   </trkpt>
   <trkpt lat="40.4260080" lon="-79.9501480">
    <ele>244.2</ele>
    <time>2026-09-27T19:57:53Z</time>
   </trkpt>
   <trkpt lat="40.4260170" lon="-79.9501530">
    <ele>244.2</ele>
    <time>2026-09-27T19:57:54Z</time>
   </trkpt>
   <trkpt lat="40.4260390" lon="-79.9501700">
    <ele>244.2</ele>
    <time>2026-09-27T19:57:55Z</time>
   </trkpt>
   <trkpt lat="40.4260650" lon="-79.9501930">
    <ele>244.3</ele>
    <time>2026-09-27T19:57:56Z</time>
   </trkpt>
   <trkpt lat="40.4260840" lon="-79.9501970">
    <ele>244.3</ele>
    <time>2026-09-27T19:57:57Z</time>
   </trkpt>
   <trkpt lat="40.4261240" lon="-79.9502210">
    <ele>244.3</ele>
    <time>2026-09-27T19:57:58Z</time>
   </trkpt>
   <trkpt lat="40.4261310" lon="-79.9502260">
    <ele>244.4</ele>
    <time>2026-09-27T19:58:00Z</time>
   </trkpt>
   <trkpt lat="40.4261540" lon="-79.9502410">
    <ele>244.4</ele>
    <time>2026-09-27T19:58:01Z</time>
   </trkpt>
   <trkpt lat="40.4261830" lon="-79.9502650">
    <ele>244.5</ele>
    <time>2026-09-27T19:58:02Z</time>
   </trkpt>
   <trkpt lat="40.4261980" lon="-79.9502710">
    <ele>244.5</ele>
    <time>2026-09-27T19:58:03Z</time>
   </trkpt>
   <trkpt lat="40.4262230" lon="-79.9502870">
    <ele>244.5</ele>
    <time>2026-09-27T19:58:04Z</time>
   </trkpt>
   <trkpt lat="40.4262420" lon="-79.9502980">
    <ele>244.6</ele>
    <time>2026-09-27T19:58:05Z</time>
   </trkpt>
   <trkpt lat="40.4262680" lon="-79.9503170">
    <ele>244.7</ele>
    <time>2026-09-27T19:58:06Z</time>
   </trkpt>
   <trkpt lat="40.4263020" lon="-79.9503370">
    <ele>244.7</ele>
    <time>2026-09-27T19:58:07Z</time>
   </trkpt>
   <trkpt lat="40.4263200" lon="-79.9503500">
    <ele>244.8</ele>
    <time>2026-09-27T19:58:08Z</time>
   </trkpt>
   <trkpt lat="40.4263510" lon="-79.9503700">
    <ele>244.9</ele>
    <time>2026-09-27T19:58:09Z</time>
   </trkpt>
   <trkpt lat="40.4263760" lon="-79.9503840">
    <ele>244.9</ele>
    <time>2026-09-27T19:58:10Z</time>
   </trkpt>
   <trkpt lat="40.4263990" lon="-79.9503930">
    <ele>245.0</ele>
    <time>2026-09-27T19:58:11Z</time>
   </trkpt>
   <trkpt lat="40.4264390" lon="-79.9504250">
    <ele>245.1</ele>
    <time>2026-09-27T19:58:12Z</time>
   </trkpt>
   <trkpt lat="40.4264530" lon="-79.9504360">
    <ele>245.2</ele>
    <time>2026-09-27T19:58:13Z</time>
   </trkpt>
   <trkpt lat="40.4264700" lon="-79.9504540">
    <ele>245.2</ele>
    <time>2026-09-27T19:58:14Z</time>
   </trkpt>
   <trkpt lat="40.4265070" lon="-79.9504820">
    <ele>245.3</ele>
    <time>2026-09-27T19:58:15Z</time>
   </trkpt>
   <trkpt lat="40.4265400" lon="-79.9505040">
    <ele>245.4</ele>
    <time>2026-09-27T19:58:16Z</time>
   </trkpt>
   <trkpt lat="40.4265720" lon="-79.9505260">
    <ele>245.5</ele>
    <time>2026-09-27T19:58:17Z</time>
   </trkpt>
   <trkpt lat="40.4266040" lon="-79.9505520">
    <ele>245.6</ele>
    <time>2026-09-27T19:58:18Z</time>
   </trkpt>
   <trkpt lat="40.4266320" lon="-79.9505700">
    <ele>245.6</ele>
    <time>2026-09-27T19:58:19Z</time>
   </trkpt>
   <trkpt lat="40.4266620" lon="-79.9505910">
    <ele>245.7</ele>
    <time>2026-09-27T19:58:20Z</time>
   </trkpt>
   <trkpt lat="40.4266860" lon="-79.9506040">
    <ele>245.7</ele>
    <time>2026-09-27T19:58:21Z</time>
   </trkpt>
   <trkpt lat="40.4267150" lon="-79.9506190">
    <ele>245.7</ele>
    <time>2026-09-27T19:58:22Z</time>
   </trkpt>
   <trkpt lat="40.4267440" lon="-79.9506320">
    <ele>245.7</ele>
    <time>2026-09-27T19:58:23Z</time>
   </trkpt>
   <trkpt lat="40.4267740" lon="-79.9506470">
    <ele>245.7</ele>
    <time>2026-09-27T19:58:24Z</time>
   </trkpt>
   <trkpt lat="40.4268080" lon="-79.9506710">
    <ele>245.8</ele>
    <time>2026-09-27T19:58:25Z</time>
   </trkpt>
   <trkpt lat="40.4268340" lon="-79.9506920">
    <ele>245.8</ele>
    <time>2026-09-27T19:58:26Z</time>
   </trkpt>
   <trkpt lat="40.4268630" lon="-79.9507310">
    <ele>245.8</ele>
    <time>2026-09-27T19:58:27Z</time>
   </trkpt>
   <trkpt lat="40.4269120" lon="-79.9507380">
    <ele>245.7</ele>
    <time>2026-09-27T19:58:28Z</time>
   </trkpt>
   <trkpt lat="40.4269360" lon="-79.9507510">
    <ele>245.7</ele>
    <time>2026-09-27T19:58:29Z</time>
   </trkpt>
   <trkpt lat="40.4269630" lon="-79.9507560">
    <ele>245.7</ele>
    <time>2026-09-27T19:58:30Z</time>
   </trkpt>
   <trkpt lat="40.4269900" lon="-79.9507720">
    <ele>245.7</ele>
    <time>2026-09-27T19:58:31Z</time>
   </trkpt>
   <trkpt lat="40.4270180" lon="-79.9507850">
    <ele>245.6</ele>
    <time>2026-09-27T19:58:32Z</time>
   </trkpt>
   <trkpt lat="40.4270440" lon="-79.9508050">
    <ele>245.6</ele>
    <time>2026-09-27T19:58:33Z</time>
   </trkpt>
   <trkpt lat="40.4270650" lon="-79.9508110">
    <ele>245.6</ele>
    <time>2026-09-27T19:58:34Z</time>
   </trkpt>
   <trkpt lat="40.4270900" lon="-79.9508300">
    <ele>245.5</ele>
    <time>2026-09-27T19:58:35Z</time>
   </trkpt>
   <trkpt lat="40.4271140" lon="-79.9508530">
    <ele>245.5</ele>
    <time>2026-09-27T19:58:36Z</time>
   </trkpt>
   <trkpt lat="40.4271470" lon="-79.9508700">
    <ele>245.5</ele>
    <time>2026-09-27T19:58:37Z</time>
   </trkpt>
   <trkpt lat="40.4271690" lon="-79.9508890">
    <ele>245.5</ele>
    <time>2026-09-27T19:58:38Z</time>
   </trkpt>
   <trkpt lat="40.4272010" lon="-79.9509060">
    <ele>245.5</ele>
    <time>2026-09-27T19:58:39Z</time>
   </trkpt>
   <trkpt lat="40.4272280" lon="-79.9509150">
    <ele>245.5</ele>
    <time>2026-09-27T19:58:40Z</time>
   </trkpt>
   <trkpt lat="40.4272440" lon="-79.9509240">
    <ele>245.6</ele>
    <time>2026-09-27T19:58:41Z</time>
   </trkpt>
   <trkpt lat="40.4272560" lon="-79.9509370">
    <ele>245.6</ele>
    <time>2026-09-27T19:58:42Z</time>
   </trkpt>
   <trkpt lat="40.4272670" lon="-79.9509430">
    <ele>245.6</ele>
    <time>2026-09-27T19:58:43Z</time>
   </trkpt>
   <trkpt lat="40.4272760" lon="-79.9509410">
    <ele>245.6</ele>
    <time>2026-09-27T19:58:44Z</time>
   </trkpt>
   <trkpt lat="40.4272790" lon="-79.9509430">
    <ele>245.6</ele>
    <time>2026-09-27T19:58:45Z</time>
   </trkpt>
   <trkpt lat="40.4272840" lon="-79.9509440">
    <ele>245.6</ele>
    <time>2026-09-27T19:58:46Z</time>
   </trkpt>
   <trkpt lat="40.4272930" lon="-79.9509430">
    <ele>245.6</ele>
    <time>2026-09-27T19:58:47Z</time>
   </trkpt>
   <trkpt lat="40.4273020" lon="-79.9509370">
    <ele>245.6</ele>
    <time>2026-09-27T19:58:48Z</time>
   </trkpt>
   <trkpt lat="40.4272910" lon="-79.9509330">
    <ele>245.6</ele>
    <time>2026-09-27T19:58:49Z</time>
   </trkpt>
   <trkpt lat="40.4273160" lon="-79.9509340">
    <ele>245.6</ele>
    <time>2026-09-27T19:58:50Z</time>
   </trkpt>
   <trkpt lat="40.4273190" lon="-79.9509260">
    <ele>245.6</ele>
    <time>2026-09-27T19:58:51Z</time>
   </trkpt>
   <trkpt lat="40.4273310" lon="-79.9509290">
    <ele>245.6</ele>
    <time>2026-09-27T19:58:52Z</time>
   </trkpt>
   <trkpt lat="40.4273530" lon="-79.9509370">
    <ele>245.7</ele>
    <time>2026-09-27T19:58:53Z</time>
   </trkpt>
   <trkpt lat="40.4273710" lon="-79.9509560">
    <ele>245.7</ele>
    <time>2026-09-27T19:58:54Z</time>
   </trkpt>
   <trkpt lat="40.4274010" lon="-79.9509670">
    <ele>245.7</ele>
    <time>2026-09-27T19:58:55Z</time>
   </trkpt>
   <trkpt lat="40.4274220" lon="-79.9509800">
    <ele>245.7</ele>
    <time>2026-09-27T19:58:56Z</time>
   </trkpt>
   <trkpt lat="40.4274520" lon="-79.9509900">
    <ele>245.7</ele>
    <time>2026-09-27T19:58:57Z</time>
   </trkpt>
   <trkpt lat="40.4274670" lon="-79.9509970">
    <ele>245.7</ele>
    <time>2026-09-27T19:58:58Z</time>
   </trkpt>
   <trkpt lat="40.4274390" lon="-79.9509870">
    <ele>245.7</ele>
    <time>2026-09-27T19:58:59Z</time>
   </trkpt>
   <trkpt lat="40.4275130" lon="-79.9509060">
    <ele>245.7</ele>
    <time>2026-09-27T19:59:00Z</time>
   </trkpt>
   <trkpt lat="40.4275420" lon="-79.9508990">
    <ele>245.7</ele>
    <time>2026-09-27T19:59:01Z</time>
   </trkpt>
   <trkpt lat="40.4275580" lon="-79.9508640">
    <ele>245.6</ele>
    <time>2026-09-27T19:59:02Z</time>
   </trkpt>
   <trkpt lat="40.4275880" lon="-79.9508640">
    <ele>245.6</ele>
    <time>2026-09-27T19:59:03Z</time>
   </trkpt>
   <trkpt lat="40.4276150" lon="-79.9508640">
    <ele>245.6</ele>
    <time>2026-09-27T19:59:04Z</time>
   </trkpt>
   <trkpt lat="40.4276730" lon="-79.9507170">
    <ele>245.5</ele>
    <time>2026-09-27T19:59:05Z</time>
   </trkpt>
   <trkpt lat="40.4276960" lon="-79.9506280">
    <ele>245.6</ele>
    <time>2026-09-27T19:59:06Z</time>
   </trkpt>
   <trkpt lat="40.4277020" lon="-79.9505900">
    <ele>245.6</ele>
    <time>2026-09-27T19:59:07Z</time>
   </trkpt>
   <trkpt lat="40.4277080" lon="-79.9505530">
    <ele>245.7</ele>
    <time>2026-09-27T19:59:08Z</time>
   </trkpt>
   <trkpt lat="40.4277280" lon="-79.9505350">
    <ele>245.7</ele>
    <time>2026-09-27T19:59:09Z</time>
   </trkpt>
   <trkpt lat="40.4277780" lon="-79.9504870">
    <ele>245.9</ele>
    <time>2026-09-27T19:59:10Z</time>
   </trkpt>
   <trkpt lat="40.4278190" lon="-79.9504530">
    <ele>246.0</ele>
    <time>2026-09-27T19:59:11Z</time>
   </trkpt>
   <trkpt lat="40.4278560" lon="-79.9504350">
    <ele>246.1</ele>
    <time>2026-09-27T19:59:12Z</time>
   </trkpt>
   <trkpt lat="40.4278860" lon="-79.9504140">
    <ele>246.2</ele>
    <time>2026-09-27T19:59:13Z</time>
   </trkpt>
   <trkpt lat="40.4279190" lon="-79.9503880">
    <ele>246.3</ele>
    <time>2026-09-27T19:59:14Z</time>
   </trkpt>
   <trkpt lat="40.4279500" lon="-79.9503630">
    <ele>246.4</ele>
    <time>2026-09-27T19:59:15Z</time>
   </trkpt>
   <trkpt lat="40.4279810" lon="-79.9503350">
    <ele>246.6</ele>
    <time>2026-09-27T19:59:16Z</time>
   </trkpt>
   <trkpt lat="40.4280120" lon="-79.9503160">
    <ele>246.7</ele>
    <time>2026-09-27T19:59:17Z</time>
   </trkpt>
   <trkpt lat="40.4280410" lon="-79.9502960">
    <ele>246.8</ele>
    <time>2026-09-27T19:59:18Z</time>
   </trkpt>
   <trkpt lat="40.4280710" lon="-79.9502790">
    <ele>246.9</ele>
    <time>2026-09-27T19:59:19Z</time>
   </trkpt>
   <trkpt lat="40.4281010" lon="-79.9502590">
    <ele>247.0</ele>
    <time>2026-09-27T19:59:20Z</time>
   </trkpt>
   <trkpt lat="40.4281350" lon="-79.9502500">
    <ele>247.1</ele>
    <time>2026-09-27T19:59:21Z</time>
   </trkpt>
   <trkpt lat="40.4281680" lon="-79.9502370">
    <ele>247.3</ele>
    <time>2026-09-27T19:59:22Z</time>
   </trkpt>
   <trkpt lat="40.4282060" lon="-79.9502260">
    <ele>247.4</ele>
    <time>2026-09-27T19:59:23Z</time>
   </trkpt>
   <trkpt lat="40.4282400" lon="-79.9502140">
    <ele>247.6</ele>
    <time>2026-09-27T19:59:24Z</time>
   </trkpt>
   <trkpt lat="40.4282760" lon="-79.9502170">
    <ele>247.7</ele>
    <time>2026-09-27T19:59:25Z</time>
   </trkpt>
   <trkpt lat="40.4283110" lon="-79.9502160">
    <ele>247.8</ele>
    <time>2026-09-27T19:59:26Z</time>
   </trkpt>
   <trkpt lat="40.4283460" lon="-79.9502210">
    <ele>248.0</ele>
    <time>2026-09-27T19:59:27Z</time>
   </trkpt>
   <trkpt lat="40.4283780" lon="-79.9502230">
    <ele>248.1</ele>
    <time>2026-09-27T19:59:28Z</time>
   </trkpt>
   <trkpt lat="40.4284080" lon="-79.9502320">
    <ele>248.3</ele>
    <time>2026-09-27T19:59:29Z</time>
   </trkpt>
   <trkpt lat="40.4284280" lon="-79.9502440">
    <ele>248.4</ele>
    <time>2026-09-27T19:59:30Z</time>
   </trkpt>
   <trkpt lat="40.4284550" lon="-79.9502590">
    <ele>248.5</ele>
    <time>2026-09-27T19:59:31Z</time>
   </trkpt>
   <trkpt lat="40.4284870" lon="-79.9502730">
    <ele>248.7</ele>
    <time>2026-09-27T19:59:32Z</time>
   </trkpt>
   <trkpt lat="40.4285260" lon="-79.9502890">
    <ele>248.9</ele>
    <time>2026-09-27T19:59:33Z</time>
   </trkpt>
   <trkpt lat="40.4285600" lon="-79.9503000">
    <ele>249.0</ele>
    <time>2026-09-27T19:59:34Z</time>
   </trkpt>
   <trkpt lat="40.4285930" lon="-79.9503130">
    <ele>249.2</ele>
    <time>2026-09-27T19:59:35Z</time>
   </trkpt>
   <trkpt lat="40.4286230" lon="-79.9503260">
    <ele>249.4</ele>
    <time>2026-09-27T19:59:36Z</time>
   </trkpt>
   <trkpt lat="40.4286520" lon="-79.9503380">
    <ele>249.5</ele>
    <time>2026-09-27T19:59:37Z</time>
   </trkpt>
   <trkpt lat="40.4286810" lon="-79.9503530">
    <ele>249.7</ele>
    <time>2026-09-27T19:59:38Z</time>
   </trkpt>
   <trkpt lat="40.4287100" lon="-79.9503710">
    <ele>249.9</ele>
    <time>2026-09-27T19:59:39Z</time>
   </trkpt>
   <trkpt lat="40.4287370" lon="-79.9503820">
    <ele>250.0</ele>
    <time>2026-09-27T19:59:40Z</time>
   </trkpt>
   <trkpt lat="40.4287660" lon="-79.9503990">
    <ele>250.2</ele>
    <time>2026-09-27T19:59:41Z</time>
   </trkpt>
   <trkpt lat="40.4287920" lon="-79.9504110">
    <ele>250.4</ele>
    <time>2026-09-27T19:59:42Z</time>
   </trkpt>
   <trkpt lat="40.4288210" lon="-79.9504260">
    <ele>250.5</ele>
    <time>2026-09-27T19:59:43Z</time>
   </trkpt>
   <trkpt lat="40.4288470" lon="-79.9504400">
    <ele>250.7</ele>
    <time>2026-09-27T19:59:44Z</time>
   </trkpt>
   <trkpt lat="40.4288660" lon="-79.9504460">
    <ele>250.8</ele>
    <time>2026-09-27T19:59:45Z</time>
   </trkpt>
   <trkpt lat="40.4288870" lon="-79.9504620">
    <ele>251.0</ele>
    <time>2026-09-27T19:59:46Z</time>
   </trkpt>
   <trkpt lat="40.4289120" lon="-79.9504730">
    <ele>251.1</ele>
    <time>2026-09-27T19:59:47Z</time>
   </trkpt>
   <trkpt lat="40.4289420" lon="-79.9504860">
    <ele>251.3</ele>
    <time>2026-09-27T19:59:48Z</time>
   </trkpt>
   <trkpt lat="40.4289670" lon="-79.9504990">
    <ele>251.5</ele>
    <time>2026-09-27T19:59:49Z</time>
   </trkpt>
   <trkpt lat="40.4289920" lon="-79.9505160">
    <ele>251.7</ele>
    <time>2026-09-27T19:59:50Z</time>
   </trkpt>
   <trkpt lat="40.4290150" lon="-79.9505340">
    <ele>251.8</ele>
    <time>2026-09-27T19:59:51Z</time>
   </trkpt>
   <trkpt lat="40.4290430" lon="-79.9505450">
    <ele>252.0</ele>
    <time>2026-09-27T19:59:52Z</time>
   </trkpt>
   <trkpt lat="40.4290640" lon="-79.9505560">
    <ele>252.2</ele>
    <time>2026-09-27T19:59:53Z</time>
   </trkpt>
   <trkpt lat="40.4290880" lon="-79.9505690">
    <ele>252.3</ele>
    <time>2026-09-27T19:59:54Z</time>
   </trkpt>
   <trkpt lat="40.4291100" lon="-79.9505820">
    <ele>252.4</ele>
    <time>2026-09-27T19:59:55Z</time>
   </trkpt>
   <trkpt lat="40.4291340" lon="-79.9505940">
    <ele>252.6</ele>
    <time>2026-09-27T19:59:56Z</time>
   </trkpt>
   <trkpt lat="40.4291530" lon="-79.9506150">
    <ele>252.7</ele>
    <time>2026-09-27T19:59:57Z</time>
   </trkpt>
   <trkpt lat="40.4291760" lon="-79.9506330">
    <ele>252.9</ele>
    <time>2026-09-27T19:59:58Z</time>
   </trkpt>
   <trkpt lat="40.4292000" lon="-79.9506470">
    <ele>253.0</ele>
    <time>2026-09-27T19:59:59Z</time>
   </trkpt>
   <trkpt lat="40.4292250" lon="-79.9506570">
    <ele>253.2</ele>
    <time>2026-09-27T20:00:00Z</time>
   </trkpt>
   <trkpt lat="40.4292480" lon="-79.9506790">
    <ele>253.3</ele>
    <time>2026-09-27T20:00:01Z</time>
   </trkpt>
   <trkpt lat="40.4292720" lon="-79.9506960">
    <ele>253.5</ele>
    <time>2026-09-27T20:00:02Z</time>
   </trkpt>
   <trkpt lat="40.4292990" lon="-79.9507040">
    <ele>253.7</ele>
    <time>2026-09-27T20:00:03Z</time>
   </trkpt>
   <trkpt lat="40.4293250" lon="-79.9507180">
    <ele>253.8</ele>
    <time>2026-09-27T20:00:04Z</time>
   </trkpt>
   <trkpt lat="40.4293530" lon="-79.9507360">
    <ele>254.0</ele>
    <time>2026-09-27T20:00:06Z</time>
   </trkpt>
   <trkpt lat="40.4293810" lon="-79.9507400">
    <ele>254.2</ele>
    <time>2026-09-27T20:00:07Z</time>
   </trkpt>
   <trkpt lat="40.4294060" lon="-79.9507550">
    <ele>254.3</ele>
    <time>2026-09-27T20:00:08Z</time>
   </trkpt>
   <trkpt lat="40.4294350" lon="-79.9507790">
    <ele>254.5</ele>
    <time>2026-09-27T20:00:09Z</time>
   </trkpt>
   <trkpt lat="40.4294570" lon="-79.9507930">
    <ele>254.6</ele>
    <time>2026-09-27T20:00:10Z</time>
   </trkpt>
   <trkpt lat="40.4294960" lon="-79.9508110">
    <ele>254.9</ele>
    <time>2026-09-27T20:00:11Z</time>
   </trkpt>
   <trkpt lat="40.4295210" lon="-79.9508340">
    <ele>255.0</ele>
    <time>2026-09-27T20:00:12Z</time>
   </trkpt>
   <trkpt lat="40.4295480" lon="-79.9508460">
    <ele>255.2</ele>
    <time>2026-09-27T20:00:13Z</time>
   </trkpt>
   <trkpt lat="40.4295940" lon="-79.9508710">
    <ele>255.4</ele>
    <time>2026-09-27T20:00:14Z</time>
   </trkpt>
   <trkpt lat="40.4296060" lon="-79.9508860">
    <ele>255.5</ele>
    <time>2026-09-27T20:00:15Z</time>
   </trkpt>
   <trkpt lat="40.4296350" lon="-79.9509060">
    <ele>255.7</ele>
    <time>2026-09-27T20:00:16Z</time>
   </trkpt>
   <trkpt lat="40.4296730" lon="-79.9509330">
    <ele>255.9</ele>
    <time>2026-09-27T20:00:17Z</time>
   </trkpt>
   <trkpt lat="40.4296880" lon="-79.9509490">
    <ele>256.0</ele>
    <time>2026-09-27T20:00:18Z</time>
   </trkpt>
   <trkpt lat="40.4297110" lon="-79.9509710">
    <ele>256.2</ele>
    <time>2026-09-27T20:00:19Z</time>
   </trkpt>
   <trkpt lat="40.4297470" lon="-79.9510030">
    <ele>256.4</ele>
    <time>2026-09-27T20:00:20Z</time>
   </trkpt>
   <trkpt lat="40.4297670" lon="-79.9510140">
    <ele>256.5</ele>
    <time>2026-09-27T20:00:21Z</time>
   </trkpt>
   <trkpt lat="40.4297960" lon="-79.9510360">
    <ele>256.7</ele>
    <time>2026-09-27T20:00:22Z</time>
   </trkpt>
   <trkpt lat="40.4298280" lon="-79.9510690">
    <ele>256.9</ele>
    <time>2026-09-27T20:00:23Z</time>
   </trkpt>
   <trkpt lat="40.4298570" lon="-79.9510810">
    <ele>257.0</ele>
    <time>2026-09-27T20:00:24Z</time>
   </trkpt>
   <trkpt lat="40.4298820" lon="-79.9511080">
    <ele>257.2</ele>
    <time>2026-09-27T20:00:25Z</time>
   </trkpt>
   <trkpt lat="40.4299380" lon="-79.9511370">
    <ele>257.5</ele>
    <time>2026-09-27T20:00:26Z</time>
   </trkpt>
   <trkpt lat="40.4299510" lon="-79.9511450">
    <ele>257.5</ele>
    <time>2026-09-27T20:00:27Z</time>
   </trkpt>
   <trkpt lat="40.4299820" lon="-79.9511670">
    <ele>257.7</ele>
    <time>2026-09-27T20:00:28Z</time>
   </trkpt>
   <trkpt lat="40.4300130" lon="-79.9511910">
    <ele>258.0</ele>
    <time>2026-09-27T20:00:29Z</time>
   </trkpt>
   <trkpt lat="40.4300360" lon="-79.9512100">
    <ele>258.1</ele>
    <time>2026-09-27T20:00:30Z</time>
   </trkpt>
   <trkpt lat="40.4300800" lon="-79.9512370">
    <ele>258.4</ele>
    <time>2026-09-27T20:00:31Z</time>
   </trkpt>
   <trkpt lat="40.4301060" lon="-79.9512470">
    <ele>258.6</ele>
    <time>2026-09-27T20:00:32Z</time>
   </trkpt>
   <trkpt lat="40.4301500" lon="-79.9512770">
    <ele>259.0</ele>
    <time>2026-09-27T20:00:33Z</time>
   </trkpt>
   <trkpt lat="40.4301850" lon="-79.9513050">
    <ele>259.2</ele>
    <time>2026-09-27T20:00:34Z</time>
   </trkpt>
   <trkpt lat="40.4302190" lon="-79.9513270">
    <ele>259.5</ele>
    <time>2026-09-27T20:00:35Z</time>
   </trkpt>
   <trkpt lat="40.4302560" lon="-79.9513570">
    <ele>259.8</ele>
    <time>2026-09-27T20:00:36Z</time>
   </trkpt>
   <trkpt lat="40.4302850" lon="-79.9513810">
    <ele>260.0</ele>
    <time>2026-09-27T20:00:37Z</time>
   </trkpt>
   <trkpt lat="40.4303000" lon="-79.9513930">
    <ele>260.1</ele>
    <time>2026-09-27T20:00:38Z</time>
   </trkpt>
   <trkpt lat="40.4303240" lon="-79.9514190">
    <ele>260.3</ele>
    <time>2026-09-27T20:00:39Z</time>
   </trkpt>
   <trkpt lat="40.4303500" lon="-79.9514420">
    <ele>260.6</ele>
    <time>2026-09-27T20:00:40Z</time>
   </trkpt>
   <trkpt lat="40.4303760" lon="-79.9514660">
    <ele>260.8</ele>
    <time>2026-09-27T20:00:41Z</time>
   </trkpt>
   <trkpt lat="40.4304100" lon="-79.9515180">
    <ele>261.1</ele>
    <time>2026-09-27T20:00:42Z</time>
   </trkpt>
   <trkpt lat="40.4304400" lon="-79.9515680">
    <ele>261.4</ele>
    <time>2026-09-27T20:00:43Z</time>
   </trkpt>
   <trkpt lat="40.4304620" lon="-79.9516070">
    <ele>261.6</ele>
    <time>2026-09-27T20:00:44Z</time>
   </trkpt>
   <trkpt lat="40.4304850" lon="-79.9516430">
    <ele>261.8</ele>
    <time>2026-09-27T20:00:45Z</time>
   </trkpt>
   <trkpt lat="40.4304940" lon="-79.9516500">
    <ele>261.9</ele>
    <time>2026-09-27T20:00:46Z</time>
   </trkpt>
   <trkpt lat="40.4305110" lon="-79.9516720">
    <ele>262.0</ele>
    <time>2026-09-27T20:00:47Z</time>
   </trkpt>
   <trkpt lat="40.4305300" lon="-79.9516930">
    <ele>262.2</ele>
    <time>2026-09-27T20:00:48Z</time>
   </trkpt>
   <trkpt lat="40.4305580" lon="-79.9517310">
    <ele>262.4</ele>
    <time>2026-09-27T20:00:49Z</time>
   </trkpt>
   <trkpt lat="40.4305690" lon="-79.9517440">
    <ele>262.5</ele>
    <time>2026-09-27T20:00:50Z</time>
   </trkpt>
   <trkpt lat="40.4305900" lon="-79.9517740">
    <ele>262.6</ele>
    <time>2026-09-27T20:00:51Z</time>
   </trkpt>
   <trkpt lat="40.4306130" lon="-79.9518010">
    <ele>262.8</ele>
    <time>2026-09-27T20:00:52Z</time>
   </trkpt>
   <trkpt lat="40.4306340" lon="-79.9518160">
    <ele>262.9</ele>
    <time>2026-09-27T20:00:53Z</time>
   </trkpt>
   <trkpt lat="40.4306610" lon="-79.9518320">
    <ele>263.0</ele>
    <time>2026-09-27T20:00:54Z</time>
   </trkpt>
   <trkpt lat="40.4306960" lon="-79.9518440">
    <ele>263.2</ele>
    <time>2026-09-27T20:00:55Z</time>
   </trkpt>
   <trkpt lat="40.4307200" lon="-79.9518460">
    <ele>263.3</ele>
    <time>2026-09-27T20:00:56Z</time>
   </trkpt>
   <trkpt lat="40.4307500" lon="-79.9518480">
    <ele>263.4</ele>
    <time>2026-09-27T20:00:57Z</time>
   </trkpt>
   <trkpt lat="40.4307850" lon="-79.9518430">
    <ele>263.6</ele>
    <time>2026-09-27T20:00:58Z</time>
   </trkpt>
   <trkpt lat="40.4308050" lon="-79.9518380">
    <ele>263.7</ele>
    <time>2026-09-27T20:00:59Z</time>
   </trkpt>
   <trkpt lat="40.4308450" lon="-79.9518230">
    <ele>263.9</ele>
    <time>2026-09-27T20:01:00Z</time>
   </trkpt>
   <trkpt lat="40.4308580" lon="-79.9518180">
    <ele>263.9</ele>
    <time>2026-09-27T20:01:01Z</time>
   </trkpt>
   <trkpt lat="40.4308890" lon="-79.9518070">
    <ele>264.1</ele>
    <time>2026-09-27T20:01:02Z</time>
   </trkpt>
   <trkpt lat="40.4309140" lon="-79.9517950">
    <ele>264.2</ele>
    <time>2026-09-27T20:01:03Z</time>
   </trkpt>
   <trkpt lat="40.4309350" lon="-79.9517840">
    <ele>264.4</ele>
    <time>2026-09-27T20:01:04Z</time>
   </trkpt>
   <trkpt lat="40.4309690" lon="-79.9517630">
    <ele>264.6</ele>
    <time>2026-09-27T20:01:05Z</time>
   </trkpt>
   <trkpt lat="40.4309820" lon="-79.9517560">
    <ele>264.7</ele>
    <time>2026-09-27T20:01:06Z</time>
   </trkpt>
   <trkpt lat="40.4310190" lon="-79.9517310">
    <ele>264.9</ele>
    <time>2026-09-27T20:01:07Z</time>
   </trkpt>
   <trkpt lat="40.4310470" lon="-79.9517170">
    <ele>265.1</ele>
    <time>2026-09-27T20:01:08Z</time>
   </trkpt>
   <trkpt lat="40.4310740" lon="-79.9517040">
    <ele>265.4</ele>
    <time>2026-09-27T20:01:09Z</time>
   </trkpt>
   <trkpt lat="40.4310850" lon="-79.9516970">
    <ele>265.4</ele>
    <time>2026-09-27T20:01:10Z</time>
   </trkpt>
   <trkpt lat="40.4311080" lon="-79.9516840">
    <ele>265.6</ele>
    <time>2026-09-27T20:01:11Z</time>
   </trkpt>
   <trkpt lat="40.4311350" lon="-79.9516700">
    <ele>265.9</ele>
    <time>2026-09-27T20:01:12Z</time>
   </trkpt>
   <trkpt lat="40.4311580" lon="-79.9516610">
    <ele>266.1</ele>
    <time>2026-09-27T20:01:13Z</time>
   </trkpt>
   <trkpt lat="40.4311850" lon="-79.9516440">
    <ele>266.3</ele>
    <time>2026-09-27T20:01:14Z</time>
   </trkpt>
   <trkpt lat="40.4312040" lon="-79.9516360">
    <ele>266.5</ele>
    <time>2026-09-27T20:01:15Z</time>
   </trkpt>
   <trkpt lat="40.4312420" lon="-79.9516210">
    <ele>266.8</ele>
    <time>2026-09-27T20:01:16Z</time>
   </trkpt>
   <trkpt lat="40.4312550" lon="-79.9516180">
    <ele>267.0</ele>
    <time>2026-09-27T20:01:17Z</time>
   </trkpt>
   <trkpt lat="40.4312980" lon="-79.9516070">
    <ele>267.4</ele>
    <time>2026-09-27T20:01:18Z</time>
   </trkpt>
   <trkpt lat="40.4313100" lon="-79.9516080">
    <ele>267.5</ele>
    <time>2026-09-27T20:01:19Z</time>
   </trkpt>
   <trkpt lat="40.4313540" lon="-79.9516000">
    <ele>267.9</ele>
    <time>2026-09-27T20:01:20Z</time>
   </trkpt>
   <trkpt lat="40.4313640" lon="-79.9516050">
    <ele>268.0</ele>
    <time>2026-09-27T20:01:21Z</time>
   </trkpt>
   <trkpt lat="40.4314000" lon="-79.9516020">
    <ele>268.5</ele>
    <time>2026-09-27T20:01:22Z</time>
   </trkpt>
   <trkpt lat="40.4314250" lon="-79.9516070">
    <ele>268.8</ele>
    <time>2026-09-27T20:01:23Z</time>
   </trkpt>
   <trkpt lat="40.4314500" lon="-79.9516120">
    <ele>269.1</ele>
    <time>2026-09-27T20:01:24Z</time>
   </trkpt>
   <trkpt lat="40.4314830" lon="-79.9516240">
    <ele>269.6</ele>
    <time>2026-09-27T20:01:25Z</time>
   </trkpt>
   <trkpt lat="40.4314980" lon="-79.9516360">
    <ele>269.8</ele>
    <time>2026-09-27T20:01:26Z</time>
   </trkpt>
   <trkpt lat="40.4315330" lon="-79.9516670">
    <ele>270.3</ele>
    <time>2026-09-27T20:01:27Z</time>
   </trkpt>
   <trkpt lat="40.4315390" lon="-79.9516820">
    <ele>270.5</ele>
    <time>2026-09-27T20:01:28Z</time>
   </trkpt>
   <trkpt lat="40.4315690" lon="-79.9517220">
    <ele>271.0</ele>
    <time>2026-09-27T20:01:29Z</time>
   </trkpt>
   <trkpt lat="40.4315730" lon="-79.9517310">
    <ele>271.1</ele>
    <time>2026-09-27T20:01:30Z</time>
   </trkpt>
   <trkpt lat="40.4315910" lon="-79.9517720">
    <ele>271.5</ele>
    <time>2026-09-27T20:01:31Z</time>
   </trkpt>
   <trkpt lat="40.4315980" lon="-79.9517870">
    <ele>271.7</ele>
    <time>2026-09-27T20:01:32Z</time>
   </trkpt>
   <trkpt lat="40.4316100" lon="-79.9518460">
    <ele>271.9</ele>
    <time>2026-09-27T20:01:33Z</time>
   </trkpt>
   <trkpt lat="40.4316130" lon="-79.9518540">
    <ele>271.9</ele>
    <time>2026-09-27T20:01:34Z</time>
   </trkpt>
   <trkpt lat="40.4316180" lon="-79.9518890">
    <ele>272.0</ele>
    <time>2026-09-27T20:01:35Z</time>
   </trkpt>
   <trkpt lat="40.4316210" lon="-79.9519170">
    <ele>272.1</ele>
    <time>2026-09-27T20:01:36Z</time>
   </trkpt>
   <trkpt lat="40.4316240" lon="-79.9519500">
    <ele>272.3</ele>
    <time>2026-09-27T20:01:37Z</time>
   </trkpt>
   <trkpt lat="40.4316300" lon="-79.9519780">
    <ele>272.4</ele>
    <time>2026-09-27T20:01:38Z</time>
   </trkpt>
   <trkpt lat="40.4316340" lon="-79.9520120">
    <ele>272.5</ele>
    <time>2026-09-27T20:01:39Z</time>
   </trkpt>
   <trkpt lat="40.4316340" lon="-79.9520430">
    <ele>272.7</ele>
    <time>2026-09-27T20:01:40Z</time>
   </trkpt>
   <trkpt lat="40.4316340" lon="-79.9520980">
    <ele>272.9</ele>
    <time>2026-09-27T20:01:41Z</time>
   </trkpt>
   <trkpt lat="40.4316370" lon="-79.9521170">
    <ele>273.0</ele>
    <time>2026-09-27T20:01:42Z</time>
   </trkpt>
   <trkpt lat="40.4316420" lon="-79.9521630">
    <ele>273.3</ele>
    <time>2026-09-27T20:01:43Z</time>
   </trkpt>
   <trkpt lat="40.4316440" lon="-79.9521980">
    <ele>273.4</ele>
    <time>2026-09-27T20:01:44Z</time>
   </trkpt>
   <trkpt lat="40.4316490" lon="-79.9522360">
    <ele>273.6</ele>
    <time>2026-09-27T20:01:45Z</time>
   </trkpt>
   <trkpt lat="40.4316550" lon="-79.9522770">
    <ele>273.8</ele>
    <time>2026-09-27T20:01:46Z</time>
   </trkpt>
   <trkpt lat="40.4316590" lon="-79.9523060">
    <ele>274.0</ele>
    <time>2026-09-27T20:01:47Z</time>
   </trkpt>
   <trkpt lat="40.4316640" lon="-79.9523590">
    <ele>274.3</ele>
    <time>2026-09-27T20:01:48Z</time>
   </trkpt>
   <trkpt lat="40.4316650" lon="-79.9523810">
    <ele>274.4</ele>
    <time>2026-09-27T20:01:49Z</time>
   </trkpt>
   <trkpt lat="40.4316680" lon="-79.9524170">
    <ele>274.6</ele>
    <time>2026-09-27T20:01:50Z</time>
   </trkpt>
   <trkpt lat="40.4316710" lon="-79.9524530">
    <ele>274.8</ele>
    <time>2026-09-27T20:01:51Z</time>
   </trkpt>
   <trkpt lat="40.4316720" lon="-79.9524830">
    <ele>274.9</ele>
    <time>2026-09-27T20:01:52Z</time>
   </trkpt>
   <trkpt lat="40.4316740" lon="-79.9525300">
    <ele>275.2</ele>
    <time>2026-09-27T20:01:53Z</time>
   </trkpt>
   <trkpt lat="40.4316750" lon="-79.9525530">
    <ele>275.3</ele>
    <time>2026-09-27T20:01:54Z</time>
   </trkpt>
   <trkpt lat="40.4316780" lon="-79.9526130">
    <ele>275.6</ele>
    <time>2026-09-27T20:01:55Z</time>
   </trkpt>
   <trkpt lat="40.4316830" lon="-79.9526280">
    <ele>275.7</ele>
    <time>2026-09-27T20:01:56Z</time>
   </trkpt>
   <trkpt lat="40.4316900" lon="-79.9526670">
    <ele>275.9</ele>
    <time>2026-09-27T20:01:57Z</time>
   </trkpt>
   <trkpt lat="40.4316920" lon="-79.9526900">
    <ele>276.0</ele>
    <time>2026-09-27T20:01:58Z</time>
   </trkpt>
   <trkpt lat="40.4316960" lon="-79.9527170">
    <ele>276.1</ele>
    <time>2026-09-27T20:01:59Z</time>
   </trkpt>
   <trkpt lat="40.4317020" lon="-79.9527450">
    <ele>276.3</ele>
    <time>2026-09-27T20:02:00Z</time>
   </trkpt>
   <trkpt lat="40.4317070" lon="-79.9527750">
    <ele>276.3</ele>
    <time>2026-09-27T20:02:01Z</time>
   </trkpt>
   <trkpt lat="40.4317050" lon="-79.9527930">
    <ele>276.3</ele>
    <time>2026-09-27T20:02:02Z</time>
   </trkpt>
   <trkpt lat="40.4317070" lon="-79.9528400">
    <ele>276.3</ele>
    <time>2026-09-27T20:02:03Z</time>
   </trkpt>
   <trkpt lat="40.4317040" lon="-79.9528820">
    <ele>276.2</ele>
    <time>2026-09-27T20:02:04Z</time>
   </trkpt>
   <trkpt lat="40.4317020" lon="-79.9529190">
    <ele>276.2</ele>
    <time>2026-09-27T20:02:05Z</time>
   </trkpt>
   <trkpt lat="40.4317030" lon="-79.9529560">
    <ele>276.3</ele>
    <time>2026-09-27T20:02:06Z</time>
   </trkpt>
   <trkpt lat="40.4317020" lon="-79.9529910">
    <ele>276.3</ele>
    <time>2026-09-27T20:02:07Z</time>
   </trkpt>
   <trkpt lat="40.4317050" lon="-79.9530240">
    <ele>276.4</ele>
    <time>2026-09-27T20:02:08Z</time>
   </trkpt>
   <trkpt lat="40.4317100" lon="-79.9530600">
    <ele>276.5</ele>
    <time>2026-09-27T20:02:09Z</time>
   </trkpt>
   <trkpt lat="40.4317150" lon="-79.9530760">
    <ele>276.6</ele>
    <time>2026-09-27T20:02:10Z</time>
   </trkpt>
   <trkpt lat="40.4317230" lon="-79.9531060">
    <ele>276.7</ele>
    <time>2026-09-27T20:02:12Z</time>
   </trkpt>
   <trkpt lat="40.4317280" lon="-79.9531300">
    <ele>276.7</ele>
    <time>2026-09-27T20:02:13Z</time>
   </trkpt>
   <trkpt lat="40.4317340" lon="-79.9531680">
    <ele>276.9</ele>
    <time>2026-09-27T20:02:14Z</time>
   </trkpt>
   <trkpt lat="40.4317360" lon="-79.9531920">
    <ele>277.0</ele>
    <time>2026-09-27T20:02:15Z</time>
   </trkpt>
   <trkpt lat="40.4317400" lon="-79.9532420">
    <ele>277.3</ele>
    <time>2026-09-27T20:02:16Z</time>
   </trkpt>
   <trkpt lat="40.4317430" lon="-79.9532580">
    <ele>277.5</ele>
    <time>2026-09-27T20:02:17Z</time>
   </trkpt>
   <trkpt lat="40.4317470" lon="-79.9533160">
    <ele>278.0</ele>
    <time>2026-09-27T20:02:18Z</time>
   </trkpt>
   <trkpt lat="40.4317470" lon="-79.9533260">
    <ele>278.1</ele>
    <time>2026-09-27T20:02:19Z</time>
   </trkpt>
   <trkpt lat="40.4317530" lon="-79.9533660">
    <ele>278.5</ele>
    <time>2026-09-27T20:02:20Z</time>
   </trkpt>
   <trkpt lat="40.4317590" lon="-79.9533990">
    <ele>278.8</ele>
    <time>2026-09-27T20:02:21Z</time>
   </trkpt>
   <trkpt lat="40.4317620" lon="-79.9534240">
    <ele>279.0</ele>
    <time>2026-09-27T20:02:22Z</time>
   </trkpt>
   <trkpt lat="40.4317700" lon="-79.9534760">
    <ele>279.5</ele>
    <time>2026-09-27T20:02:23Z</time>
   </trkpt>
   <trkpt lat="40.4317700" lon="-79.9534920">
    <ele>279.7</ele>
    <time>2026-09-27T20:02:24Z</time>
   </trkpt>
   <trkpt lat="40.4317790" lon="-79.9535520">
    <ele>280.2</ele>
    <time>2026-09-27T20:02:25Z</time>
   </trkpt>
   <trkpt lat="40.4317840" lon="-79.9535650">
    <ele>280.4</ele>
    <time>2026-09-27T20:02:26Z</time>
   </trkpt>
   <trkpt lat="40.4317960" lon="-79.9536030">
    <ele>280.7</ele>
    <time>2026-09-27T20:02:27Z</time>
   </trkpt>
   <trkpt lat="40.4318070" lon="-79.9536330">
    <ele>281.1</ele>
    <time>2026-09-27T20:02:28Z</time>
   </trkpt>
   <trkpt lat="40.4318170" lon="-79.9536550">
    <ele>281.4</ele>
    <time>2026-09-27T20:02:29Z</time>
   </trkpt>
   <trkpt lat="40.4318330" lon="-79.9536790">
    <ele>281.9</ele>
    <time>2026-09-27T20:02:30Z</time>
   </trkpt>
   <trkpt lat="40.4318590" lon="-79.9536820">
    <ele>282.1</ele>
    <time>2026-09-27T20:02:31Z</time>
   </trkpt>
   <trkpt lat="40.4318760" lon="-79.9536690">
    <ele>282.1</ele>
    <time>2026-09-27T20:02:32Z</time>
   </trkpt>
   <trkpt lat="40.4319020" lon="-79.9536600">
    <ele>282.1</ele>
    <time>2026-09-27T20:02:33Z</time>
   </trkpt>
   <trkpt lat="40.4319130" lon="-79.9536580">
    <ele>282.1</ele>
    <time>2026-09-27T20:02:34Z</time>
   </trkpt>
   <trkpt lat="40.4319430" lon="-79.9536520">
    <ele>282.1</ele>
    <time>2026-09-27T20:02:35Z</time>
   </trkpt>
   <trkpt lat="40.4319540" lon="-79.9536560">
    <ele>282.1</ele>
    <time>2026-09-27T20:02:36Z</time>
   </trkpt>
   <trkpt lat="40.4319920" lon="-79.9536520">
    <ele>282.1</ele>
    <time>2026-09-27T20:02:37Z</time>
   </trkpt>
   <trkpt lat="40.4320040" lon="-79.9536530">
    <ele>282.1</ele>
    <time>2026-09-27T20:02:38Z</time>
   </trkpt>
   <trkpt lat="40.4320380" lon="-79.9536440">
    <ele>282.1</ele>
    <time>2026-09-27T20:02:39Z</time>
   </trkpt>
   <trkpt lat="40.4320660" lon="-79.9536340">
    <ele>282.1</ele>
    <time>2026-09-27T20:02:40Z</time>
   </trkpt>
   <trkpt lat="40.4320870" lon="-79.9536310">
    <ele>282.0</ele>
    <time>2026-09-27T20:02:41Z</time>
   </trkpt>
   <trkpt lat="40.4321300" lon="-79.9536340">
    <ele>282.0</ele>
    <time>2026-09-27T20:02:42Z</time>
   </trkpt>
   <trkpt lat="40.4321450" lon="-79.9536150">
    <ele>282.0</ele>
    <time>2026-09-27T20:02:43Z</time>
   </trkpt>
   <trkpt lat="40.4322030" lon="-79.9536030">
    <ele>281.9</ele>
    <time>2026-09-27T20:02:44Z</time>
   </trkpt>
   <trkpt lat="40.4322300" lon="-79.9536000">
    <ele>281.9</ele>
    <time>2026-09-27T20:02:45Z</time>
   </trkpt>
   <trkpt lat="40.4322650" lon="-79.9535940">
    <ele>281.9</ele>
    <time>2026-09-27T20:02:46Z</time>
   </trkpt>
   <trkpt lat="40.4322910" lon="-79.9535900">
    <ele>281.8</ele>
    <time>2026-09-27T20:02:47Z</time>
   </trkpt>
   <trkpt lat="40.4323180" lon="-79.9535800">
    <ele>281.8</ele>
    <time>2026-09-27T20:02:48Z</time>
   </trkpt>
   <trkpt lat="40.4323630" lon="-79.9535740">
    <ele>281.7</ele>
    <time>2026-09-27T20:02:49Z</time>
   </trkpt>
   <trkpt lat="40.4324050" lon="-79.9535680">
    <ele>281.7</ele>
    <time>2026-09-27T20:02:50Z</time>
   </trkpt>
   <trkpt lat="40.4324350" lon="-79.9535690">
    <ele>281.6</ele>
    <time>2026-09-27T20:02:51Z</time>
   </trkpt>
   <trkpt lat="40.4324640" lon="-79.9535610">
    <ele>281.6</ele>
    <time>2026-09-27T20:02:52Z</time>
   </trkpt>
   <trkpt lat="40.4324950" lon="-79.9535580">
    <ele>281.5</ele>
    <time>2026-09-27T20:02:53Z</time>
   </trkpt>
   <trkpt lat="40.4325210" lon="-79.9535540">
    <ele>281.5</ele>
    <time>2026-09-27T20:02:54Z</time>
   </trkpt>
   <trkpt lat="40.4325520" lon="-79.9535520">
    <ele>281.5</ele>
    <time>2026-09-27T20:02:55Z</time>
   </trkpt>
   <trkpt lat="40.4325780" lon="-79.9535480">
    <ele>281.4</ele>
    <time>2026-09-27T20:02:56Z</time>
   </trkpt>
   <trkpt lat="40.4326030" lon="-79.9535410">
    <ele>281.4</ele>
    <time>2026-09-27T20:02:57Z</time>
   </trkpt>
   <trkpt lat="40.4326330" lon="-79.9535380">
    <ele>281.4</ele>
    <time>2026-09-27T20:02:58Z</time>
   </trkpt>
   <trkpt lat="40.4326530" lon="-79.9535400">
    <ele>281.4</ele>
    <time>2026-09-27T20:02:59Z</time>
   </trkpt>
   <trkpt lat="40.4326830" lon="-79.9535440">
    <ele>281.3</ele>
    <time>2026-09-27T20:03:00Z</time>
   </trkpt>
   <trkpt lat="40.4327160" lon="-79.9535400">
    <ele>281.3</ele>
    <time>2026-09-27T20:03:01Z</time>
   </trkpt>
   <trkpt lat="40.4327440" lon="-79.9535380">
    <ele>281.3</ele>
    <time>2026-09-27T20:03:02Z</time>
   </trkpt>
   <trkpt lat="40.4327690" lon="-79.9535360">
    <ele>281.3</ele>
    <time>2026-09-27T20:03:03Z</time>
   </trkpt>
   <trkpt lat="40.4328020" lon="-79.9535320">
    <ele>281.2</ele>
    <time>2026-09-27T20:03:04Z</time>
   </trkpt>
   <trkpt lat="40.4328390" lon="-79.9535350">
    <ele>281.2</ele>
    <time>2026-09-27T20:03:05Z</time>
   </trkpt>
   <trkpt lat="40.4328710" lon="-79.9535270">
    <ele>281.1</ele>
    <time>2026-09-27T20:03:06Z</time>
   </trkpt>
   <trkpt lat="40.4329080" lon="-79.9535130">
    <ele>281.1</ele>
    <time>2026-09-27T20:03:07Z</time>
   </trkpt>
   <trkpt lat="40.4329550" lon="-79.9535050">
    <ele>281.0</ele>
    <time>2026-09-27T20:03:08Z</time>
   </trkpt>
   <trkpt lat="40.4329950" lon="-79.9534980">
    <ele>281.0</ele>
    <time>2026-09-27T20:03:09Z</time>
   </trkpt>
   <trkpt lat="40.4330340" lon="-79.9534870">
    <ele>280.9</ele>
    <time>2026-09-27T20:03:10Z</time>
   </trkpt>
   <trkpt lat="40.4330750" lon="-79.9534780">
    <ele>280.8</ele>
    <time>2026-09-27T20:03:11Z</time>
   </trkpt>
   <trkpt lat="40.4331110" lon="-79.9534670">
    <ele>280.8</ele>
    <time>2026-09-27T20:03:12Z</time>
   </trkpt>
   <trkpt lat="40.4331500" lon="-79.9534520">
    <ele>280.8</ele>
    <time>2026-09-27T20:03:13Z</time>
   </trkpt>
   <trkpt lat="40.4331900" lon="-79.9534430">
    <ele>280.7</ele>
    <time>2026-09-27T20:03:14Z</time>
   </trkpt>
   <trkpt lat="40.4332320" lon="-79.9534310">
    <ele>280.7</ele>
    <time>2026-09-27T20:03:15Z</time>
   </trkpt>
   <trkpt lat="40.4332730" lon="-79.9534250">
    <ele>280.6</ele>
    <time>2026-09-27T20:03:16Z</time>
   </trkpt>
   <trkpt lat="40.4333170" lon="-79.9534080">
    <ele>280.5</ele>
    <time>2026-09-27T20:03:17Z</time>
   </trkpt>
   <trkpt lat="40.4333620" lon="-79.9533950">
    <ele>280.5</ele>
    <time>2026-09-27T20:03:18Z</time>
   </trkpt>
   <trkpt lat="40.4334030" lon="-79.9533850">
    <ele>280.4</ele>
    <time>2026-09-27T20:03:19Z</time>
   </trkpt>
   <trkpt lat="40.4334430" lon="-79.9533730">
    <ele>280.3</ele>
    <time>2026-09-27T20:03:20Z</time>
   </trkpt>
   <trkpt lat="40.4334830" lon="-79.9533650">
    <ele>280.3</ele>
    <time>2026-09-27T20:03:21Z</time>
   </trkpt>
   <trkpt lat="40.4335270" lon="-79.9533600">
    <ele>280.2</ele>
    <time>2026-09-27T20:03:22Z</time>
   </trkpt>
   <trkpt lat="40.4335650" lon="-79.9533510">
    <ele>280.2</ele>
    <time>2026-09-27T20:03:23Z</time>
   </trkpt>
   <trkpt lat="40.4336020" lon="-79.9533450">
    <ele>280.1</ele>
    <time>2026-09-27T20:03:24Z</time>
   </trkpt>
   <trkpt lat="40.4336390" lon="-79.9533350">
    <ele>280.1</ele>
    <time>2026-09-27T20:03:25Z</time>
   </trkpt>
   <trkpt lat="40.4336820" lon="-79.9533230">
    <ele>280.0</ele>
    <time>2026-09-27T20:03:26Z</time>
   </trkpt>
   <trkpt lat="40.4337170" lon="-79.9533150">
    <ele>280.0</ele>
    <time>2026-09-27T20:03:27Z</time>
   </trkpt>
   <trkpt lat="40.4337530" lon="-79.9533090">
    <ele>279.9</ele>
    <time>2026-09-27T20:03:28Z</time>
   </trkpt>
   <trkpt lat="40.4337880" lon="-79.9532980">
    <ele>279.9</ele>
    <time>2026-09-27T20:03:29Z</time>
   </trkpt>
   <trkpt lat="40.4338220" lon="-79.9532900">
    <ele>279.8</ele>
    <time>2026-09-27T20:03:30Z</time>
   </trkpt>
   <trkpt lat="40.4338620" lon="-79.9532810">
    <ele>279.8</ele>
    <time>2026-09-27T20:03:31Z</time>
   </trkpt>
   <trkpt lat="40.4339030" lon="-79.9532740">
    <ele>279.7</ele>
    <time>2026-09-27T20:03:32Z</time>
   </trkpt>
   <trkpt lat="40.4339400" lon="-79.9532650">
    <ele>279.7</ele>
    <time>2026-09-27T20:03:33Z</time>
   </trkpt>
   <trkpt lat="40.4339790" lon="-79.9532580">
    <ele>279.6</ele>
    <time>2026-09-27T20:03:34Z</time>
   </trkpt>
   <trkpt lat="40.4340170" lon="-79.9532550">
    <ele>279.6</ele>
    <time>2026-09-27T20:03:35Z</time>
   </trkpt>
   <trkpt lat="40.4340530" lon="-79.9532420">
    <ele>279.6</ele>
    <time>2026-09-27T20:03:36Z</time>
   </trkpt>
   <trkpt lat="40.4340900" lon="-79.9532310">
    <ele>279.6</ele>
    <time>2026-09-27T20:03:37Z</time>
   </trkpt>
   <trkpt lat="40.4341250" lon="-79.9532270">
    <ele>279.5</ele>
    <time>2026-09-27T20:03:38Z</time>
   </trkpt>
   <trkpt lat="40.4341580" lon="-79.9532180">
    <ele>279.5</ele>
    <time>2026-09-27T20:03:39Z</time>
   </trkpt>
   <trkpt lat="40.4341940" lon="-79.9532060">
    <ele>279.5</ele>
    <time>2026-09-27T20:03:40Z</time>
   </trkpt>
   <trkpt lat="40.4342230" lon="-79.9531940">
    <ele>279.5</ele>
    <time>2026-09-27T20:03:41Z</time>
   </trkpt>
   <trkpt lat="40.4342570" lon="-79.9531830">
    <ele>279.5</ele>
    <time>2026-09-27T20:03:42Z</time>
   </trkpt>
   <trkpt lat="40.4342900" lon="-79.9531670">
    <ele>279.5</ele>
    <time>2026-09-27T20:03:43Z</time>
   </trkpt>
   <trkpt lat="40.4343140" lon="-79.9531340">
    <ele>279.6</ele>
    <time>2026-09-27T20:03:44Z</time>
   </trkpt>
   <trkpt lat="40.4343170" lon="-79.9530830">
    <ele>279.5</ele>
    <time>2026-09-27T20:03:45Z</time>
   </trkpt>
   <trkpt lat="40.4343110" lon="-79.9530390">
    <ele>279.5</ele>
    <time>2026-09-27T20:03:46Z</time>
   </trkpt>
   <trkpt lat="40.4343060" lon="-79.9529930">
    <ele>279.4</ele>
    <time>2026-09-27T20:03:47Z</time>
   </trkpt>
   <trkpt lat="40.4343050" lon="-79.9529430">
    <ele>279.4</ele>
    <time>2026-09-27T20:03:48Z</time>
   </trkpt>
   <trkpt lat="40.4343090" lon="-79.9529010">
    <ele>279.3</ele>
    <time>2026-09-27T20:03:49Z</time>
   </trkpt>
   <trkpt lat="40.4343090" lon="-79.9528500">
    <ele>279.3</ele>
    <time>2026-09-27T20:03:50Z</time>
   </trkpt>
   <trkpt lat="40.4343080" lon="-79.9528010">
    <ele>279.2</ele>
    <time>2026-09-27T20:03:51Z</time>
   </trkpt>
   <trkpt lat="40.4343080" lon="-79.9527460">
    <ele>279.2</ele>
    <time>2026-09-27T20:03:52Z</time>
   </trkpt>
   <trkpt lat="40.4343100" lon="-79.9526930">
    <ele>279.1</ele>
    <time>2026-09-27T20:03:53Z</time>
   </trkpt>
   <trkpt lat="40.4343080" lon="-79.9526410">
    <ele>279.1</ele>
    <time>2026-09-27T20:03:54Z</time>
   </trkpt>
   <trkpt lat="40.4343010" lon="-79.9525900">
    <ele>279.0</ele>
    <time>2026-09-27T20:03:55Z</time>
   </trkpt>
   <trkpt lat="40.4342960" lon="-79.9525350">
    <ele>278.9</ele>
    <time>2026-09-27T20:03:56Z</time>
   </trkpt>
   <trkpt lat="40.4342890" lon="-79.9524810">
    <ele>278.8</ele>
    <time>2026-09-27T20:03:57Z</time>
   </trkpt>
   <trkpt lat="40.4342840" lon="-79.9524190">
    <ele>278.7</ele>
    <time>2026-09-27T20:03:58Z</time>
   </trkpt>
   <trkpt lat="40.4342790" lon="-79.9523590">
    <ele>278.7</ele>
    <time>2026-09-27T20:03:59Z</time>
   </trkpt>
   <trkpt lat="40.4342830" lon="-79.9523050">
    <ele>278.6</ele>
    <time>2026-09-27T20:04:00Z</time>
   </trkpt>
   <trkpt lat="40.4342960" lon="-79.9522480">
    <ele>278.5</ele>
    <time>2026-09-27T20:04:01Z</time>
   </trkpt>
   <trkpt lat="40.4343220" lon="-79.9521880">
    <ele>278.5</ele>
    <time>2026-09-27T20:04:02Z</time>
   </trkpt>
   <trkpt lat="40.4343570" lon="-79.9521440">
    <ele>278.5</ele>
    <time>2026-09-27T20:04:03Z</time>
   </trkpt>
   <trkpt lat="40.4344030" lon="-79.9521190">
    <ele>278.7</ele>
    <time>2026-09-27T20:04:04Z</time>
   </trkpt>
   <trkpt lat="40.4344400" lon="-79.9521160">
    <ele>278.8</ele>
    <time>2026-09-27T20:04:05Z</time>
   </trkpt>
   <trkpt lat="40.4344700" lon="-79.9521150">
    <ele>279.0</ele>
    <time>2026-09-27T20:04:06Z</time>
   </trkpt>
   <trkpt lat="40.4344980" lon="-79.9521140">
    <ele>279.1</ele>
    <time>2026-09-27T20:04:07Z</time>
   </trkpt>
   <trkpt lat="40.4345200" lon="-79.9521070">
    <ele>279.1</ele>
    <time>2026-09-27T20:04:08Z</time>
   </trkpt>
   <trkpt lat="40.4345350" lon="-79.9520870">
    <ele>279.2</ele>
    <time>2026-09-27T20:04:09Z</time>
   </trkpt>
   <trkpt lat="40.4345440" lon="-79.9520580">
    <ele>279.2</ele>
    <time>2026-09-27T20:04:10Z</time>
   </trkpt>
   <trkpt lat="40.4345490" lon="-79.9520250">
    <ele>279.3</ele>
    <time>2026-09-27T20:04:11Z</time>
   </trkpt>
   <trkpt lat="40.4345430" lon="-79.9520010">
    <ele>279.3</ele>
    <time>2026-09-27T20:04:12Z</time>
   </trkpt>
   <trkpt lat="40.4345380" lon="-79.9519830">
    <ele>279.3</ele>
    <time>2026-09-27T20:04:13Z</time>
   </trkpt>
   <trkpt lat="40.4345260" lon="-79.9519670">
    <ele>279.3</ele>
    <time>2026-09-27T20:04:14Z</time>
   </trkpt>
   <trkpt lat="40.4345260" lon="-79.9519440">
    <ele>279.3</ele>
    <time>2026-09-27T20:04:15Z</time>
   </trkpt>
   <trkpt lat="40.4345150" lon="-79.9519050">
    <ele>279.3</ele>
    <time>2026-09-27T20:04:16Z</time>
   </trkpt>
   <trkpt lat="40.4345170" lon="-79.9518660">
    <ele>279.4</ele>
    <time>2026-09-27T20:04:18Z</time>
   </trkpt>
   <trkpt lat="40.4345190" lon="-79.9518320">
    <ele>279.4</ele>
    <time>2026-09-27T20:04:19Z</time>
   </trkpt>
   <trkpt lat="40.4345230" lon="-79.9517960">
    <ele>279.4</ele>
    <time>2026-09-27T20:04:20Z</time>
   </trkpt>
   <trkpt lat="40.4345270" lon="-79.9517650">
    <ele>279.4</ele>
    <time>2026-09-27T20:04:21Z</time>
   </trkpt>
   <trkpt lat="40.4345330" lon="-79.9517340">
    <ele>279.4</ele>
    <time>2026-09-27T20:04:22Z</time>
   </trkpt>
   <trkpt lat="40.4345390" lon="-79.9517080">
    <ele>279.4</ele>
    <time>2026-09-27T20:04:23Z</time>
   </trkpt>
   <trkpt lat="40.4345460" lon="-79.9516830">
    <ele>279.4</ele>
    <time>2026-09-27T20:04:24Z</time>
   </trkpt>
   <trkpt lat="40.4345650" lon="-79.9516650">
    <ele>279.4</ele>
    <time>2026-09-27T20:04:25Z</time>
   </trkpt>
   <trkpt lat="40.4345820" lon="-79.9516550">
    <ele>279.5</ele>
    <time>2026-09-27T20:04:26Z</time>
   </trkpt>
   <trkpt lat="40.4346070" lon="-79.9516600">
    <ele>279.5</ele>
    <time>2026-09-27T20:04:27Z</time>
   </trkpt>
   <trkpt lat="40.4346260" lon="-79.9516710">
    <ele>279.5</ele>
    <time>2026-09-27T20:04:28Z</time>
   </trkpt>
   <trkpt lat="40.4346490" lon="-79.9516840">
    <ele>279.5</ele>
    <time>2026-09-27T20:04:29Z</time>
   </trkpt>
   <trkpt lat="40.4346600" lon="-79.9516880">
    <ele>279.5</ele>
    <time>2026-09-27T20:04:30Z</time>
   </trkpt>
   <trkpt lat="40.4346750" lon="-79.9516930">
    <ele>279.5</ele>
    <time>2026-09-27T20:04:31Z</time>
   </trkpt>
   <trkpt lat="40.4346620" lon="-79.9516850">
    <ele>279.5</ele>
    <time>2026-09-27T20:04:32Z</time>
   </trkpt>
   <trkpt lat="40.4346600" lon="-79.9516920">
    <ele>279.5</ele>
    <time>2026-09-27T20:04:33Z</time>
   </trkpt>
   <trkpt lat="40.4346630" lon="-79.9517210">
    <ele>279.5</ele>
    <time>2026-09-27T20:04:34Z</time>
   </trkpt>
   <trkpt lat="40.4346660" lon="-79.9517250">
    <ele>279.5</ele>
    <time>2026-09-27T20:04:35Z</time>
   </trkpt>
   <trkpt lat="40.4346700" lon="-79.9517350">
    <ele>279.5</ele>
    <time>2026-09-27T20:04:36Z</time>
   </trkpt>
   <trkpt lat="40.4346680" lon="-79.9517420">
    <ele>279.5</ele>
    <time>2026-09-27T20:04:37Z</time>
   </trkpt>
   <trkpt lat="40.4346710" lon="-79.9517450">
    <ele>279.5</ele>
    <time>2026-09-27T20:04:38Z</time>
   </trkpt>
   <trkpt lat="40.4346720" lon="-79.9517550">
    <ele>279.5</ele>
    <time>2026-09-27T20:04:39Z</time>
   </trkpt>
   <trkpt lat="40.4346760" lon="-79.9517560">
    <ele>279.5</ele>
    <time>2026-09-27T20:04:40Z</time>
   </trkpt>
   <trkpt lat="40.4346500" lon="-79.9516840">
    <ele>279.6</ele>
    <time>2026-09-27T20:05:32Z</time>
   </trkpt>
   <trkpt lat="40.4346550" lon="-79.9517090">
    <ele>279.6</ele>
    <time>2026-09-27T20:05:33Z</time>
   </trkpt>
   <trkpt lat="40.4346630" lon="-79.9517570">
    <ele>279.6</ele>
    <time>2026-09-27T20:05:34Z</time>
   </trkpt>
   <trkpt lat="40.4346580" lon="-79.9517620">
    <ele>279.6</ele>
    <time>2026-09-27T20:05:35Z</time>
   </trkpt>
   <trkpt lat="40.4346600" lon="-79.9517860">
    <ele>279.6</ele>
    <time>2026-09-27T20:05:36Z</time>
   </trkpt>
   <trkpt lat="40.4346530" lon="-79.9517850">
    <ele>279.6</ele>
    <time>2026-09-27T20:05:37Z</time>
   </trkpt>
   <trkpt lat="40.4346550" lon="-79.9517950">
    <ele>279.6</ele>
    <time>2026-09-27T20:05:38Z</time>
   </trkpt>
   <trkpt lat="40.4346580" lon="-79.9518190">
    <ele>279.6</ele>
    <time>2026-09-27T20:05:39Z</time>
   </trkpt>
   <trkpt lat="40.4346560" lon="-79.9518210">
    <ele>279.6</ele>
    <time>2026-09-27T20:05:40Z</time>
   </trkpt>
   <trkpt lat="40.4346520" lon="-79.9518110">
    <ele>279.6</ele>
    <time>2026-09-27T20:05:41Z</time>
   </trkpt>
   <trkpt lat="40.4346520" lon="-79.9518020">
    <ele>279.7</ele>
    <time>2026-09-27T20:05:42Z</time>
   </trkpt>
   <trkpt lat="40.4346510" lon="-79.9517950">
    <ele>279.7</ele>
    <time>2026-09-27T20:05:43Z</time>
   </trkpt>
   <trkpt lat="40.4346450" lon="-79.9517900">
    <ele>279.7</ele>
    <time>2026-09-27T20:05:44Z</time>
   </trkpt>
   <trkpt lat="40.4346410" lon="-79.9517890">
    <ele>279.7</ele>
    <time>2026-09-27T20:05:45Z</time>
   </trkpt>
   <trkpt lat="40.4346660" lon="-79.9517850">
    <ele>279.7</ele>
    <time>2026-09-27T20:05:46Z</time>
   </trkpt>
   <trkpt lat="40.4346180" lon="-79.9518370">
    <ele>279.7</ele>
    <time>2026-09-27T20:05:47Z</time>
   </trkpt>
   <trkpt lat="40.4346190" lon="-79.9518110">
    <ele>279.7</ele>
    <time>2026-09-27T20:05:48Z</time>
   </trkpt>
   <trkpt lat="40.4346090" lon="-79.9518110">
    <ele>279.7</ele>
    <time>2026-09-27T20:05:49Z</time>
   </trkpt>
   <trkpt lat="40.4346340" lon="-79.9517950">
    <ele>279.7</ele>
    <time>2026-09-27T20:05:50Z</time>
   </trkpt>
   <trkpt lat="40.4346400" lon="-79.9517950">
    <ele>279.7</ele>
    <time>2026-09-27T20:05:51Z</time>
   </trkpt>
   <trkpt lat="40.4346520" lon="-79.9517980">
    <ele>279.8</ele>
    <time>2026-09-27T20:05:52Z</time>
   </trkpt>
   <trkpt lat="40.4346400" lon="-79.9517880">
    <ele>279.8</ele>
    <time>2026-09-27T20:05:53Z</time>
   </trkpt>
   <trkpt lat="40.4346610" lon="-79.9517620">
    <ele>279.8</ele>
    <time>2026-09-27T20:05:54Z</time>
   </trkpt>
   <trkpt lat="40.4346770" lon="-79.9517510">
    <ele>279.8</ele>
    <time>2026-09-27T20:05:55Z</time>
   </trkpt>
   <trkpt lat="40.4346900" lon="-79.9517450">
    <ele>279.8</ele>
    <time>2026-09-27T20:05:56Z</time>
   </trkpt>
   <trkpt lat="40.4347070" lon="-79.9517330">
    <ele>279.8</ele>
    <time>2026-09-27T20:05:57Z</time>
   </trkpt>
   <trkpt lat="40.4347090" lon="-79.9517310">
    <ele>279.8</ele>
    <time>2026-09-27T20:05:58Z</time>
   </trkpt>
   <trkpt lat="40.4347200" lon="-79.9517130">
    <ele>279.8</ele>
    <time>2026-09-27T20:05:59Z</time>
   </trkpt>
   <trkpt lat="40.4347280" lon="-79.9517650">
    <ele>279.8</ele>
    <time>2026-09-27T20:07:47Z</time>
   </trkpt>
   <trkpt lat="40.4347550" lon="-79.9517810">
    <ele>279.9</ele>
    <time>2026-09-27T20:07:48Z</time>
   </trkpt>
   <trkpt lat="40.4347510" lon="-79.9517780">
    <ele>279.9</ele>
    <time>2026-09-27T20:07:49Z</time>
   </trkpt>
   <trkpt lat="40.4347550" lon="-79.9517790">
    <ele>279.9</ele>
    <time>2026-09-27T20:07:50Z</time>
   </trkpt>
   <trkpt lat="40.4347580" lon="-79.9517890">
    <ele>279.9</ele>
    <time>2026-09-27T20:07:51Z</time>
   </trkpt>
   <trkpt lat="40.4347600" lon="-79.9517890">
    <ele>279.9</ele>
    <time>2026-09-27T20:07:52Z</time>
   </trkpt>
   <trkpt lat="40.4347640" lon="-79.9517850">
    <ele>279.9</ele>
    <time>2026-09-27T20:07:54Z</time>
   </trkpt>
   <trkpt lat="40.4347630" lon="-79.9517810">
    <ele>279.9</ele>
    <time>2026-09-27T20:07:55Z</time>
   </trkpt>
   <trkpt lat="40.4347710" lon="-79.9517750">
    <ele>279.9</ele>
    <time>2026-09-27T20:07:56Z</time>
   </trkpt>
   <trkpt lat="40.4347720" lon="-79.9517740">
    <ele>279.9</ele>
    <time>2026-09-27T20:07:57Z</time>
   </trkpt>
   <trkpt lat="40.4347730" lon="-79.9518200">
    <ele>279.9</ele>
    <time>2026-09-27T20:08:06Z</time>
   </trkpt>
   <trkpt lat="40.4347760" lon="-79.9518250">
    <ele>279.9</ele>
    <time>2026-09-27T20:08:07Z</time>
   </trkpt>
   <trkpt lat="40.4347810" lon="-79.9518430">
    <ele>279.9</ele>
    <time>2026-09-27T20:08:08Z</time>
   </trkpt>
   <trkpt lat="40.4347780" lon="-79.9518460">
    <ele>279.9</ele>
    <time>2026-09-27T20:08:09Z</time>
   </trkpt>
   <trkpt lat="40.4347840" lon="-79.9518490">
    <ele>279.9</ele>
    <time>2026-09-27T20:08:10Z</time>
   </trkpt>
   <trkpt lat="40.4347830" lon="-79.9518410">
    <ele>279.9</ele>
    <time>2026-09-27T20:08:11Z</time>
   </trkpt>
   <trkpt lat="40.4347840" lon="-79.9518420">
    <ele>279.9</ele>
    <time>2026-09-27T20:08:12Z</time>
   </trkpt>
   <trkpt lat="40.4347770" lon="-79.9518390">
    <ele>279.9</ele>
    <time>2026-09-27T20:08:13Z</time>
   </trkpt>
   <trkpt lat="40.4347850" lon="-79.9518440">
    <ele>279.9</ele>
    <time>2026-09-27T20:08:14Z</time>
   </trkpt>
   <trkpt lat="40.4347870" lon="-79.9518370">
    <ele>279.9</ele>
    <time>2026-09-27T20:08:15Z</time>
   </trkpt>
   <trkpt lat="40.4347580" lon="-79.9518450">
    <ele>279.9</ele>
    <time>2026-09-27T20:08:52Z</time>
   </trkpt>
   <trkpt lat="40.4347770" lon="-79.9518570">
    <ele>280.0</ele>
    <time>2026-09-27T20:08:53Z</time>
   </trkpt>
   <trkpt lat="40.4347710" lon="-79.9518530">
    <ele>280.0</ele>
    <time>2026-09-27T20:08:54Z</time>
   </trkpt>
   <trkpt lat="40.4347820" lon="-79.9518550">
    <ele>280.0</ele>
    <time>2026-09-27T20:08:55Z</time>
   </trkpt>
   <trkpt lat="40.4347670" lon="-79.9518360">
    <ele>280.0</ele>
    <time>2026-09-27T20:08:56Z</time>
   </trkpt>
   <trkpt lat="40.4347580" lon="-79.9518320">
    <ele>280.0</ele>
    <time>2026-09-27T20:08:57Z</time>
   </trkpt>
   <trkpt lat="40.4347760" lon="-79.9518390">
    <ele>280.0</ele>
    <time>2026-09-27T20:08:58Z</time>
   </trkpt>
   <trkpt lat="40.4347710" lon="-79.9518340">
    <ele>280.0</ele>
    <time>2026-09-27T20:08:59Z</time>
   </trkpt>
   <trkpt lat="40.4347900" lon="-79.9518310">
    <ele>280.0</ele>
    <time>2026-09-27T20:09:00Z</time>
   </trkpt>
   <trkpt lat="40.4347900" lon="-79.9518310">
    <ele>280.0</ele>
    <time>2026-09-27T20:09:01Z</time>
   </trkpt>
   <trkpt lat="40.4347900" lon="-79.9518310">
    <ele>280.0</ele>
    <time>2026-09-27T20:09:02Z</time>
   </trkpt>
   <trkpt lat="40.4347610" lon="-79.9518300">
    <ele>280.0</ele>
    <time>2026-09-27T20:10:09Z</time>
   </trkpt>
   <trkpt lat="40.4347560" lon="-79.9518130">
    <ele>280.0</ele>
    <time>2026-09-27T20:10:10Z</time>
   </trkpt>
   <trkpt lat="40.4347560" lon="-79.9518130">
    <ele>280.0</ele>
    <time>2026-09-27T20:10:11Z</time>
   </trkpt>
   <trkpt lat="40.4347560" lon="-79.9518130">
    <ele>280.0</ele>
    <time>2026-09-27T20:10:12Z</time>
   </trkpt>
   <trkpt lat="40.4347560" lon="-79.9518130">
    <ele>280.0</ele>
    <time>2026-09-27T20:10:13Z</time>
   </trkpt>
   <trkpt lat="40.4347340" lon="-79.9517970">
    <ele>280.0</ele>
    <time>2026-09-27T20:10:14Z</time>
   </trkpt>
   <trkpt lat="40.4347340" lon="-79.9517970">
    <ele>280.0</ele>
    <time>2026-09-27T20:10:15Z</time>
   </trkpt>
   <trkpt lat="40.4347340" lon="-79.9517970">
    <ele>280.0</ele>
    <time>2026-09-27T20:10:16Z</time>
   </trkpt>
   <trkpt lat="40.4347340" lon="-79.9517970">
    <ele>280.0</ele>
    <time>2026-09-27T20:10:17Z</time>
   </trkpt>
   <trkpt lat="40.4347340" lon="-79.9517970">
    <ele>280.0</ele>
    <time>2026-09-27T20:10:18Z</time>
   </trkpt>
  </trkseg>
 </trk>
</gpx>
