<?xml version="1.0" encoding="UTF-8"?>
<gpx creator="StravaGPX" version="1.1" schemaLocation="http://www.topografix.com/GPX/1/1 http://www.topografix.com/GPX/1/1/gpx.xsd" xmlns="http://www.topografix.com/GPX/1/1" xmlns:xsi="http://www.w3.org/2001/XMLSchema-instance" xsi:schemaLocation="http://www.topografix.com/GPX/1/1 http://www.topografix.com/GPX/1/1/gpx.xsd http://www.garmin.com/xmlschemas/GpxExtensions/v3 http://www.garmin.com/xmlschemas/GpxExtensionsv3.xsd http://www.garmin.com/xmlschemas/TrackPointExtension/v1 http://www.garmin.com/xmlschemas/TrackPointExtensionv1.xsd http://www.garmin.com/xmlschemas/PowerExtension/v1 http://www.garmin.com/xmlschemas/PowerExtensionv1.xsd http://www.topografix.com/GPX/gpx_style/0/2 http://www.topografix.com/GPX/gpx_style/0/2/gpx_style.xsd" xmlns:gpxtpx="http://www.garmin.com/xmlschemas/TrackPointExtension/v1" xmlns:gpxx="http://www.garmin.com/xmlschemas/GpxExtensions/v3" xmlns:gpxpx="http://www.garmin.com/xmlschemas/PowerExtension/v1" xmlns:gpx_style="http://www.topografix.com/GPX/gpx_style/0/2">
  <metadata>
    <name>5</name>
    <author>
      <name>gpx.studio</name>
      <link href="https://gpx.studio"/>
    </author>
    <time>2026-10-03T21:28:05.000Z</time>
  </metadata>
  <trk>
    <name>5</name>
    <type>running</type>
    <trkseg>
      <trkpt lat="40.434467" lon="-79.952119">
        <ele>278.15</ele>
        <time>2026-10-03T21:28:05.000Z</time>
      </trkpt>
      <trkpt lat="40.434977" lon="-79.952004">
        <ele>281</ele>
        <time>2026-10-03T21:28:24.523Z</time>
      </trkpt>
      <trkpt lat="40.435802" lon="-79.951828">
        <ele>280</ele>
        <time>2026-10-03T21:28:56.058Z</time>
      </trkpt>
      <trkpt lat="40.436134" lon="-79.951726">
        <ele>278.96</ele>
        <time>2026-10-03T21:29:08.922Z</time>
      </trkpt>
      <trkpt lat="40.436551" lon="-79.951551">
        <ele>277.95</ele>
        <time>2026-10-03T21:29:25.438Z</time>
      </trkpt>
      <trkpt lat="40.436585" lon="-79.951573">
        <ele>278</ele>
        <time>2026-10-03T21:29:26.867Z</time>
      </trkpt>
      <trkpt lat="40.436897" lon="-79.951445">
        <ele>278</ele>
        <time>2026-10-03T21:29:39.199Z</time>
      </trkpt>
      <trkpt lat="40.436889" lon="-79.951402">
        <ele>278</ele>
        <time>2026-10-03T21:29:40.470Z</time>
      </trkpt>
      <trkpt lat="40.436893" lon="-79.951401">
        <ele>278.4</ele>
        <time>2026-10-03T21:29:40.623Z</time>
      </trkpt>
      <trkpt lat="40.43692" lon="-79.951404">
        <ele>278.4</ele>
        <time>2026-10-03T21:30:06.984Z</time>
      </trkpt>
      <trkpt lat="40.436937" lon="-79.951418">
        <ele>278.4</ele>
        <time>2026-10-03T21:30:07.984Z</time>
      </trkpt>
      <trkpt lat="40.436967" lon="-79.95144">
        <ele>278.3</ele>
        <time>2026-10-03T21:30:08.984Z</time>
      </trkpt>
      <trkpt lat="40.436983" lon="-79.951454">
        <ele>278.3</ele>
        <time>2026-10-03T21:30:09.984Z</time>
      </trkpt>
      <trkpt lat="40.437012" lon="-79.951444">
        <ele>278.3</ele>
        <time>2026-10-03T21:30:10.984Z</time>
      </trkpt>
      <trkpt lat="40.437036" lon="-79.951439">
        <ele>278.3</ele>
        <time>2026-10-03T21:30:11.984Z</time>
      </trkpt>
      <trkpt lat="40.437073" lon="-79.951424">
        <ele>278.2</ele>
        <time>2026-10-03T21:30:12.984Z</time>
      </trkpt>
      <trkpt lat="40.4371" lon="-79.951402">
        <ele>278.2</ele>
        <time>2026-10-03T21:30:13.984Z</time>
      </trkpt>
      <trkpt lat="40.437124" lon="-79.951395">
        <ele>278.1</ele>
        <time>2026-10-03T21:30:14.984Z</time>
      </trkpt>
      <trkpt lat="40.437144" lon="-79.951385">
        <ele>278.1</ele>
        <time>2026-10-03T21:30:15.984Z</time>
      </trkpt>
      <trkpt lat="40.437171" lon="-79.951388">
        <ele>278</ele>
        <time>2026-10-03T21:30:16.984Z</time>
      </trkpt>
      <trkpt lat="40.437204" lon="-79.951398">
        <ele>277.9</ele>
        <time>2026-10-03T21:30:17.984Z</time>
      </trkpt>
      <trkpt lat="40.437226" lon="-79.951417">
        <ele>277.7</ele>
        <time>2026-10-03T21:30:18.984Z</time>
      </trkpt>
      <trkpt lat="40.437245" lon="-79.951443">
        <ele>277.5</ele>
        <time>2026-10-03T21:30:19.984Z</time>
      </trkpt>
      <trkpt lat="40.437242" lon="-79.951505">
        <ele>277.3</ele>
        <time>2026-10-03T21:30:20.984Z</time>
      </trkpt>
      <trkpt lat="40.43723" lon="-79.95155">
        <ele>277.2</ele>
        <time>2026-10-03T21:30:21.984Z</time>
      </trkpt>
      <trkpt lat="40.437233" lon="-79.951593">
        <ele>277.1</ele>
        <time>2026-10-03T21:30:22.984Z</time>
      </trkpt>
      <trkpt lat="40.437236" lon="-79.951628">
        <ele>277</ele>
        <time>2026-10-03T21:30:23.984Z</time>
      </trkpt>
      <trkpt lat="40.437231" lon="-79.951661">
        <ele>276.9</ele>
        <time>2026-10-03T21:30:24.984Z</time>
      </trkpt>
      <trkpt lat="40.437221" lon="-79.951698">
        <ele>276.8</ele>
        <time>2026-10-03T21:30:25.984Z</time>
      </trkpt>
      <trkpt lat="40.437229" lon="-79.951741">
        <ele>276.7</ele>
        <time>2026-10-03T21:30:26.984Z</time>
      </trkpt>
      <trkpt lat="40.437236" lon="-79.951783">
        <ele>276.6</ele>
        <time>2026-10-03T21:30:27.984Z</time>
      </trkpt>
      <trkpt lat="40.437249" lon="-79.951816">
        <ele>276.5</ele>
        <time>2026-10-03T21:30:28.984Z</time>
      </trkpt>
      <trkpt lat="40.437265" lon="-79.951843">
        <ele>276.4</ele>
        <time>2026-10-03T21:30:29.984Z</time>
      </trkpt>
      <trkpt lat="40.437285" lon="-79.951871">
        <ele>276.2</ele>
        <time>2026-10-03T21:30:30.984Z</time>
      </trkpt>
      <trkpt lat="40.437289" lon="-79.951906">
        <ele>276.1</ele>
        <time>2026-10-03T21:30:31.984Z</time>
      </trkpt>
      <trkpt lat="40.437303" lon="-79.951936">
        <ele>276.1</ele>
        <time>2026-10-03T21:30:32.984Z</time>
      </trkpt>
      <trkpt lat="40.437289" lon="-79.951969">
        <ele>275.9</ele>
        <time>2026-10-03T21:30:33.984Z</time>
      </trkpt>
      <trkpt lat="40.437292" lon="-79.952001">
        <ele>275.9</ele>
        <time>2026-10-03T21:30:34.984Z</time>
      </trkpt>
      <trkpt lat="40.437306" lon="-79.952036">
        <ele>275.8</ele>
        <time>2026-10-03T21:30:35.984Z</time>
      </trkpt>
      <trkpt lat="40.437319" lon="-79.952071">
        <ele>275.7</ele>
        <time>2026-10-03T21:30:36.984Z</time>
      </trkpt>
      <trkpt lat="40.437325" lon="-79.952103">
        <ele>275.6</ele>
        <time>2026-10-03T21:30:37.984Z</time>
      </trkpt>
      <trkpt lat="40.437336" lon="-79.952136">
        <ele>275.5</ele>
        <time>2026-10-03T21:30:38.984Z</time>
      </trkpt>
      <trkpt lat="40.437354" lon="-79.95215">
        <ele>275.4</ele>
        <time>2026-10-03T21:30:39.984Z</time>
      </trkpt>
      <trkpt lat="40.43736" lon="-79.952183">
        <ele>275.3</ele>
        <time>2026-10-03T21:30:40.984Z</time>
      </trkpt>
      <trkpt lat="40.437373" lon="-79.952224">
        <ele>275.2</ele>
        <time>2026-10-03T21:30:41.984Z</time>
      </trkpt>
      <trkpt lat="40.437388" lon="-79.95226">
        <ele>275.1</ele>
        <time>2026-10-03T21:30:42.984Z</time>
      </trkpt>
      <trkpt lat="40.437397" lon="-79.952279">
        <ele>275.1</ele>
        <time>2026-10-03T21:30:43.984Z</time>
      </trkpt>
      <trkpt lat="40.437427" lon="-79.952276">
        <ele>274.9</ele>
        <time>2026-10-03T21:30:44.984Z</time>
      </trkpt>
      <trkpt lat="40.437453" lon="-79.952233">
        <ele>274.7</ele>
        <time>2026-10-03T21:30:45.984Z</time>
      </trkpt>
      <trkpt lat="40.437487" lon="-79.95222">
        <ele>274.5</ele>
        <time>2026-10-03T21:30:46.984Z</time>
      </trkpt>
      <trkpt lat="40.437518" lon="-79.952206">
        <ele>274.3</ele>
        <time>2026-10-03T21:30:47.984Z</time>
      </trkpt>
      <trkpt lat="40.437545" lon="-79.952198">
        <ele>274.2</ele>
        <time>2026-10-03T21:30:48.984Z</time>
      </trkpt>
      <trkpt lat="40.437576" lon="-79.952186">
        <ele>274</ele>
        <time>2026-10-03T21:30:49.984Z</time>
      </trkpt>
      <trkpt lat="40.437604" lon="-79.952184">
        <ele>273.8</ele>
        <time>2026-10-03T21:30:50.984Z</time>
      </trkpt>
      <trkpt lat="40.437634" lon="-79.952168">
        <ele>273.7</ele>
        <time>2026-10-03T21:30:51.984Z</time>
      </trkpt>
      <trkpt lat="40.437667" lon="-79.952162">
        <ele>273.5</ele>
        <time>2026-10-03T21:30:52.984Z</time>
      </trkpt>
      <trkpt lat="40.437683" lon="-79.952148">
        <ele>273.4</ele>
        <time>2026-10-03T21:30:53.984Z</time>
      </trkpt>
      <trkpt lat="40.437702" lon="-79.952142">
        <ele>273.3</ele>
        <time>2026-10-03T21:30:54.984Z</time>
      </trkpt>
      <trkpt lat="40.437728" lon="-79.952116">
        <ele>273.1</ele>
        <time>2026-10-03T21:30:55.984Z</time>
      </trkpt>
      <trkpt lat="40.437758" lon="-79.952096">
        <ele>272.9</ele>
        <time>2026-10-03T21:30:56.984Z</time>
      </trkpt>
      <trkpt lat="40.437794" lon="-79.952099">
        <ele>272.6</ele>
        <time>2026-10-03T21:30:57.984Z</time>
      </trkpt>
      <trkpt lat="40.437827" lon="-79.952088">
        <ele>272.3</ele>
        <time>2026-10-03T21:30:58.984Z</time>
      </trkpt>
      <trkpt lat="40.437863" lon="-79.95207">
        <ele>272.1</ele>
        <time>2026-10-03T21:30:59.984Z</time>
      </trkpt>
      <trkpt lat="40.437889" lon="-79.952066">
        <ele>271.9</ele>
        <time>2026-10-03T21:31:00.984Z</time>
      </trkpt>
      <trkpt lat="40.437918" lon="-79.952053">
        <ele>271.7</ele>
        <time>2026-10-03T21:31:01.984Z</time>
      </trkpt>
      <trkpt lat="40.437945" lon="-79.952054">
        <ele>271.5</ele>
        <time>2026-10-03T21:31:02.984Z</time>
      </trkpt>
      <trkpt lat="40.43798" lon="-79.952039">
        <ele>271.2</ele>
        <time>2026-10-03T21:31:03.984Z</time>
      </trkpt>
      <trkpt lat="40.438006" lon="-79.952032">
        <ele>271</ele>
        <time>2026-10-03T21:31:04.984Z</time>
      </trkpt>
      <trkpt lat="40.43803" lon="-79.952019">
        <ele>270.8</ele>
        <time>2026-10-03T21:31:05.984Z</time>
      </trkpt>
      <trkpt lat="40.438064" lon="-79.951994">
        <ele>270.5</ele>
        <time>2026-10-03T21:31:06.984Z</time>
      </trkpt>
      <trkpt lat="40.438083" lon="-79.951976">
        <ele>270.4</ele>
        <time>2026-10-03T21:31:07.984Z</time>
      </trkpt>
      <trkpt lat="40.438107" lon="-79.951959">
        <ele>270.2</ele>
        <time>2026-10-03T21:31:08.984Z</time>
      </trkpt>
      <trkpt lat="40.43813" lon="-79.95196">
        <ele>270</ele>
        <time>2026-10-03T21:31:09.984Z</time>
      </trkpt>
      <trkpt lat="40.438154" lon="-79.951947">
        <ele>269.8</ele>
        <time>2026-10-03T21:31:10.984Z</time>
      </trkpt>
      <trkpt lat="40.438183" lon="-79.951931">
        <ele>269.6</ele>
        <time>2026-10-03T21:31:11.984Z</time>
      </trkpt>
      <trkpt lat="40.438213" lon="-79.951905">
        <ele>269.4</ele>
        <time>2026-10-03T21:31:12.984Z</time>
      </trkpt>
      <trkpt lat="40.438237" lon="-79.951891">
        <ele>269.2</ele>
        <time>2026-10-03T21:31:13.984Z</time>
      </trkpt>
      <trkpt lat="40.438268" lon="-79.95189">
        <ele>269</ele>
        <time>2026-10-03T21:31:14.984Z</time>
      </trkpt>
      <trkpt lat="40.438297" lon="-79.951896">
        <ele>268.8</ele>
        <time>2026-10-03T21:31:15.984Z</time>
      </trkpt>
      <trkpt lat="40.438332" lon="-79.951886">
        <ele>268.6</ele>
        <time>2026-10-03T21:31:16.984Z</time>
      </trkpt>
      <trkpt lat="40.438346" lon="-79.951864">
        <ele>268.5</ele>
        <time>2026-10-03T21:31:17.984Z</time>
      </trkpt>
      <trkpt lat="40.438365" lon="-79.951868">
        <ele>268.3</ele>
        <time>2026-10-03T21:31:18.984Z</time>
      </trkpt>
      <trkpt lat="40.438378" lon="-79.951854">
        <ele>268.2</ele>
        <time>2026-10-03T21:31:19.984Z</time>
      </trkpt>
      <trkpt lat="40.438391" lon="-79.951845">
        <ele>268.1</ele>
        <time>2026-10-03T21:31:20.984Z</time>
      </trkpt>
      <trkpt lat="40.438423" lon="-79.951817">
        <ele>267.9</ele>
        <time>2026-10-03T21:31:21.984Z</time>
      </trkpt>
      <trkpt lat="40.43847" lon="-79.951788">
        <ele>267.5</ele>
        <time>2026-10-03T21:31:22.984Z</time>
      </trkpt>
      <trkpt lat="40.438503" lon="-79.951791">
        <ele>267.3</ele>
        <time>2026-10-03T21:31:23.984Z</time>
      </trkpt>
      <trkpt lat="40.438536" lon="-79.951789">
        <ele>267.1</ele>
        <time>2026-10-03T21:31:24.984Z</time>
      </trkpt>
      <trkpt lat="40.43855" lon="-79.951795">
        <ele>267</ele>
        <time>2026-10-03T21:31:25.984Z</time>
      </trkpt>
      <trkpt lat="40.438567" lon="-79.951775">
        <ele>266.8</ele>
        <time>2026-10-03T21:31:26.984Z</time>
      </trkpt>
      <trkpt lat="40.438586" lon="-79.951748">
        <ele>266.6</ele>
        <time>2026-10-03T21:31:27.984Z</time>
      </trkpt>
      <trkpt lat="40.43861" lon="-79.951738">
        <ele>266.5</ele>
        <time>2026-10-03T21:31:28.984Z</time>
      </trkpt>
      <trkpt lat="40.438636" lon="-79.951739">
        <ele>266.3</ele>
        <time>2026-10-03T21:31:29.984Z</time>
      </trkpt>
      <trkpt lat="40.438663" lon="-79.951728">
        <ele>266.1</ele>
        <time>2026-10-03T21:31:30.984Z</time>
      </trkpt>
      <trkpt lat="40.438699" lon="-79.951704">
        <ele>265.9</ele>
        <time>2026-10-03T21:31:31.984Z</time>
      </trkpt>
      <trkpt lat="40.438728" lon="-79.951677">
        <ele>265.6</ele>
        <time>2026-10-03T21:31:32.984Z</time>
      </trkpt>
      <trkpt lat="40.438764" lon="-79.951667">
        <ele>265.4</ele>
        <time>2026-10-03T21:31:33.984Z</time>
      </trkpt>
      <trkpt lat="40.438792" lon="-79.951657">
        <ele>265.3</ele>
        <time>2026-10-03T21:31:34.984Z</time>
      </trkpt>
      <trkpt lat="40.438814" lon="-79.951671">
        <ele>265.2</ele>
        <time>2026-10-03T21:31:35.984Z</time>
      </trkpt>
      <trkpt lat="40.438836" lon="-79.951657">
        <ele>265.1</ele>
        <time>2026-10-03T21:31:36.984Z</time>
      </trkpt>
      <trkpt lat="40.438859" lon="-79.95164">
        <ele>265</ele>
        <time>2026-10-03T21:31:37.984Z</time>
      </trkpt>
      <trkpt lat="40.438889" lon="-79.951625">
        <ele>264.8</ele>
        <time>2026-10-03T21:31:38.984Z</time>
      </trkpt>
      <trkpt lat="40.438917" lon="-79.951615">
        <ele>264.7</ele>
        <time>2026-10-03T21:31:39.984Z</time>
      </trkpt>
      <trkpt lat="40.438945" lon="-79.951626">
        <ele>264.6</ele>
        <time>2026-10-03T21:31:40.984Z</time>
      </trkpt>
      <trkpt lat="40.438973" lon="-79.951611">
        <ele>264.5</ele>
        <time>2026-10-03T21:31:41.984Z</time>
      </trkpt>
      <trkpt lat="40.439007" lon="-79.951614">
        <ele>264.5</ele>
        <time>2026-10-03T21:31:42.984Z</time>
      </trkpt>
      <trkpt lat="40.439037" lon="-79.951633">
        <ele>264.4</ele>
        <time>2026-10-03T21:31:43.984Z</time>
      </trkpt>
      <trkpt lat="40.439039" lon="-79.951645">
        <ele>264.4</ele>
        <time>2026-10-03T21:31:44.984Z</time>
      </trkpt>
      <trkpt lat="40.439068" lon="-79.951653">
        <ele>264.3</ele>
        <time>2026-10-03T21:31:45.984Z</time>
      </trkpt>
      <trkpt lat="40.439088" lon="-79.95165">
        <ele>264.3</ele>
        <time>2026-10-03T21:31:46.984Z</time>
      </trkpt>
      <trkpt lat="40.439123" lon="-79.951648">
        <ele>264.2</ele>
        <time>2026-10-03T21:31:47.984Z</time>
      </trkpt>
      <trkpt lat="40.439153" lon="-79.951648">
        <ele>264.1</ele>
        <time>2026-10-03T21:31:48.984Z</time>
      </trkpt>
      <trkpt lat="40.439179" lon="-79.951664">
        <ele>264</ele>
        <time>2026-10-03T21:31:49.984Z</time>
      </trkpt>
      <trkpt lat="40.439197" lon="-79.951679">
        <ele>263.9</ele>
        <time>2026-10-03T21:31:50.984Z</time>
      </trkpt>
      <trkpt lat="40.439219" lon="-79.951679">
        <ele>264</ele>
        <time>2026-10-03T21:31:51.984Z</time>
      </trkpt>
      <trkpt lat="40.439243" lon="-79.95168">
        <ele>264.1</ele>
        <time>2026-10-03T21:31:52.984Z</time>
      </trkpt>
      <trkpt lat="40.439258" lon="-79.951701">
        <ele>264.1</ele>
        <time>2026-10-03T21:31:53.984Z</time>
      </trkpt>
      <trkpt lat="40.439273" lon="-79.951737">
        <ele>264.2</ele>
        <time>2026-10-03T21:31:54.984Z</time>
      </trkpt>
      <trkpt lat="40.439294" lon="-79.951771">
        <ele>264.4</ele>
        <time>2026-10-03T21:31:55.984Z</time>
      </trkpt>
      <trkpt lat="40.439305" lon="-79.951807">
        <ele>264.5</ele>
        <time>2026-10-03T21:31:56.984Z</time>
      </trkpt>
      <trkpt lat="40.439308" lon="-79.951842">
        <ele>264.7</ele>
        <time>2026-10-03T21:31:57.984Z</time>
      </trkpt>
      <trkpt lat="40.439329" lon="-79.951866">
        <ele>264.9</ele>
        <time>2026-10-03T21:31:58.984Z</time>
      </trkpt>
      <trkpt lat="40.439348" lon="-79.951897">
        <ele>265.1</ele>
        <time>2026-10-03T21:31:59.984Z</time>
      </trkpt>
      <trkpt lat="40.439364" lon="-79.951935">
        <ele>265.3</ele>
        <time>2026-10-03T21:32:00.984Z</time>
      </trkpt>
      <trkpt lat="40.439367" lon="-79.951969">
        <ele>265.5</ele>
        <time>2026-10-03T21:32:01.984Z</time>
      </trkpt>
      <trkpt lat="40.439384" lon="-79.951996">
        <ele>265.8</ele>
        <time>2026-10-03T21:32:02.984Z</time>
      </trkpt>
      <trkpt lat="40.439419" lon="-79.951999">
        <ele>266.1</ele>
        <time>2026-10-03T21:32:03.984Z</time>
      </trkpt>
      <trkpt lat="40.439462" lon="-79.951991">
        <ele>266.5</ele>
        <time>2026-10-03T21:32:04.984Z</time>
      </trkpt>
      <trkpt lat="40.439483" lon="-79.951992">
        <ele>266.7</ele>
        <time>2026-10-03T21:32:05.984Z</time>
      </trkpt>
      <trkpt lat="40.439507" lon="-79.952021">
        <ele>267</ele>
        <time>2026-10-03T21:32:06.984Z</time>
      </trkpt>
      <trkpt lat="40.439526" lon="-79.952016">
        <ele>267.1</ele>
        <time>2026-10-03T21:32:07.984Z</time>
      </trkpt>
      <trkpt lat="40.439543" lon="-79.952026">
        <ele>267.3</ele>
        <time>2026-10-03T21:32:08.984Z</time>
      </trkpt>
      <trkpt lat="40.439552" lon="-79.952059">
        <ele>267.5</ele>
        <time>2026-10-03T21:32:09.984Z</time>
      </trkpt>
      <trkpt lat="40.439556" lon="-79.952107">
        <ele>267.8</ele>
        <time>2026-10-03T21:32:10.984Z</time>
      </trkpt>
      <trkpt lat="40.439562" lon="-79.952137">
        <ele>268</ele>
        <time>2026-10-03T21:32:11.984Z</time>
      </trkpt>
      <trkpt lat="40.439581" lon="-79.952161">
        <ele>268.2</ele>
        <time>2026-10-03T21:32:12.984Z</time>
      </trkpt>
      <trkpt lat="40.439597" lon="-79.952205">
        <ele>268.5</ele>
        <time>2026-10-03T21:32:13.984Z</time>
      </trkpt>
      <trkpt lat="40.439604" lon="-79.952239">
        <ele>268.7</ele>
        <time>2026-10-03T21:32:14.984Z</time>
      </trkpt>
      <trkpt lat="40.439632" lon="-79.952262">
        <ele>268.9</ele>
        <time>2026-10-03T21:32:15.984Z</time>
      </trkpt>
      <trkpt lat="40.439656" lon="-79.952282">
        <ele>269.1</ele>
        <time>2026-10-03T21:32:16.984Z</time>
      </trkpt>
      <trkpt lat="40.439675" lon="-79.952308">
        <ele>269.2</ele>
        <time>2026-10-03T21:32:17.984Z</time>
      </trkpt>
      <trkpt lat="40.439688" lon="-79.952328">
        <ele>269.2</ele>
        <time>2026-10-03T21:32:18.984Z</time>
      </trkpt>
      <trkpt lat="40.439708" lon="-79.952344">
        <ele>269.3</ele>
        <time>2026-10-03T21:32:19.984Z</time>
      </trkpt>
      <trkpt lat="40.439726" lon="-79.952357">
        <ele>269.3</ele>
        <time>2026-10-03T21:32:20.984Z</time>
      </trkpt>
      <trkpt lat="40.439748" lon="-79.952377">
        <ele>269.4</ele>
        <time>2026-10-03T21:32:21.984Z</time>
      </trkpt>
      <trkpt lat="40.439772" lon="-79.952414">
        <ele>269.3</ele>
        <time>2026-10-03T21:32:22.984Z</time>
      </trkpt>
      <trkpt lat="40.439778" lon="-79.952442">
        <ele>269.3</ele>
        <time>2026-10-03T21:32:23.984Z</time>
      </trkpt>
      <trkpt lat="40.439793" lon="-79.952468">
        <ele>269.3</ele>
        <time>2026-10-03T21:32:24.984Z</time>
      </trkpt>
      <trkpt lat="40.439799" lon="-79.952496">
        <ele>269.2</ele>
        <time>2026-10-03T21:32:25.984Z</time>
      </trkpt>
      <trkpt lat="40.439819" lon="-79.952522">
        <ele>269.2</ele>
        <time>2026-10-03T21:32:26.984Z</time>
      </trkpt>
      <trkpt lat="40.439841" lon="-79.952562">
        <ele>269.2</ele>
        <time>2026-10-03T21:32:27.984Z</time>
      </trkpt>
      <trkpt lat="40.439861" lon="-79.952588">
        <ele>269.1</ele>
        <time>2026-10-03T21:32:28.984Z</time>
      </trkpt>
      <trkpt lat="40.439871" lon="-79.95261">
        <ele>269.1</ele>
        <time>2026-10-03T21:32:29.984Z</time>
      </trkpt>
      <trkpt lat="40.439878" lon="-79.952628">
        <ele>269.1</ele>
        <time>2026-10-03T21:32:30.984Z</time>
      </trkpt>
      <trkpt lat="40.439889" lon="-79.952655">
        <ele>269</ele>
        <time>2026-10-03T21:32:31.984Z</time>
      </trkpt>
      <trkpt lat="40.439902" lon="-79.952681">
        <ele>269</ele>
        <time>2026-10-03T21:32:32.984Z</time>
      </trkpt>
      <trkpt lat="40.439915" lon="-79.952704">
        <ele>268.9</ele>
        <time>2026-10-03T21:32:33.984Z</time>
      </trkpt>
      <trkpt lat="40.439932" lon="-79.952737">
        <ele>268.8</ele>
        <time>2026-10-03T21:32:34.984Z</time>
      </trkpt>
      <trkpt lat="40.439945" lon="-79.952769">
        <ele>268.8</ele>
        <time>2026-10-03T21:32:35.984Z</time>
      </trkpt>
      <trkpt lat="40.439958" lon="-79.952784">
        <ele>268.7</ele>
        <time>2026-10-03T21:32:36.984Z</time>
      </trkpt>
      <trkpt lat="40.439982" lon="-79.952807">
        <ele>268.7</ele>
        <time>2026-10-03T21:32:37.984Z</time>
      </trkpt>
      <trkpt lat="40.439999" lon="-79.952839">
        <ele>268.6</ele>
        <time>2026-10-03T21:32:38.984Z</time>
      </trkpt>
      <trkpt lat="40.440019" lon="-79.952865">
        <ele>268.5</ele>
        <time>2026-10-03T21:32:39.984Z</time>
      </trkpt>
      <trkpt lat="40.440027" lon="-79.952902">
        <ele>268.4</ele>
        <time>2026-10-03T21:32:40.984Z</time>
      </trkpt>
      <trkpt lat="40.440043" lon="-79.952943">
        <ele>268.3</ele>
        <time>2026-10-03T21:32:41.984Z</time>
      </trkpt>
      <trkpt lat="40.440048" lon="-79.952973">
        <ele>268.3</ele>
        <time>2026-10-03T21:32:42.984Z</time>
      </trkpt>
      <trkpt lat="40.440065" lon="-79.952982">
        <ele>268.2</ele>
        <time>2026-10-03T21:32:43.984Z</time>
      </trkpt>
      <trkpt lat="40.440089" lon="-79.952995">
        <ele>268.2</ele>
        <time>2026-10-03T21:32:44.984Z</time>
      </trkpt>
      <trkpt lat="40.440116" lon="-79.953007">
        <ele>268.1</ele>
        <time>2026-10-03T21:32:45.984Z</time>
      </trkpt>
      <trkpt lat="40.440143" lon="-79.953042">
        <ele>268</ele>
        <time>2026-10-03T21:32:46.984Z</time>
      </trkpt>
      <trkpt lat="40.440159" lon="-79.953066">
        <ele>267.9</ele>
        <time>2026-10-03T21:32:47.984Z</time>
      </trkpt>
      <trkpt lat="40.440169" lon="-79.953087">
        <ele>267.9</ele>
        <time>2026-10-03T21:32:48.984Z</time>
      </trkpt>
      <trkpt lat="40.440181" lon="-79.953115">
        <ele>267.8</ele>
        <time>2026-10-03T21:32:49.984Z</time>
      </trkpt>
      <trkpt lat="40.440194" lon="-79.953139">
        <ele>267.8</ele>
        <time>2026-10-03T21:32:50.984Z</time>
      </trkpt>
      <trkpt lat="40.440207" lon="-79.953162">
        <ele>267.7</ele>
        <time>2026-10-03T21:32:51.984Z</time>
      </trkpt>
      <trkpt lat="40.440222" lon="-79.953185">
        <ele>267.7</ele>
        <time>2026-10-03T21:32:52.984Z</time>
      </trkpt>
      <trkpt lat="40.440232" lon="-79.953209">
        <ele>267.6</ele>
        <time>2026-10-03T21:32:53.984Z</time>
      </trkpt>
      <trkpt lat="40.440245" lon="-79.953239">
        <ele>267.6</ele>
        <time>2026-10-03T21:32:54.984Z</time>
      </trkpt>
      <trkpt lat="40.440257" lon="-79.953267">
        <ele>267.5</ele>
        <time>2026-10-03T21:32:55.984Z</time>
      </trkpt>
      <trkpt lat="40.440264" lon="-79.953272">
        <ele>267.5</ele>
        <time>2026-10-03T21:32:56.984Z</time>
      </trkpt>
      <trkpt lat="40.440283" lon="-79.953302">
        <ele>267.5</ele>
        <time>2026-10-03T21:32:57.984Z</time>
      </trkpt>
      <trkpt lat="40.440291" lon="-79.953309">
        <ele>267.4</ele>
        <time>2026-10-03T21:32:58.984Z</time>
      </trkpt>
      <trkpt lat="40.440312" lon="-79.953341">
        <ele>267.4</ele>
        <time>2026-10-03T21:32:59.984Z</time>
      </trkpt>
      <trkpt lat="40.440322" lon="-79.953354">
        <ele>267.4</ele>
        <time>2026-10-03T21:33:00.984Z</time>
      </trkpt>
      <trkpt lat="40.440333" lon="-79.953386">
        <ele>267.3</ele>
        <time>2026-10-03T21:33:01.984Z</time>
      </trkpt>
      <trkpt lat="40.440347" lon="-79.953406">
        <ele>267.3</ele>
        <time>2026-10-03T21:33:02.984Z</time>
      </trkpt>
      <trkpt lat="40.440376" lon="-79.953453">
        <ele>267.2</ele>
        <time>2026-10-03T21:33:03.984Z</time>
      </trkpt>
      <trkpt lat="40.440382" lon="-79.953453">
        <ele>267.2</ele>
        <time>2026-10-03T21:33:04.984Z</time>
      </trkpt>
      <trkpt lat="40.440409" lon="-79.953484">
        <ele>267.2</ele>
        <time>2026-10-03T21:33:05.984Z</time>
      </trkpt>
      <trkpt lat="40.440425" lon="-79.953519">
        <ele>267.2</ele>
        <time>2026-10-03T21:33:06.984Z</time>
      </trkpt>
      <trkpt lat="40.440447" lon="-79.953545">
        <ele>267.2</ele>
        <time>2026-10-03T21:33:07.984Z</time>
      </trkpt>
      <trkpt lat="40.440466" lon="-79.953578">
        <ele>267.3</ele>
        <time>2026-10-03T21:33:08.984Z</time>
      </trkpt>
      <trkpt lat="40.440481" lon="-79.95361">
        <ele>267.3</ele>
        <time>2026-10-03T21:33:09.984Z</time>
      </trkpt>
      <trkpt lat="40.4405" lon="-79.953649">
        <ele>267.3</ele>
        <time>2026-10-03T21:33:10.984Z</time>
      </trkpt>
      <trkpt lat="40.440513" lon="-79.953681">
        <ele>267.3</ele>
        <time>2026-10-03T21:33:11.984Z</time>
      </trkpt>
      <trkpt lat="40.440522" lon="-79.953718">
        <ele>267.3</ele>
        <time>2026-10-03T21:33:12.984Z</time>
      </trkpt>
      <trkpt lat="40.44052" lon="-79.953747">
        <ele>267.4</ele>
        <time>2026-10-03T21:33:13.984Z</time>
      </trkpt>
      <trkpt lat="40.440539" lon="-79.95378">
        <ele>267.5</ele>
        <time>2026-10-03T21:33:14.984Z</time>
      </trkpt>
      <trkpt lat="40.440557" lon="-79.953809">
        <ele>267.6</ele>
        <time>2026-10-03T21:33:15.984Z</time>
      </trkpt>
      <trkpt lat="40.440569" lon="-79.953838">
        <ele>267.7</ele>
        <time>2026-10-03T21:33:16.984Z</time>
      </trkpt>
      <trkpt lat="40.440576" lon="-79.953863">
        <ele>267.7</ele>
        <time>2026-10-03T21:33:17.984Z</time>
      </trkpt>
      <trkpt lat="40.440594" lon="-79.953889">
        <ele>267.8</ele>
        <time>2026-10-03T21:33:18.984Z</time>
      </trkpt>
      <trkpt lat="40.440623" lon="-79.953909">
        <ele>268</ele>
        <time>2026-10-03T21:33:19.984Z</time>
      </trkpt>
      <trkpt lat="40.440641" lon="-79.953933">
        <ele>268.1</ele>
        <time>2026-10-03T21:33:20.984Z</time>
      </trkpt>
      <trkpt lat="40.440639" lon="-79.953963">
        <ele>268.2</ele>
        <time>2026-10-03T21:33:21.984Z</time>
      </trkpt>
      <trkpt lat="40.440647" lon="-79.953985">
        <ele>268.3</ele>
        <time>2026-10-03T21:33:22.984Z</time>
      </trkpt>
      <trkpt lat="40.440655" lon="-79.954053">
        <ele>268.5</ele>
        <time>2026-10-03T21:33:23.984Z</time>
      </trkpt>
      <trkpt lat="40.44067" lon="-79.954075">
        <ele>268.6</ele>
        <time>2026-10-03T21:33:24.984Z</time>
      </trkpt>
      <trkpt lat="40.440683" lon="-79.954098">
        <ele>268.7</ele>
        <time>2026-10-03T21:33:25.984Z</time>
      </trkpt>
      <trkpt lat="40.440697" lon="-79.954129">
        <ele>268.9</ele>
        <time>2026-10-03T21:33:26.984Z</time>
      </trkpt>
      <trkpt lat="40.44073" lon="-79.954135">
        <ele>269</ele>
        <time>2026-10-03T21:33:27.984Z</time>
      </trkpt>
      <trkpt lat="40.440753" lon="-79.954146">
        <ele>269.1</ele>
        <time>2026-10-03T21:33:28.984Z</time>
      </trkpt>
      <trkpt lat="40.440767" lon="-79.95419">
        <ele>269.3</ele>
        <time>2026-10-03T21:33:29.984Z</time>
      </trkpt>
      <trkpt lat="40.440795" lon="-79.954185">
        <ele>269.4</ele>
        <time>2026-10-03T21:33:30.984Z</time>
      </trkpt>
      <trkpt lat="40.440821" lon="-79.954199">
        <ele>269.6</ele>
        <time>2026-10-03T21:33:31.984Z</time>
      </trkpt>
      <trkpt lat="40.440847" lon="-79.954196">
        <ele>269.6</ele>
        <time>2026-10-03T21:33:32.984Z</time>
      </trkpt>
      <trkpt lat="40.440886" lon="-79.954178">
        <ele>269.6</ele>
        <time>2026-10-03T21:33:33.984Z</time>
      </trkpt>
      <trkpt lat="40.440921" lon="-79.954146">
        <ele>269.7</ele>
        <time>2026-10-03T21:33:34.984Z</time>
      </trkpt>
      <trkpt lat="40.44095" lon="-79.954096">
        <ele>269.7</ele>
        <time>2026-10-03T21:33:35.984Z</time>
      </trkpt>
      <trkpt lat="40.44097" lon="-79.95405">
        <ele>269.7</ele>
        <time>2026-10-03T21:33:36.984Z</time>
      </trkpt>
      <trkpt lat="40.440972" lon="-79.954001">
        <ele>269.7</ele>
        <time>2026-10-03T21:33:37.984Z</time>
      </trkpt>
      <trkpt lat="40.440961" lon="-79.953963">
        <ele>269.6</ele>
        <time>2026-10-03T21:33:38.984Z</time>
      </trkpt>
      <trkpt lat="40.440959" lon="-79.953939">
        <ele>269.6</ele>
        <time>2026-10-03T21:33:39.984Z</time>
      </trkpt>
      <trkpt lat="40.44097" lon="-79.953904">
        <ele>269.6</ele>
        <time>2026-10-03T21:33:40.984Z</time>
      </trkpt>
      <trkpt lat="40.440985" lon="-79.953872">
        <ele>269.6</ele>
        <time>2026-10-03T21:33:41.984Z</time>
      </trkpt>
      <trkpt lat="40.44099" lon="-79.953832">
        <ele>269.6</ele>
        <time>2026-10-03T21:33:42.984Z</time>
      </trkpt>
      <trkpt lat="40.441003" lon="-79.953793">
        <ele>269.6</ele>
        <time>2026-10-03T21:33:43.984Z</time>
      </trkpt>
      <trkpt lat="40.441003" lon="-79.953758">
        <ele>269.6</ele>
        <time>2026-10-03T21:33:44.984Z</time>
      </trkpt>
      <trkpt lat="40.441032" lon="-79.953743">
        <ele>269.6</ele>
        <time>2026-10-03T21:33:45.984Z</time>
      </trkpt>
      <trkpt lat="40.441044" lon="-79.953722">
        <ele>269.6</ele>
        <time>2026-10-03T21:33:46.984Z</time>
      </trkpt>
      <trkpt lat="40.441061" lon="-79.95369">
        <ele>269.6</ele>
        <time>2026-10-03T21:33:47.984Z</time>
      </trkpt>
      <trkpt lat="40.441079" lon="-79.95366">
        <ele>269.6</ele>
        <time>2026-10-03T21:33:48.984Z</time>
      </trkpt>
      <trkpt lat="40.441098" lon="-79.953636">
        <ele>269.6</ele>
        <time>2026-10-03T21:33:49.984Z</time>
      </trkpt>
      <trkpt lat="40.441113" lon="-79.9536">
        <ele>269.6</ele>
        <time>2026-10-03T21:33:50.984Z</time>
      </trkpt>
      <trkpt lat="40.44112" lon="-79.953561">
        <ele>269.7</ele>
        <time>2026-10-03T21:33:51.984Z</time>
      </trkpt>
      <trkpt lat="40.441124" lon="-79.953518">
        <ele>269.7</ele>
        <time>2026-10-03T21:33:52.984Z</time>
      </trkpt>
      <trkpt lat="40.441139" lon="-79.953482">
        <ele>269.7</ele>
        <time>2026-10-03T21:33:53.984Z</time>
      </trkpt>
      <trkpt lat="40.441156" lon="-79.953447">
        <ele>269.8</ele>
        <time>2026-10-03T21:33:54.984Z</time>
      </trkpt>
      <trkpt lat="40.441157" lon="-79.953398">
        <ele>269.8</ele>
        <time>2026-10-03T21:33:55.984Z</time>
      </trkpt>
      <trkpt lat="40.441168" lon="-79.953371">
        <ele>269.9</ele>
        <time>2026-10-03T21:33:56.984Z</time>
      </trkpt>
      <trkpt lat="40.441185" lon="-79.953345">
        <ele>269.9</ele>
        <time>2026-10-03T21:33:57.984Z</time>
      </trkpt>
      <trkpt lat="40.441174" lon="-79.95331">
        <ele>270</ele>
        <time>2026-10-03T21:33:58.984Z</time>
      </trkpt>
      <trkpt lat="40.441178" lon="-79.953273">
        <ele>270.1</ele>
        <time>2026-10-03T21:33:59.984Z</time>
      </trkpt>
      <trkpt lat="40.441184" lon="-79.953243">
        <ele>270.1</ele>
        <time>2026-10-03T21:34:00.984Z</time>
      </trkpt>
      <trkpt lat="40.44119" lon="-79.953221">
        <ele>270.2</ele>
        <time>2026-10-03T21:34:01.984Z</time>
      </trkpt>
      <trkpt lat="40.441199" lon="-79.953183">
        <ele>270.2</ele>
        <time>2026-10-03T21:34:02.984Z</time>
      </trkpt>
      <trkpt lat="40.441212" lon="-79.953145">
        <ele>270.3</ele>
        <time>2026-10-03T21:34:03.984Z</time>
      </trkpt>
      <trkpt lat="40.441221" lon="-79.953105">
        <ele>270.4</ele>
        <time>2026-10-03T21:34:04.984Z</time>
      </trkpt>
      <trkpt lat="40.441251" lon="-79.953061">
        <ele>270.5</ele>
        <time>2026-10-03T21:34:05.984Z</time>
      </trkpt>
      <trkpt lat="40.44125" lon="-79.953028">
        <ele>270.6</ele>
        <time>2026-10-03T21:34:06.984Z</time>
      </trkpt>
      <trkpt lat="40.441259" lon="-79.953015">
        <ele>270.7</ele>
        <time>2026-10-03T21:34:07.984Z</time>
      </trkpt>
      <trkpt lat="40.441262" lon="-79.952986">
        <ele>270.7</ele>
        <time>2026-10-03T21:34:08.984Z</time>
      </trkpt>
      <trkpt lat="40.441267" lon="-79.952959">
        <ele>270.8</ele>
        <time>2026-10-03T21:34:09.984Z</time>
      </trkpt>
      <trkpt lat="40.441281" lon="-79.952941">
        <ele>270.8</ele>
        <time>2026-10-03T21:34:10.984Z</time>
      </trkpt>
      <trkpt lat="40.441298" lon="-79.952908">
        <ele>270.9</ele>
        <time>2026-10-03T21:34:11.984Z</time>
      </trkpt>
      <trkpt lat="40.441331" lon="-79.952896">
        <ele>271</ele>
        <time>2026-10-03T21:34:12.984Z</time>
      </trkpt>
      <trkpt lat="40.441362" lon="-79.95289">
        <ele>271.1</ele>
        <time>2026-10-03T21:34:13.984Z</time>
      </trkpt>
      <trkpt lat="40.441389" lon="-79.95287">
        <ele>271.2</ele>
        <time>2026-10-03T21:34:14.984Z</time>
      </trkpt>
      <trkpt lat="40.441405" lon="-79.952847">
        <ele>271.3</ele>
        <time>2026-10-03T21:34:15.984Z</time>
      </trkpt>
      <trkpt lat="40.441417" lon="-79.952833">
        <ele>271.4</ele>
        <time>2026-10-03T21:34:16.984Z</time>
      </trkpt>
      <trkpt lat="40.441436" lon="-79.952824">
        <ele>271.5</ele>
        <time>2026-10-03T21:34:17.984Z</time>
      </trkpt>
      <trkpt lat="40.441456" lon="-79.952812">
        <ele>271.7</ele>
        <time>2026-10-03T21:34:18.984Z</time>
      </trkpt>
      <trkpt lat="40.441484" lon="-79.95279">
        <ele>271.9</ele>
        <time>2026-10-03T21:34:19.984Z</time>
      </trkpt>
      <trkpt lat="40.441515" lon="-79.952762">
        <ele>272</ele>
        <time>2026-10-03T21:34:20.984Z</time>
      </trkpt>
      <trkpt lat="40.441528" lon="-79.952736">
        <ele>272.2</ele>
        <time>2026-10-03T21:34:21.984Z</time>
      </trkpt>
      <trkpt lat="40.441552" lon="-79.952728">
        <ele>272.3</ele>
        <time>2026-10-03T21:34:22.984Z</time>
      </trkpt>
      <trkpt lat="40.441578" lon="-79.952722">
        <ele>272.4</ele>
        <time>2026-10-03T21:34:23.984Z</time>
      </trkpt>
      <trkpt lat="40.441598" lon="-79.952719">
        <ele>272.4</ele>
        <time>2026-10-03T21:34:24.984Z</time>
      </trkpt>
      <trkpt lat="40.441622" lon="-79.952691">
        <ele>272.6</ele>
        <time>2026-10-03T21:34:25.984Z</time>
      </trkpt>
      <trkpt lat="40.441643" lon="-79.952676">
        <ele>272.6</ele>
        <time>2026-10-03T21:34:26.984Z</time>
      </trkpt>
      <trkpt lat="40.441663" lon="-79.952655">
        <ele>272.7</ele>
        <time>2026-10-03T21:34:27.984Z</time>
      </trkpt>
      <trkpt lat="40.441687" lon="-79.952622">
        <ele>272.8</ele>
        <time>2026-10-03T21:34:28.984Z</time>
      </trkpt>
      <trkpt lat="40.441706" lon="-79.952597">
        <ele>272.8</ele>
        <time>2026-10-03T21:34:29.984Z</time>
      </trkpt>
      <trkpt lat="40.441729" lon="-79.952584">
        <ele>272.9</ele>
        <time>2026-10-03T21:34:30.984Z</time>
      </trkpt>
      <trkpt lat="40.441752" lon="-79.952572">
        <ele>272.9</ele>
        <time>2026-10-03T21:34:31.984Z</time>
      </trkpt>
      <trkpt lat="40.441774" lon="-79.95256">
        <ele>272.9</ele>
        <time>2026-10-03T21:34:32.984Z</time>
      </trkpt>
      <trkpt lat="40.441792" lon="-79.952554">
        <ele>272.9</ele>
        <time>2026-10-03T21:34:33.984Z</time>
      </trkpt>
      <trkpt lat="40.441812" lon="-79.95255">
        <ele>272.9</ele>
        <time>2026-10-03T21:34:34.984Z</time>
      </trkpt>
      <trkpt lat="40.441822" lon="-79.95252">
        <ele>273</ele>
        <time>2026-10-03T21:34:35.984Z</time>
      </trkpt>
      <trkpt lat="40.441847" lon="-79.952504">
        <ele>273</ele>
        <time>2026-10-03T21:34:36.984Z</time>
      </trkpt>
      <trkpt lat="40.441868" lon="-79.95248">
        <ele>272.9</ele>
        <time>2026-10-03T21:34:37.984Z</time>
      </trkpt>
      <trkpt lat="40.441894" lon="-79.95246">
        <ele>272.9</ele>
        <time>2026-10-03T21:34:38.984Z</time>
      </trkpt>
      <trkpt lat="40.441922" lon="-79.952448">
        <ele>272.9</ele>
        <time>2026-10-03T21:34:39.984Z</time>
      </trkpt>
      <trkpt lat="40.441943" lon="-79.952435">
        <ele>272.8</ele>
        <time>2026-10-03T21:34:40.984Z</time>
      </trkpt>
      <trkpt lat="40.441965" lon="-79.952417">
        <ele>272.8</ele>
        <time>2026-10-03T21:34:41.984Z</time>
      </trkpt>
      <trkpt lat="40.441986" lon="-79.9524">
        <ele>272.7</ele>
        <time>2026-10-03T21:34:42.984Z</time>
      </trkpt>
      <trkpt lat="40.442007" lon="-79.952382">
        <ele>272.7</ele>
        <time>2026-10-03T21:34:43.984Z</time>
      </trkpt>
      <trkpt lat="40.442032" lon="-79.952372">
        <ele>272.7</ele>
        <time>2026-10-03T21:34:44.984Z</time>
      </trkpt>
      <trkpt lat="40.442057" lon="-79.95236">
        <ele>272.6</ele>
        <time>2026-10-03T21:34:45.984Z</time>
      </trkpt>
      <trkpt lat="40.442074" lon="-79.952344">
        <ele>272.6</ele>
        <time>2026-10-03T21:34:46.984Z</time>
      </trkpt>
      <trkpt lat="40.44209" lon="-79.952307">
        <ele>272.5</ele>
        <time>2026-10-03T21:34:47.984Z</time>
      </trkpt>
      <trkpt lat="40.442117" lon="-79.952277">
        <ele>272.5</ele>
        <time>2026-10-03T21:34:48.984Z</time>
      </trkpt>
      <trkpt lat="40.442147" lon="-79.952254">
        <ele>272.5</ele>
        <time>2026-10-03T21:34:49.984Z</time>
      </trkpt>
      <trkpt lat="40.442184" lon="-79.952237">
        <ele>272.4</ele>
        <time>2026-10-03T21:34:50.984Z</time>
      </trkpt>
      <trkpt lat="40.442206" lon="-79.952199">
        <ele>272.4</ele>
        <time>2026-10-03T21:34:51.984Z</time>
      </trkpt>
      <trkpt lat="40.442235" lon="-79.952191">
        <ele>272.3</ele>
        <time>2026-10-03T21:34:52.984Z</time>
      </trkpt>
      <trkpt lat="40.442258" lon="-79.95215">
        <ele>272.3</ele>
        <time>2026-10-03T21:34:53.984Z</time>
      </trkpt>
      <trkpt lat="40.442276" lon="-79.952128">
        <ele>272.3</ele>
        <time>2026-10-03T21:34:54.984Z</time>
      </trkpt>
      <trkpt lat="40.442285" lon="-79.952095">
        <ele>272.2</ele>
        <time>2026-10-03T21:34:55.984Z</time>
      </trkpt>
      <trkpt lat="40.442286" lon="-79.952054">
        <ele>272.2</ele>
        <time>2026-10-03T21:34:56.984Z</time>
      </trkpt>
      <trkpt lat="40.442303" lon="-79.952003">
        <ele>272.2</ele>
        <time>2026-10-03T21:34:57.984Z</time>
      </trkpt>
      <trkpt lat="40.442314" lon="-79.951975">
        <ele>272.2</ele>
        <time>2026-10-03T21:34:58.984Z</time>
      </trkpt>
      <trkpt lat="40.442325" lon="-79.951945">
        <ele>272.1</ele>
        <time>2026-10-03T21:34:59.984Z</time>
      </trkpt>
      <trkpt lat="40.442324" lon="-79.9519">
        <ele>272.1</ele>
        <time>2026-10-03T21:35:00.984Z</time>
      </trkpt>
      <trkpt lat="40.442312" lon="-79.951861">
        <ele>272.1</ele>
        <time>2026-10-03T21:35:01.984Z</time>
      </trkpt>
      <trkpt lat="40.442311" lon="-79.951819">
        <ele>272.1</ele>
        <time>2026-10-03T21:35:02.984Z</time>
      </trkpt>
      <trkpt lat="40.442295" lon="-79.951777">
        <ele>272.1</ele>
        <time>2026-10-03T21:35:03.984Z</time>
      </trkpt>
      <trkpt lat="40.442288" lon="-79.95173">
        <ele>272.1</ele>
        <time>2026-10-03T21:35:04.984Z</time>
      </trkpt>
      <trkpt lat="40.442283" lon="-79.951698">
        <ele>272.1</ele>
        <time>2026-10-03T21:35:05.984Z</time>
      </trkpt>
      <trkpt lat="40.442279" lon="-79.95166">
        <ele>272.1</ele>
        <time>2026-10-03T21:35:06.984Z</time>
      </trkpt>
      <trkpt lat="40.442272" lon="-79.951638">
        <ele>272.1</ele>
        <time>2026-10-03T21:35:07.984Z</time>
      </trkpt>
      <trkpt lat="40.442274" lon="-79.951612">
        <ele>272.1</ele>
        <time>2026-10-03T21:35:08.984Z</time>
      </trkpt>
      <trkpt lat="40.442258" lon="-79.951583">
        <ele>272.1</ele>
        <time>2026-10-03T21:35:09.984Z</time>
      </trkpt>
      <trkpt lat="40.442242" lon="-79.951546">
        <ele>272.1</ele>
        <time>2026-10-03T21:35:10.984Z</time>
      </trkpt>
      <trkpt lat="40.442237" lon="-79.951505">
        <ele>272.2</ele>
        <time>2026-10-03T21:35:11.984Z</time>
      </trkpt>
      <trkpt lat="40.442238" lon="-79.951471">
        <ele>272.2</ele>
        <time>2026-10-03T21:35:12.984Z</time>
      </trkpt>
      <trkpt lat="40.442236" lon="-79.951446">
        <ele>272.2</ele>
        <time>2026-10-03T21:35:13.984Z</time>
      </trkpt>
      <trkpt lat="40.442222" lon="-79.951403">
        <ele>272.3</ele>
        <time>2026-10-03T21:35:14.984Z</time>
      </trkpt>
      <trkpt lat="40.442209" lon="-79.951359">
        <ele>272.3</ele>
        <time>2026-10-03T21:35:15.984Z</time>
      </trkpt>
      <trkpt lat="40.442198" lon="-79.951329">
        <ele>272.4</ele>
        <time>2026-10-03T21:35:16.984Z</time>
      </trkpt>
      <trkpt lat="40.442192" lon="-79.951291">
        <ele>272.4</ele>
        <time>2026-10-03T21:35:17.984Z</time>
      </trkpt>
      <trkpt lat="40.442192" lon="-79.95125">
        <ele>272.5</ele>
        <time>2026-10-03T21:35:18.984Z</time>
      </trkpt>
      <trkpt lat="40.442191" lon="-79.951225">
        <ele>272.5</ele>
        <time>2026-10-03T21:35:19.984Z</time>
      </trkpt>
      <trkpt lat="40.442179" lon="-79.951183">
        <ele>272.5</ele>
        <time>2026-10-03T21:35:20.984Z</time>
      </trkpt>
      <trkpt lat="40.442157" lon="-79.951168">
        <ele>272.6</ele>
        <time>2026-10-03T21:35:21.984Z</time>
      </trkpt>
      <trkpt lat="40.442151" lon="-79.951125">
        <ele>272.6</ele>
        <time>2026-10-03T21:35:22.984Z</time>
      </trkpt>
      <trkpt lat="40.442132" lon="-79.951097">
        <ele>272.7</ele>
        <time>2026-10-03T21:35:23.984Z</time>
      </trkpt>
      <trkpt lat="40.442115" lon="-79.951067">
        <ele>272.7</ele>
        <time>2026-10-03T21:35:24.984Z</time>
      </trkpt>
      <trkpt lat="40.442113" lon="-79.951017">
        <ele>272.8</ele>
        <time>2026-10-03T21:35:25.984Z</time>
      </trkpt>
      <trkpt lat="40.442104" lon="-79.950972">
        <ele>272.8</ele>
        <time>2026-10-03T21:35:26.984Z</time>
      </trkpt>
      <trkpt lat="40.442092" lon="-79.950937">
        <ele>272.8</ele>
        <time>2026-10-03T21:35:27.984Z</time>
      </trkpt>
      <trkpt lat="40.442081" lon="-79.950905">
        <ele>272.9</ele>
        <time>2026-10-03T21:35:28.984Z</time>
      </trkpt>
      <trkpt lat="40.442075" lon="-79.950885">
        <ele>272.9</ele>
        <time>2026-10-03T21:35:29.984Z</time>
      </trkpt>
      <trkpt lat="40.442074" lon="-79.950848">
        <ele>273</ele>
        <time>2026-10-03T21:35:30.984Z</time>
      </trkpt>
      <trkpt lat="40.44206" lon="-79.950816">
        <ele>273</ele>
        <time>2026-10-03T21:35:31.984Z</time>
      </trkpt>
      <trkpt lat="40.442057" lon="-79.950781">
        <ele>273.1</ele>
        <time>2026-10-03T21:35:32.984Z</time>
      </trkpt>
      <trkpt lat="40.442039" lon="-79.950745">
        <ele>273.1</ele>
        <time>2026-10-03T21:35:33.984Z</time>
      </trkpt>
      <trkpt lat="40.442018" lon="-79.950726">
        <ele>273.2</ele>
        <time>2026-10-03T21:35:34.984Z</time>
      </trkpt>
      <trkpt lat="40.442016" lon="-79.950687">
        <ele>273.2</ele>
        <time>2026-10-03T21:35:35.984Z</time>
      </trkpt>
      <trkpt lat="40.442007" lon="-79.950661">
        <ele>273.2</ele>
        <time>2026-10-03T21:35:36.984Z</time>
      </trkpt>
      <trkpt lat="40.441989" lon="-79.950622">
        <ele>273.3</ele>
        <time>2026-10-03T21:35:37.984Z</time>
      </trkpt>
      <trkpt lat="40.44198" lon="-79.950603">
        <ele>273.3</ele>
        <time>2026-10-03T21:35:38.984Z</time>
      </trkpt>
      <trkpt lat="40.441974" lon="-79.950582">
        <ele>273.3</ele>
        <time>2026-10-03T21:35:39.984Z</time>
      </trkpt>
      <trkpt lat="40.441959" lon="-79.950548">
        <ele>273.4</ele>
        <time>2026-10-03T21:35:40.984Z</time>
      </trkpt>
      <trkpt lat="40.441939" lon="-79.950518">
        <ele>273.4</ele>
        <time>2026-10-03T21:35:41.984Z</time>
      </trkpt>
      <trkpt lat="40.441928" lon="-79.950479">
        <ele>273.4</ele>
        <time>2026-10-03T21:35:42.984Z</time>
      </trkpt>
      <trkpt lat="40.441917" lon="-79.950405">
        <ele>273.5</ele>
        <time>2026-10-03T21:35:43.984Z</time>
      </trkpt>
      <trkpt lat="40.441902" lon="-79.950385">
        <ele>273.5</ele>
        <time>2026-10-03T21:35:44.984Z</time>
      </trkpt>
      <trkpt lat="40.441872" lon="-79.950378">
        <ele>273.6</ele>
        <time>2026-10-03T21:35:45.984Z</time>
      </trkpt>
      <trkpt lat="40.441857" lon="-79.950355">
        <ele>273.6</ele>
        <time>2026-10-03T21:35:46.984Z</time>
      </trkpt>
      <trkpt lat="40.441844" lon="-79.950327">
        <ele>273.6</ele>
        <time>2026-10-03T21:35:47.984Z</time>
      </trkpt>
      <trkpt lat="40.441812" lon="-79.950306">
        <ele>273.7</ele>
        <time>2026-10-03T21:35:48.984Z</time>
      </trkpt>
      <trkpt lat="40.441804" lon="-79.950277">
        <ele>273.7</ele>
        <time>2026-10-03T21:35:49.984Z</time>
      </trkpt>
      <trkpt lat="40.441797" lon="-79.95025">
        <ele>273.7</ele>
        <time>2026-10-03T21:35:50.984Z</time>
      </trkpt>
      <trkpt lat="40.441779" lon="-79.950221">
        <ele>273.7</ele>
        <time>2026-10-03T21:35:51.984Z</time>
      </trkpt>
      <trkpt lat="40.441758" lon="-79.950202">
        <ele>273.7</ele>
        <time>2026-10-03T21:35:52.984Z</time>
      </trkpt>
      <trkpt lat="40.441744" lon="-79.950163">
        <ele>273.7</ele>
        <time>2026-10-03T21:35:53.984Z</time>
      </trkpt>
      <trkpt lat="40.441733" lon="-79.950134">
        <ele>273.7</ele>
        <time>2026-10-03T21:35:54.984Z</time>
      </trkpt>
      <trkpt lat="40.441721" lon="-79.950109">
        <ele>273.8</ele>
        <time>2026-10-03T21:35:55.984Z</time>
      </trkpt>
      <trkpt lat="40.441706" lon="-79.950081">
        <ele>273.8</ele>
        <time>2026-10-03T21:35:56.984Z</time>
      </trkpt>
      <trkpt lat="40.441693" lon="-79.950052">
        <ele>273.8</ele>
        <time>2026-10-03T21:35:57.984Z</time>
      </trkpt>
      <trkpt lat="40.441676" lon="-79.950028">
        <ele>273.8</ele>
        <time>2026-10-03T21:35:58.984Z</time>
      </trkpt>
      <trkpt lat="40.441663" lon="-79.950007">
        <ele>273.8</ele>
        <time>2026-10-03T21:35:59.984Z</time>
      </trkpt>
      <trkpt lat="40.441644" lon="-79.949973">
        <ele>273.9</ele>
        <time>2026-10-03T21:36:00.984Z</time>
      </trkpt>
      <trkpt lat="40.44163" lon="-79.949947">
        <ele>273.9</ele>
        <time>2026-10-03T21:36:01.984Z</time>
      </trkpt>
      <trkpt lat="40.441612" lon="-79.949928">
        <ele>274</ele>
        <time>2026-10-03T21:36:02.984Z</time>
      </trkpt>
      <trkpt lat="40.4416" lon="-79.9499">
        <ele>274</ele>
        <time>2026-10-03T21:36:03.984Z</time>
      </trkpt>
      <trkpt lat="40.441586" lon="-79.949867">
        <ele>274.1</ele>
        <time>2026-10-03T21:36:04.984Z</time>
      </trkpt>
      <trkpt lat="40.44157" lon="-79.949843">
        <ele>274.1</ele>
        <time>2026-10-03T21:36:05.984Z</time>
      </trkpt>
      <trkpt lat="40.441554" lon="-79.949819">
        <ele>274.2</ele>
        <time>2026-10-03T21:36:06.984Z</time>
      </trkpt>
      <trkpt lat="40.441539" lon="-79.949793">
        <ele>274.2</ele>
        <time>2026-10-03T21:36:07.984Z</time>
      </trkpt>
      <trkpt lat="40.441529" lon="-79.949766">
        <ele>274.3</ele>
        <time>2026-10-03T21:36:08.984Z</time>
      </trkpt>
      <trkpt lat="40.441516" lon="-79.949747">
        <ele>274.3</ele>
        <time>2026-10-03T21:36:09.984Z</time>
      </trkpt>
      <trkpt lat="40.441502" lon="-79.949719">
        <ele>274.4</ele>
        <time>2026-10-03T21:36:10.984Z</time>
      </trkpt>
      <trkpt lat="40.441499" lon="-79.949711">
        <ele>274.4</ele>
        <time>2026-10-03T21:36:11.984Z</time>
      </trkpt>
      <trkpt lat="40.441488" lon="-79.949687">
        <ele>274.4</ele>
        <time>2026-10-03T21:36:12.984Z</time>
      </trkpt>
      <trkpt lat="40.441474" lon="-79.949667">
        <ele>274.4</ele>
        <time>2026-10-03T21:36:13.984Z</time>
      </trkpt>
      <trkpt lat="40.441465" lon="-79.949649">
        <ele>274.5</ele>
        <time>2026-10-03T21:36:14.984Z</time>
      </trkpt>
      <trkpt lat="40.441448" lon="-79.949616">
        <ele>274.5</ele>
        <time>2026-10-03T21:36:15.984Z</time>
      </trkpt>
      <trkpt lat="40.44144" lon="-79.949608">
        <ele>274.6</ele>
        <time>2026-10-03T21:36:16.984Z</time>
      </trkpt>
      <trkpt lat="40.441429" lon="-79.949587">
        <ele>274.6</ele>
        <time>2026-10-03T21:36:17.984Z</time>
      </trkpt>
      <trkpt lat="40.441414" lon="-79.949562">
        <ele>274.7</ele>
        <time>2026-10-03T21:36:18.984Z</time>
      </trkpt>
      <trkpt lat="40.441408" lon="-79.949539">
        <ele>274.7</ele>
        <time>2026-10-03T21:36:19.984Z</time>
      </trkpt>
      <trkpt lat="40.44139" lon="-79.949512">
        <ele>274.7</ele>
        <time>2026-10-03T21:36:21.984Z</time>
      </trkpt>
      <trkpt lat="40.441381" lon="-79.949492">
        <ele>274.8</ele>
        <time>2026-10-03T21:36:22.984Z</time>
      </trkpt>
      <trkpt lat="40.441369" lon="-79.949469">
        <ele>274.8</ele>
        <time>2026-10-03T21:36:23.984Z</time>
      </trkpt>
      <trkpt lat="40.441358" lon="-79.949446">
        <ele>274.9</ele>
        <time>2026-10-03T21:36:24.984Z</time>
      </trkpt>
      <trkpt lat="40.441346" lon="-79.949429">
        <ele>274.9</ele>
        <time>2026-10-03T21:36:25.984Z</time>
      </trkpt>
      <trkpt lat="40.441329" lon="-79.949408">
        <ele>274.9</ele>
        <time>2026-10-03T21:36:26.984Z</time>
      </trkpt>
      <trkpt lat="40.441321" lon="-79.949379">
        <ele>275</ele>
        <time>2026-10-03T21:36:27.984Z</time>
      </trkpt>
      <trkpt lat="40.441305" lon="-79.949359">
        <ele>275</ele>
        <time>2026-10-03T21:36:28.984Z</time>
      </trkpt>
      <trkpt lat="40.44129" lon="-79.949338">
        <ele>275.1</ele>
        <time>2026-10-03T21:36:29.984Z</time>
      </trkpt>
      <trkpt lat="40.441286" lon="-79.949308">
        <ele>275.1</ele>
        <time>2026-10-03T21:36:30.984Z</time>
      </trkpt>
      <trkpt lat="40.441272" lon="-79.94927">
        <ele>275.2</ele>
        <time>2026-10-03T21:36:31.984Z</time>
      </trkpt>
      <trkpt lat="40.441245" lon="-79.949235">
        <ele>275.2</ele>
        <time>2026-10-03T21:36:32.984Z</time>
      </trkpt>
      <trkpt lat="40.441232" lon="-79.949195">
        <ele>275.3</ele>
        <time>2026-10-03T21:36:33.984Z</time>
      </trkpt>
      <trkpt lat="40.441216" lon="-79.949158">
        <ele>275.4</ele>
        <time>2026-10-03T21:36:34.984Z</time>
      </trkpt>
      <trkpt lat="40.441203" lon="-79.949126">
        <ele>275.4</ele>
        <time>2026-10-03T21:36:35.984Z</time>
      </trkpt>
      <trkpt lat="40.441192" lon="-79.949098">
        <ele>275.5</ele>
        <time>2026-10-03T21:36:36.984Z</time>
      </trkpt>
      <trkpt lat="40.441179" lon="-79.94907">
        <ele>275.5</ele>
        <time>2026-10-03T21:36:37.984Z</time>
      </trkpt>
      <trkpt lat="40.441167" lon="-79.949041">
        <ele>275.6</ele>
        <time>2026-10-03T21:36:38.984Z</time>
      </trkpt>
      <trkpt lat="40.441148" lon="-79.949023">
        <ele>275.6</ele>
        <time>2026-10-03T21:36:39.984Z</time>
      </trkpt>
      <trkpt lat="40.441126" lon="-79.948997">
        <ele>275.7</ele>
        <time>2026-10-03T21:36:40.984Z</time>
      </trkpt>
      <trkpt lat="40.441107" lon="-79.948955">
        <ele>275.7</ele>
        <time>2026-10-03T21:36:41.984Z</time>
      </trkpt>
      <trkpt lat="40.441097" lon="-79.948925">
        <ele>275.8</ele>
        <time>2026-10-03T21:36:42.984Z</time>
      </trkpt>
      <trkpt lat="40.44108" lon="-79.948905">
        <ele>275.8</ele>
        <time>2026-10-03T21:36:43.984Z</time>
      </trkpt>
      <trkpt lat="40.441064" lon="-79.948877">
        <ele>275.8</ele>
        <time>2026-10-03T21:36:44.984Z</time>
      </trkpt>
      <trkpt lat="40.441054" lon="-79.948848">
        <ele>275.9</ele>
        <time>2026-10-03T21:36:45.984Z</time>
      </trkpt>
      <trkpt lat="40.441034" lon="-79.948825">
        <ele>275.9</ele>
        <time>2026-10-03T21:36:46.984Z</time>
      </trkpt>
      <trkpt lat="40.441016" lon="-79.948806">
        <ele>275.9</ele>
        <time>2026-10-03T21:36:47.984Z</time>
      </trkpt>
      <trkpt lat="40.440994" lon="-79.948775">
        <ele>276</ele>
        <time>2026-10-03T21:36:48.984Z</time>
      </trkpt>
      <trkpt lat="40.440977" lon="-79.948752">
        <ele>276</ele>
        <time>2026-10-03T21:36:49.984Z</time>
      </trkpt>
      <trkpt lat="40.44096" lon="-79.948732">
        <ele>276.1</ele>
        <time>2026-10-03T21:36:50.984Z</time>
      </trkpt>
      <trkpt lat="40.440949" lon="-79.948704">
        <ele>276.1</ele>
        <time>2026-10-03T21:36:51.984Z</time>
      </trkpt>
      <trkpt lat="40.440929" lon="-79.948681">
        <ele>276.2</ele>
        <time>2026-10-03T21:36:52.984Z</time>
      </trkpt>
      <trkpt lat="40.440919" lon="-79.948648">
        <ele>276.2</ele>
        <time>2026-10-03T21:36:53.984Z</time>
      </trkpt>
      <trkpt lat="40.440909" lon="-79.948626">
        <ele>276.3</ele>
        <time>2026-10-03T21:36:54.984Z</time>
      </trkpt>
      <trkpt lat="40.440884" lon="-79.948584">
        <ele>276.4</ele>
        <time>2026-10-03T21:36:55.984Z</time>
      </trkpt>
      <trkpt lat="40.440873" lon="-79.948556">
        <ele>276.4</ele>
        <time>2026-10-03T21:36:56.984Z</time>
      </trkpt>
      <trkpt lat="40.44086" lon="-79.948531">
        <ele>276.5</ele>
        <time>2026-10-03T21:36:57.984Z</time>
      </trkpt>
      <trkpt lat="40.440837" lon="-79.948498">
        <ele>276.5</ele>
        <time>2026-10-03T21:36:58.984Z</time>
      </trkpt>
      <trkpt lat="40.440818" lon="-79.948468">
        <ele>276.6</ele>
        <time>2026-10-03T21:36:59.984Z</time>
      </trkpt>
      <trkpt lat="40.440823" lon="-79.948445">
        <ele>276.6</ele>
        <time>2026-10-03T21:37:00.984Z</time>
      </trkpt>
      <trkpt lat="40.440805" lon="-79.948411">
        <ele>276.7</ele>
        <time>2026-10-03T21:37:01.984Z</time>
      </trkpt>
      <trkpt lat="40.440767" lon="-79.948392">
        <ele>276.7</ele>
        <time>2026-10-03T21:37:02.984Z</time>
      </trkpt>
      <trkpt lat="40.440735" lon="-79.948388">
        <ele>276.8</ele>
        <time>2026-10-03T21:37:03.984Z</time>
      </trkpt>
      <trkpt lat="40.440709" lon="-79.94839">
        <ele>276.8</ele>
        <time>2026-10-03T21:37:04.984Z</time>
      </trkpt>
      <trkpt lat="40.440682" lon="-79.948394">
        <ele>276.8</ele>
        <time>2026-10-03T21:37:05.984Z</time>
      </trkpt>
      <trkpt lat="40.440645" lon="-79.948382">
        <ele>276.9</ele>
        <time>2026-10-03T21:37:06.984Z</time>
      </trkpt>
      <trkpt lat="40.440617" lon="-79.948376">
        <ele>276.9</ele>
        <time>2026-10-03T21:37:07.984Z</time>
      </trkpt>
      <trkpt lat="40.440594" lon="-79.948353">
        <ele>277</ele>
        <time>2026-10-03T21:37:08.984Z</time>
      </trkpt>
      <trkpt lat="40.440576" lon="-79.94832">
        <ele>277.2</ele>
        <time>2026-10-03T21:37:09.984Z</time>
      </trkpt>
      <trkpt lat="40.440559" lon="-79.948301">
        <ele>277.3</ele>
        <time>2026-10-03T21:37:10.984Z</time>
      </trkpt>
      <trkpt lat="40.440521" lon="-79.948297">
        <ele>277.5</ele>
        <time>2026-10-03T21:37:11.984Z</time>
      </trkpt>
      <trkpt lat="40.440493" lon="-79.948298">
        <ele>277.6</ele>
        <time>2026-10-03T21:37:12.984Z</time>
      </trkpt>
      <trkpt lat="40.440474" lon="-79.948294">
        <ele>277.7</ele>
        <time>2026-10-03T21:37:13.984Z</time>
      </trkpt>
      <trkpt lat="40.440465" lon="-79.948289">
        <ele>277.7</ele>
        <time>2026-10-03T21:37:14.984Z</time>
      </trkpt>
      <trkpt lat="40.440431" lon="-79.948276">
        <ele>277.9</ele>
        <time>2026-10-03T21:37:15.984Z</time>
      </trkpt>
      <trkpt lat="40.440411" lon="-79.948248">
        <ele>278</ele>
        <time>2026-10-03T21:37:16.984Z</time>
      </trkpt>
      <trkpt lat="40.440391" lon="-79.948243">
        <ele>278.1</ele>
        <time>2026-10-03T21:37:17.984Z</time>
      </trkpt>
      <trkpt lat="40.440371" lon="-79.94823">
        <ele>278.3</ele>
        <time>2026-10-03T21:37:18.984Z</time>
      </trkpt>
      <trkpt lat="40.440352" lon="-79.948209">
        <ele>278.4</ele>
        <time>2026-10-03T21:37:19.984Z</time>
      </trkpt>
      <trkpt lat="40.440333" lon="-79.948192">
        <ele>278.5</ele>
        <time>2026-10-03T21:37:20.984Z</time>
      </trkpt>
      <trkpt lat="40.440313" lon="-79.948193">
        <ele>278.6</ele>
        <time>2026-10-03T21:37:21.984Z</time>
      </trkpt>
      <trkpt lat="40.4403" lon="-79.948181">
        <ele>278.7</ele>
        <time>2026-10-03T21:37:22.984Z</time>
      </trkpt>
      <trkpt lat="40.440285" lon="-79.948164">
        <ele>278.8</ele>
        <time>2026-10-03T21:37:23.984Z</time>
      </trkpt>
      <trkpt lat="40.440268" lon="-79.948166">
        <ele>278.8</ele>
        <time>2026-10-03T21:37:24.984Z</time>
      </trkpt>
      <trkpt lat="40.44025" lon="-79.948155">
        <ele>278.9</ele>
        <time>2026-10-03T21:37:25.984Z</time>
      </trkpt>
      <trkpt lat="40.440235" lon="-79.948136">
        <ele>278.9</ele>
        <time>2026-10-03T21:37:26.984Z</time>
      </trkpt>
      <trkpt lat="40.440214" lon="-79.948131">
        <ele>279</ele>
        <time>2026-10-03T21:37:27.984Z</time>
      </trkpt>
      <trkpt lat="40.440188" lon="-79.948121">
        <ele>279.1</ele>
        <time>2026-10-03T21:37:28.984Z</time>
      </trkpt>
      <trkpt lat="40.440162" lon="-79.948113">
        <ele>279.3</ele>
        <time>2026-10-03T21:37:29.984Z</time>
      </trkpt>
      <trkpt lat="40.440139" lon="-79.948082">
        <ele>279.5</ele>
        <time>2026-10-03T21:37:30.984Z</time>
      </trkpt>
      <trkpt lat="40.440114" lon="-79.948077">
        <ele>279.6</ele>
        <time>2026-10-03T21:37:31.984Z</time>
      </trkpt>
      <trkpt lat="40.440087" lon="-79.948067">
        <ele>279.7</ele>
        <time>2026-10-03T21:37:32.984Z</time>
      </trkpt>
      <trkpt lat="40.440063" lon="-79.948042">
        <ele>279.9</ele>
        <time>2026-10-03T21:37:33.984Z</time>
      </trkpt>
      <trkpt lat="40.44004" lon="-79.948038">
        <ele>280</ele>
        <time>2026-10-03T21:37:34.984Z</time>
      </trkpt>
      <trkpt lat="40.440015" lon="-79.948034">
        <ele>280.1</ele>
        <time>2026-10-03T21:37:35.984Z</time>
      </trkpt>
      <trkpt lat="40.439987" lon="-79.948011">
        <ele>280.3</ele>
        <time>2026-10-03T21:37:36.984Z</time>
      </trkpt>
      <trkpt lat="40.439966" lon="-79.947997">
        <ele>280.4</ele>
        <time>2026-10-03T21:37:37.984Z</time>
      </trkpt>
      <trkpt lat="40.43994" lon="-79.947996">
        <ele>280.6</ele>
        <time>2026-10-03T21:37:38.984Z</time>
      </trkpt>
      <trkpt lat="40.43991" lon="-79.947981">
        <ele>280.7</ele>
        <time>2026-10-03T21:37:39.984Z</time>
      </trkpt>
      <trkpt lat="40.439881" lon="-79.947954">
        <ele>280.9</ele>
        <time>2026-10-03T21:37:40.984Z</time>
      </trkpt>
      <trkpt lat="40.439863" lon="-79.94794">
        <ele>281</ele>
        <time>2026-10-03T21:37:41.984Z</time>
      </trkpt>
      <trkpt lat="40.439838" lon="-79.947936">
        <ele>281.2</ele>
        <time>2026-10-03T21:37:42.984Z</time>
      </trkpt>
      <trkpt lat="40.439807" lon="-79.947915">
        <ele>281.4</ele>
        <time>2026-10-03T21:37:43.984Z</time>
      </trkpt>
      <trkpt lat="40.439781" lon="-79.947903">
        <ele>281.5</ele>
        <time>2026-10-03T21:37:44.984Z</time>
      </trkpt>
      <trkpt lat="40.439757" lon="-79.947893">
        <ele>281.6</ele>
        <time>2026-10-03T21:37:45.984Z</time>
      </trkpt>
      <trkpt lat="40.439726" lon="-79.947884">
        <ele>281.8</ele>
        <time>2026-10-03T21:37:46.984Z</time>
      </trkpt>
      <trkpt lat="40.439696" lon="-79.947861">
        <ele>282</ele>
        <time>2026-10-03T21:37:47.984Z</time>
      </trkpt>
      <trkpt lat="40.439669" lon="-79.947855">
        <ele>282.1</ele>
        <time>2026-10-03T21:37:48.984Z</time>
      </trkpt>
      <trkpt lat="40.43964" lon="-79.947841">
        <ele>282.2</ele>
        <time>2026-10-03T21:37:49.984Z</time>
      </trkpt>
      <trkpt lat="40.439615" lon="-79.947814">
        <ele>282.4</ele>
        <time>2026-10-03T21:37:50.984Z</time>
      </trkpt>
      <trkpt lat="40.439589" lon="-79.9478">
        <ele>282.5</ele>
        <time>2026-10-03T21:37:51.984Z</time>
      </trkpt>
      <trkpt lat="40.439562" lon="-79.947785">
        <ele>282.6</ele>
        <time>2026-10-03T21:37:52.984Z</time>
      </trkpt>
      <trkpt lat="40.439535" lon="-79.94775">
        <ele>282.8</ele>
        <time>2026-10-03T21:37:53.984Z</time>
      </trkpt>
      <trkpt lat="40.439517" lon="-79.947718">
        <ele>282.9</ele>
        <time>2026-10-03T21:37:54.984Z</time>
      </trkpt>
      <trkpt lat="40.439492" lon="-79.947719">
        <ele>283.1</ele>
        <time>2026-10-03T21:37:55.984Z</time>
      </trkpt>
      <trkpt lat="40.439465" lon="-79.947697">
        <ele>283.2</ele>
        <time>2026-10-03T21:37:56.984Z</time>
      </trkpt>
      <trkpt lat="40.439436" lon="-79.947673">
        <ele>283.4</ele>
        <time>2026-10-03T21:37:57.984Z</time>
      </trkpt>
      <trkpt lat="40.439421" lon="-79.947648">
        <ele>283.5</ele>
        <time>2026-10-03T21:37:58.984Z</time>
      </trkpt>
      <trkpt lat="40.4394" lon="-79.947627">
        <ele>283.6</ele>
        <time>2026-10-03T21:37:59.984Z</time>
      </trkpt>
      <trkpt lat="40.439376" lon="-79.947601">
        <ele>283.7</ele>
        <time>2026-10-03T21:38:00.984Z</time>
      </trkpt>
      <trkpt lat="40.439355" lon="-79.94758">
        <ele>283.8</ele>
        <time>2026-10-03T21:38:01.984Z</time>
      </trkpt>
      <trkpt lat="40.439342" lon="-79.947565">
        <ele>283.9</ele>
        <time>2026-10-03T21:38:02.984Z</time>
      </trkpt>
      <trkpt lat="40.439316" lon="-79.947541">
        <ele>284</ele>
        <time>2026-10-03T21:38:03.984Z</time>
      </trkpt>
      <trkpt lat="40.439296" lon="-79.947519">
        <ele>284</ele>
        <time>2026-10-03T21:38:04.984Z</time>
      </trkpt>
      <trkpt lat="40.439279" lon="-79.947504">
        <ele>284</ele>
        <time>2026-10-03T21:38:05.984Z</time>
      </trkpt>
      <trkpt lat="40.439258" lon="-79.947495">
        <ele>284.1</ele>
        <time>2026-10-03T21:38:06.984Z</time>
      </trkpt>
      <trkpt lat="40.43923" lon="-79.947479">
        <ele>284.1</ele>
        <time>2026-10-03T21:38:07.984Z</time>
      </trkpt>
      <trkpt lat="40.439209" lon="-79.947476">
        <ele>284.2</ele>
        <time>2026-10-03T21:38:08.984Z</time>
      </trkpt>
      <trkpt lat="40.439188" lon="-79.947474">
        <ele>284.2</ele>
        <time>2026-10-03T21:38:09.984Z</time>
      </trkpt>
      <trkpt lat="40.439165" lon="-79.947463">
        <ele>284.2</ele>
        <time>2026-10-03T21:38:10.984Z</time>
      </trkpt>
      <trkpt lat="40.439144" lon="-79.947444">
        <ele>284.3</ele>
        <time>2026-10-03T21:38:11.984Z</time>
      </trkpt>
      <trkpt lat="40.439134" lon="-79.947407">
        <ele>284.3</ele>
        <time>2026-10-03T21:38:12.984Z</time>
      </trkpt>
      <trkpt lat="40.439122" lon="-79.947377">
        <ele>284.4</ele>
        <time>2026-10-03T21:38:13.984Z</time>
      </trkpt>
      <trkpt lat="40.439112" lon="-79.947348">
        <ele>284.4</ele>
        <time>2026-10-03T21:38:14.984Z</time>
      </trkpt>
      <trkpt lat="40.439105" lon="-79.947314">
        <ele>284.4</ele>
        <time>2026-10-03T21:38:15.984Z</time>
      </trkpt>
      <trkpt lat="40.439099" lon="-79.947283">
        <ele>284.5</ele>
        <time>2026-10-03T21:38:16.984Z</time>
      </trkpt>
      <trkpt lat="40.439079" lon="-79.947256">
        <ele>284.5</ele>
        <time>2026-10-03T21:38:17.984Z</time>
      </trkpt>
      <trkpt lat="40.439057" lon="-79.947235">
        <ele>284.5</ele>
        <time>2026-10-03T21:38:18.984Z</time>
      </trkpt>
      <trkpt lat="40.439045" lon="-79.947209">
        <ele>284.5</ele>
        <time>2026-10-03T21:38:19.984Z</time>
      </trkpt>
      <trkpt lat="40.439026" lon="-79.947184">
        <ele>284.5</ele>
        <time>2026-10-03T21:38:20.984Z</time>
      </trkpt>
      <trkpt lat="40.439004" lon="-79.947165">
        <ele>284.5</ele>
        <time>2026-10-03T21:38:21.984Z</time>
      </trkpt>
      <trkpt lat="40.438991" lon="-79.947142">
        <ele>284.5</ele>
        <time>2026-10-03T21:38:22.984Z</time>
      </trkpt>
      <trkpt lat="40.438968" lon="-79.947123">
        <ele>284.5</ele>
        <time>2026-10-03T21:38:23.984Z</time>
      </trkpt>
      <trkpt lat="40.438948" lon="-79.947098">
        <ele>284.4</ele>
        <time>2026-10-03T21:38:24.984Z</time>
      </trkpt>
      <trkpt lat="40.438934" lon="-79.947071">
        <ele>284.4</ele>
        <time>2026-10-03T21:38:25.984Z</time>
      </trkpt>
      <trkpt lat="40.438919" lon="-79.94704">
        <ele>284.4</ele>
        <time>2026-10-03T21:38:27.984Z</time>
      </trkpt>
      <trkpt lat="40.438903" lon="-79.947017">
        <ele>284.4</ele>
        <time>2026-10-03T21:38:28.984Z</time>
      </trkpt>
      <trkpt lat="40.438885" lon="-79.946988">
        <ele>284.3</ele>
        <time>2026-10-03T21:38:29.984Z</time>
      </trkpt>
      <trkpt lat="40.43887" lon="-79.946964">
        <ele>284.3</ele>
        <time>2026-10-03T21:38:30.984Z</time>
      </trkpt>
      <trkpt lat="40.438858" lon="-79.946938">
        <ele>284.3</ele>
        <time>2026-10-03T21:38:31.984Z</time>
      </trkpt>
      <trkpt lat="40.438842" lon="-79.946907">
        <ele>284.2</ele>
        <time>2026-10-03T21:38:32.984Z</time>
      </trkpt>
      <trkpt lat="40.438828" lon="-79.946882">
        <ele>284.2</ele>
        <time>2026-10-03T21:38:33.984Z</time>
      </trkpt>
      <trkpt lat="40.438819" lon="-79.946855">
        <ele>284.2</ele>
        <time>2026-10-03T21:38:34.984Z</time>
      </trkpt>
      <trkpt lat="40.438806" lon="-79.946827">
        <ele>284.2</ele>
        <time>2026-10-03T21:38:35.984Z</time>
      </trkpt>
      <trkpt lat="40.438792" lon="-79.946796">
        <ele>284.1</ele>
        <time>2026-10-03T21:38:36.984Z</time>
      </trkpt>
      <trkpt lat="40.43878" lon="-79.946766">
        <ele>284.1</ele>
        <time>2026-10-03T21:38:37.984Z</time>
      </trkpt>
      <trkpt lat="40.438772" lon="-79.946741">
        <ele>284.1</ele>
        <time>2026-10-03T21:38:38.984Z</time>
      </trkpt>
      <trkpt lat="40.438764" lon="-79.946711">
        <ele>284.1</ele>
        <time>2026-10-03T21:38:39.984Z</time>
      </trkpt>
      <trkpt lat="40.438745" lon="-79.946685">
        <ele>284</ele>
        <time>2026-10-03T21:38:40.984Z</time>
      </trkpt>
      <trkpt lat="40.438732" lon="-79.946657">
        <ele>284</ele>
        <time>2026-10-03T21:38:41.984Z</time>
      </trkpt>
      <trkpt lat="40.438713" lon="-79.946637">
        <ele>284</ele>
        <time>2026-10-03T21:38:42.984Z</time>
      </trkpt>
      <trkpt lat="40.438687" lon="-79.946636">
        <ele>284</ele>
        <time>2026-10-03T21:38:43.984Z</time>
      </trkpt>
      <trkpt lat="40.438658" lon="-79.946679">
        <ele>284</ele>
        <time>2026-10-03T21:38:44.984Z</time>
      </trkpt>
      <trkpt lat="40.438625" lon="-79.94673">
        <ele>284</ele>
        <time>2026-10-03T21:38:45.984Z</time>
      </trkpt>
      <trkpt lat="40.438587" lon="-79.946726">
        <ele>284</ele>
        <time>2026-10-03T21:38:46.984Z</time>
      </trkpt>
      <trkpt lat="40.43858" lon="-79.946688">
        <ele>284</ele>
        <time>2026-10-03T21:38:47.984Z</time>
      </trkpt>
      <trkpt lat="40.438553" lon="-79.946686">
        <ele>284</ele>
        <time>2026-10-03T21:38:48.984Z</time>
      </trkpt>
      <trkpt lat="40.438536" lon="-79.94671">
        <ele>284.1</ele>
        <time>2026-10-03T21:38:49.984Z</time>
      </trkpt>
      <trkpt lat="40.438516" lon="-79.946733">
        <ele>284.1</ele>
        <time>2026-10-03T21:38:50.984Z</time>
      </trkpt>
      <trkpt lat="40.438498" lon="-79.946762">
        <ele>284</ele>
        <time>2026-10-03T21:38:51.984Z</time>
      </trkpt>
      <trkpt lat="40.438482" lon="-79.946795">
        <ele>284</ele>
        <time>2026-10-03T21:38:52.984Z</time>
      </trkpt>
      <trkpt lat="40.438464" lon="-79.946815">
        <ele>284</ele>
        <time>2026-10-03T21:38:53.984Z</time>
      </trkpt>
      <trkpt lat="40.438443" lon="-79.946845">
        <ele>284</ele>
        <time>2026-10-03T21:38:54.984Z</time>
      </trkpt>
      <trkpt lat="40.438423" lon="-79.946866">
        <ele>283.9</ele>
        <time>2026-10-03T21:38:55.984Z</time>
      </trkpt>
      <trkpt lat="40.438382" lon="-79.946914">
        <ele>283.9</ele>
        <time>2026-10-03T21:38:56.984Z</time>
      </trkpt>
      <trkpt lat="40.438364" lon="-79.94694">
        <ele>283.9</ele>
        <time>2026-10-03T21:38:57.984Z</time>
      </trkpt>
      <trkpt lat="40.438342" lon="-79.946955">
        <ele>283.8</ele>
        <time>2026-10-03T21:38:58.984Z</time>
      </trkpt>
      <trkpt lat="40.43832" lon="-79.946978">
        <ele>283.8</ele>
        <time>2026-10-03T21:38:59.984Z</time>
      </trkpt>
      <trkpt lat="40.438298" lon="-79.947006">
        <ele>283.8</ele>
        <time>2026-10-03T21:39:00.984Z</time>
      </trkpt>
      <trkpt lat="40.438275" lon="-79.947025">
        <ele>283.8</ele>
        <time>2026-10-03T21:39:01.984Z</time>
      </trkpt>
      <trkpt lat="40.438257" lon="-79.947052">
        <ele>283.8</ele>
        <time>2026-10-03T21:39:02.984Z</time>
      </trkpt>
      <trkpt lat="40.438234" lon="-79.947073">
        <ele>283.8</ele>
        <time>2026-10-03T21:39:03.984Z</time>
      </trkpt>
      <trkpt lat="40.438214" lon="-79.947088">
        <ele>283.7</ele>
        <time>2026-10-03T21:39:04.984Z</time>
      </trkpt>
      <trkpt lat="40.438193" lon="-79.94711">
        <ele>283.7</ele>
        <time>2026-10-03T21:39:05.984Z</time>
      </trkpt>
      <trkpt lat="40.438168" lon="-79.947131">
        <ele>283.7</ele>
        <time>2026-10-03T21:39:06.984Z</time>
      </trkpt>
      <trkpt lat="40.438146" lon="-79.947148">
        <ele>283.7</ele>
        <time>2026-10-03T21:39:07.984Z</time>
      </trkpt>
      <trkpt lat="40.438125" lon="-79.947163">
        <ele>283.7</ele>
        <time>2026-10-03T21:39:08.984Z</time>
      </trkpt>
      <trkpt lat="40.438096" lon="-79.947178">
        <ele>283.7</ele>
        <time>2026-10-03T21:39:09.984Z</time>
      </trkpt>
      <trkpt lat="40.438069" lon="-79.947179">
        <ele>283.7</ele>
        <time>2026-10-03T21:39:10.984Z</time>
      </trkpt>
      <trkpt lat="40.438043" lon="-79.947184">
        <ele>283.7</ele>
        <time>2026-10-03T21:39:11.984Z</time>
      </trkpt>
      <trkpt lat="40.438018" lon="-79.947182">
        <ele>283.7</ele>
        <time>2026-10-03T21:39:12.984Z</time>
      </trkpt>
      <trkpt lat="40.437986" lon="-79.947187">
        <ele>283.8</ele>
        <time>2026-10-03T21:39:13.984Z</time>
      </trkpt>
      <trkpt lat="40.437954" lon="-79.947192">
        <ele>283.8</ele>
        <time>2026-10-03T21:39:14.984Z</time>
      </trkpt>
      <trkpt lat="40.437918" lon="-79.947179">
        <ele>283.8</ele>
        <time>2026-10-03T21:39:15.984Z</time>
      </trkpt>
      <trkpt lat="40.437882" lon="-79.947165">
        <ele>283.8</ele>
        <time>2026-10-03T21:39:16.984Z</time>
      </trkpt>
      <trkpt lat="40.43785" lon="-79.947166">
        <ele>283.8</ele>
        <time>2026-10-03T21:39:17.984Z</time>
      </trkpt>
      <trkpt lat="40.437821" lon="-79.947166">
        <ele>283.8</ele>
        <time>2026-10-03T21:39:18.984Z</time>
      </trkpt>
      <trkpt lat="40.437786" lon="-79.947164">
        <ele>283.8</ele>
        <time>2026-10-03T21:39:19.984Z</time>
      </trkpt>
      <trkpt lat="40.437759" lon="-79.947138">
        <ele>283.8</ele>
        <time>2026-10-03T21:39:20.984Z</time>
      </trkpt>
      <trkpt lat="40.437731" lon="-79.947125">
        <ele>283.7</ele>
        <time>2026-10-03T21:39:21.984Z</time>
      </trkpt>
      <trkpt lat="40.437703" lon="-79.947113">
        <ele>283.7</ele>
        <time>2026-10-03T21:39:22.984Z</time>
      </trkpt>
      <trkpt lat="40.437675" lon="-79.947108">
        <ele>283.7</ele>
        <time>2026-10-03T21:39:23.984Z</time>
      </trkpt>
      <trkpt lat="40.437656" lon="-79.947091">
        <ele>283.7</ele>
        <time>2026-10-03T21:39:24.984Z</time>
      </trkpt>
      <trkpt lat="40.437627" lon="-79.947075">
        <ele>283.7</ele>
        <time>2026-10-03T21:39:25.984Z</time>
      </trkpt>
      <trkpt lat="40.437597" lon="-79.947075">
        <ele>283.6</ele>
        <time>2026-10-03T21:39:26.984Z</time>
      </trkpt>
      <trkpt lat="40.437572" lon="-79.947061">
        <ele>283.6</ele>
        <time>2026-10-03T21:39:27.984Z</time>
      </trkpt>
      <trkpt lat="40.437556" lon="-79.947057">
        <ele>283.6</ele>
        <time>2026-10-03T21:39:28.984Z</time>
      </trkpt>
      <trkpt lat="40.437527" lon="-79.947048">
        <ele>283.6</ele>
        <time>2026-10-03T21:39:29.984Z</time>
      </trkpt>
      <trkpt lat="40.437497" lon="-79.947039">
        <ele>283.6</ele>
        <time>2026-10-03T21:39:30.984Z</time>
      </trkpt>
      <trkpt lat="40.43747" lon="-79.94703">
        <ele>283.6</ele>
        <time>2026-10-03T21:39:31.984Z</time>
      </trkpt>
      <trkpt lat="40.437442" lon="-79.947014">
        <ele>283.6</ele>
        <time>2026-10-03T21:39:32.984Z</time>
      </trkpt>
      <trkpt lat="40.437412" lon="-79.947">
        <ele>283.6</ele>
        <time>2026-10-03T21:39:33.984Z</time>
      </trkpt>
      <trkpt lat="40.437386" lon="-79.946985">
        <ele>283.6</ele>
        <time>2026-10-03T21:39:34.984Z</time>
      </trkpt>
      <trkpt lat="40.437362" lon="-79.946982">
        <ele>283.6</ele>
        <time>2026-10-03T21:39:35.984Z</time>
      </trkpt>
      <trkpt lat="40.437335" lon="-79.946969">
        <ele>283.6</ele>
        <time>2026-10-03T21:39:36.984Z</time>
      </trkpt>
      <trkpt lat="40.437309" lon="-79.946955">
        <ele>283.6</ele>
        <time>2026-10-03T21:39:37.984Z</time>
      </trkpt>
      <trkpt lat="40.43728" lon="-79.946945">
        <ele>283.6</ele>
        <time>2026-10-03T21:39:38.984Z</time>
      </trkpt>
      <trkpt lat="40.437252" lon="-79.946936">
        <ele>283.6</ele>
        <time>2026-10-03T21:39:39.984Z</time>
      </trkpt>
      <trkpt lat="40.437223" lon="-79.946921">
        <ele>283.6</ele>
        <time>2026-10-03T21:39:40.984Z</time>
      </trkpt>
      <trkpt lat="40.437194" lon="-79.946908">
        <ele>283.6</ele>
        <time>2026-10-03T21:39:41.984Z</time>
      </trkpt>
      <trkpt lat="40.437169" lon="-79.946899">
        <ele>283.6</ele>
        <time>2026-10-03T21:39:42.984Z</time>
      </trkpt>
      <trkpt lat="40.437141" lon="-79.946886">
        <ele>283.6</ele>
        <time>2026-10-03T21:39:43.984Z</time>
      </trkpt>
      <trkpt lat="40.437113" lon="-79.946873">
        <ele>283.6</ele>
        <time>2026-10-03T21:39:44.984Z</time>
      </trkpt>
      <trkpt lat="40.437088" lon="-79.946866">
        <ele>283.6</ele>
        <time>2026-10-03T21:39:45.984Z</time>
      </trkpt>
      <trkpt lat="40.437056" lon="-79.946853">
        <ele>283.6</ele>
        <time>2026-10-03T21:39:46.984Z</time>
      </trkpt>
      <trkpt lat="40.437029" lon="-79.946843">
        <ele>283.6</ele>
        <time>2026-10-03T21:39:47.984Z</time>
      </trkpt>
      <trkpt lat="40.437002" lon="-79.946824">
        <ele>283.6</ele>
        <time>2026-10-03T21:39:48.984Z</time>
      </trkpt>
      <trkpt lat="40.436975" lon="-79.946819">
        <ele>283.6</ele>
        <time>2026-10-03T21:39:49.984Z</time>
      </trkpt>
      <trkpt lat="40.436951" lon="-79.946809">
        <ele>283.6</ele>
        <time>2026-10-03T21:39:50.984Z</time>
      </trkpt>
      <trkpt lat="40.436923" lon="-79.946795">
        <ele>283.6</ele>
        <time>2026-10-03T21:39:51.984Z</time>
      </trkpt>
      <trkpt lat="40.436891" lon="-79.94678">
        <ele>283.5</ele>
        <time>2026-10-03T21:39:52.984Z</time>
      </trkpt>
      <trkpt lat="40.436866" lon="-79.946766">
        <ele>283.5</ele>
        <time>2026-10-03T21:39:53.984Z</time>
      </trkpt>
      <trkpt lat="40.436841" lon="-79.946754">
        <ele>283.5</ele>
        <time>2026-10-03T21:39:54.984Z</time>
      </trkpt>
      <trkpt lat="40.436811" lon="-79.946747">
        <ele>283.5</ele>
        <time>2026-10-03T21:39:55.984Z</time>
      </trkpt>
      <trkpt lat="40.436784" lon="-79.946732">
        <ele>283.5</ele>
        <time>2026-10-03T21:39:56.984Z</time>
      </trkpt>
      <trkpt lat="40.436758" lon="-79.946728">
        <ele>283.5</ele>
        <time>2026-10-03T21:39:57.984Z</time>
      </trkpt>
      <trkpt lat="40.436732" lon="-79.946714">
        <ele>283.4</ele>
        <time>2026-10-03T21:39:58.984Z</time>
      </trkpt>
      <trkpt lat="40.436705" lon="-79.946712">
        <ele>283.4</ele>
        <time>2026-10-03T21:39:59.984Z</time>
      </trkpt>
      <trkpt lat="40.436679" lon="-79.946704">
        <ele>283.4</ele>
        <time>2026-10-03T21:40:00.984Z</time>
      </trkpt>
      <trkpt lat="40.436654" lon="-79.946687">
        <ele>283.4</ele>
        <time>2026-10-03T21:40:01.984Z</time>
      </trkpt>
      <trkpt lat="40.436622" lon="-79.946675">
        <ele>283.4</ele>
        <time>2026-10-03T21:40:02.984Z</time>
      </trkpt>
      <trkpt lat="40.436596" lon="-79.946671">
        <ele>283.4</ele>
        <time>2026-10-03T21:40:03.984Z</time>
      </trkpt>
      <trkpt lat="40.436575" lon="-79.94666">
        <ele>283.4</ele>
        <time>2026-10-03T21:40:04.984Z</time>
      </trkpt>
      <trkpt lat="40.436553" lon="-79.94665">
        <ele>283.4</ele>
        <time>2026-10-03T21:40:05.984Z</time>
      </trkpt>
      <trkpt lat="40.436526" lon="-79.946643">
        <ele>283.4</ele>
        <time>2026-10-03T21:40:06.984Z</time>
      </trkpt>
      <trkpt lat="40.436501" lon="-79.946638">
        <ele>283.4</ele>
        <time>2026-10-03T21:40:07.984Z</time>
      </trkpt>
      <trkpt lat="40.436478" lon="-79.946629">
        <ele>283.4</ele>
        <time>2026-10-03T21:40:08.984Z</time>
      </trkpt>
      <trkpt lat="40.436452" lon="-79.946614">
        <ele>283.4</ele>
        <time>2026-10-03T21:40:09.984Z</time>
      </trkpt>
      <trkpt lat="40.436438" lon="-79.946597">
        <ele>283.4</ele>
        <time>2026-10-03T21:40:10.984Z</time>
      </trkpt>
      <trkpt lat="40.436434" lon="-79.946587">
        <ele>283.4</ele>
        <time>2026-10-03T21:40:11.984Z</time>
      </trkpt>
      <trkpt lat="40.436446" lon="-79.946575">
        <ele>283.5</ele>
        <time>2026-10-03T21:40:12.984Z</time>
      </trkpt>
      <trkpt lat="40.436454" lon="-79.946559">
        <ele>283.5</ele>
        <time>2026-10-03T21:40:13.984Z</time>
      </trkpt>
      <trkpt lat="40.436459" lon="-79.946521">
        <ele>283.5</ele>
        <time>2026-10-03T21:40:14.984Z</time>
      </trkpt>
      <trkpt lat="40.436443" lon="-79.946482">
        <ele>283.6</ele>
        <time>2026-10-03T21:40:15.984Z</time>
      </trkpt>
      <trkpt lat="40.436422" lon="-79.946454">
        <ele>283.6</ele>
        <time>2026-10-03T21:40:16.984Z</time>
      </trkpt>
      <trkpt lat="40.436402" lon="-79.946439">
        <ele>283.7</ele>
        <time>2026-10-03T21:40:17.984Z</time>
      </trkpt>
      <trkpt lat="40.436374" lon="-79.94643">
        <ele>283.7</ele>
        <time>2026-10-03T21:40:18.984Z</time>
      </trkpt>
      <trkpt lat="40.436357" lon="-79.946426">
        <ele>283.8</ele>
        <time>2026-10-03T21:40:19.984Z</time>
      </trkpt>
      <trkpt lat="40.436334" lon="-79.946411">
        <ele>283.8</ele>
        <time>2026-10-03T21:40:20.984Z</time>
      </trkpt>
      <trkpt lat="40.43633" lon="-79.946377">
        <ele>283.9</ele>
        <time>2026-10-03T21:40:21.984Z</time>
      </trkpt>
      <trkpt lat="40.436313" lon="-79.946352">
        <ele>284</ele>
        <time>2026-10-03T21:40:22.984Z</time>
      </trkpt>
      <trkpt lat="40.436287" lon="-79.946343">
        <ele>284</ele>
        <time>2026-10-03T21:40:23.984Z</time>
      </trkpt>
      <trkpt lat="40.436266" lon="-79.946334">
        <ele>284.1</ele>
        <time>2026-10-03T21:40:24.984Z</time>
      </trkpt>
      <trkpt lat="40.436243" lon="-79.946319">
        <ele>284.1</ele>
        <time>2026-10-03T21:40:25.984Z</time>
      </trkpt>
      <trkpt lat="40.436225" lon="-79.946296">
        <ele>284.1</ele>
        <time>2026-10-03T21:40:26.984Z</time>
      </trkpt>
      <trkpt lat="40.436202" lon="-79.946282">
        <ele>284.1</ele>
        <time>2026-10-03T21:40:27.984Z</time>
      </trkpt>
      <trkpt lat="40.436193" lon="-79.946262">
        <ele>284</ele>
        <time>2026-10-03T21:40:28.984Z</time>
      </trkpt>
      <trkpt lat="40.43619" lon="-79.946233">
        <ele>284</ele>
        <time>2026-10-03T21:40:29.984Z</time>
      </trkpt>
      <trkpt lat="40.436181" lon="-79.946191">
        <ele>283.9</ele>
        <time>2026-10-03T21:40:30.984Z</time>
      </trkpt>
      <trkpt lat="40.436171" lon="-79.94615">
        <ele>283.9</ele>
        <time>2026-10-03T21:40:31.984Z</time>
      </trkpt>
      <trkpt lat="40.436158" lon="-79.946125">
        <ele>283.8</ele>
        <time>2026-10-03T21:40:33.984Z</time>
      </trkpt>
      <trkpt lat="40.436142" lon="-79.946093">
        <ele>283.8</ele>
        <time>2026-10-03T21:40:34.984Z</time>
      </trkpt>
      <trkpt lat="40.436134" lon="-79.946061">
        <ele>283.7</ele>
        <time>2026-10-03T21:40:35.984Z</time>
      </trkpt>
      <trkpt lat="40.436124" lon="-79.94603">
        <ele>283.7</ele>
        <time>2026-10-03T21:40:36.984Z</time>
      </trkpt>
      <trkpt lat="40.4361" lon="-79.946005">
        <ele>283.6</ele>
        <time>2026-10-03T21:40:37.984Z</time>
      </trkpt>
      <trkpt lat="40.436081" lon="-79.945987">
        <ele>283.6</ele>
        <time>2026-10-03T21:40:38.984Z</time>
      </trkpt>
      <trkpt lat="40.436065" lon="-79.945965">
        <ele>283.6</ele>
        <time>2026-10-03T21:40:39.984Z</time>
      </trkpt>
      <trkpt lat="40.436046" lon="-79.945944">
        <ele>283.6</ele>
        <time>2026-10-03T21:40:40.984Z</time>
      </trkpt>
      <trkpt lat="40.436033" lon="-79.945924">
        <ele>283.6</ele>
        <time>2026-10-03T21:40:41.984Z</time>
      </trkpt>
      <trkpt lat="40.436013" lon="-79.945899">
        <ele>283.6</ele>
        <time>2026-10-03T21:40:42.984Z</time>
      </trkpt>
      <trkpt lat="40.435993" lon="-79.94588">
        <ele>283.6</ele>
        <time>2026-10-03T21:40:43.984Z</time>
      </trkpt>
      <trkpt lat="40.435975" lon="-79.945866">
        <ele>283.7</ele>
        <time>2026-10-03T21:40:44.984Z</time>
      </trkpt>
      <trkpt lat="40.435959" lon="-79.945845">
        <ele>283.7</ele>
        <time>2026-10-03T21:40:45.984Z</time>
      </trkpt>
      <trkpt lat="40.435948" lon="-79.945817">
        <ele>283.7</ele>
        <time>2026-10-03T21:40:46.984Z</time>
      </trkpt>
      <trkpt lat="40.435939" lon="-79.945795">
        <ele>283.8</ele>
        <time>2026-10-03T21:40:47.984Z</time>
      </trkpt>
      <trkpt lat="40.435921" lon="-79.945787">
        <ele>283.8</ele>
        <time>2026-10-03T21:40:48.984Z</time>
      </trkpt>
      <trkpt lat="40.435893" lon="-79.945754">
        <ele>284</ele>
        <time>2026-10-03T21:40:49.984Z</time>
      </trkpt>
      <trkpt lat="40.435878" lon="-79.945736">
        <ele>284.1</ele>
        <time>2026-10-03T21:40:50.984Z</time>
      </trkpt>
      <trkpt lat="40.435859" lon="-79.945718">
        <ele>284.3</ele>
        <time>2026-10-03T21:40:51.984Z</time>
      </trkpt>
      <trkpt lat="40.435853" lon="-79.945695">
        <ele>284.4</ele>
        <time>2026-10-03T21:40:52.984Z</time>
      </trkpt>
      <trkpt lat="40.435847" lon="-79.945667">
        <ele>284.6</ele>
        <time>2026-10-03T21:40:53.984Z</time>
      </trkpt>
      <trkpt lat="40.435833" lon="-79.945638">
        <ele>284.8</ele>
        <time>2026-10-03T21:40:54.984Z</time>
      </trkpt>
      <trkpt lat="40.435824" lon="-79.945621">
        <ele>284.9</ele>
        <time>2026-10-03T21:40:55.984Z</time>
      </trkpt>
      <trkpt lat="40.435815" lon="-79.945596">
        <ele>285</ele>
        <time>2026-10-03T21:40:56.984Z</time>
      </trkpt>
      <trkpt lat="40.43581" lon="-79.945552">
        <ele>285.2</ele>
        <time>2026-10-03T21:40:57.984Z</time>
      </trkpt>
      <trkpt lat="40.4358" lon="-79.945509">
        <ele>285.4</ele>
        <time>2026-10-03T21:40:58.984Z</time>
      </trkpt>
      <trkpt lat="40.43579" lon="-79.945487">
        <ele>285.5</ele>
        <time>2026-10-03T21:40:59.984Z</time>
      </trkpt>
      <trkpt lat="40.435778" lon="-79.945445">
        <ele>285.6</ele>
        <time>2026-10-03T21:41:00.984Z</time>
      </trkpt>
      <trkpt lat="40.435769" lon="-79.945415">
        <ele>285.7</ele>
        <time>2026-10-03T21:41:01.984Z</time>
      </trkpt>
      <trkpt lat="40.435758" lon="-79.945381">
        <ele>285.8</ele>
        <time>2026-10-03T21:41:02.984Z</time>
      </trkpt>
      <trkpt lat="40.435745" lon="-79.945333">
        <ele>285.9</ele>
        <time>2026-10-03T21:41:03.984Z</time>
      </trkpt>
      <trkpt lat="40.435736" lon="-79.945294">
        <ele>285.9</ele>
        <time>2026-10-03T21:41:04.984Z</time>
      </trkpt>
      <trkpt lat="40.435728" lon="-79.945273">
        <ele>285.9</ele>
        <time>2026-10-03T21:41:05.984Z</time>
      </trkpt>
      <trkpt lat="40.435711" lon="-79.945244">
        <ele>285.9</ele>
        <time>2026-10-03T21:41:06.984Z</time>
      </trkpt>
      <trkpt lat="40.435697" lon="-79.945209">
        <ele>285.9</ele>
        <time>2026-10-03T21:41:07.984Z</time>
      </trkpt>
      <trkpt lat="40.435683" lon="-79.945173">
        <ele>285.9</ele>
        <time>2026-10-03T21:41:08.984Z</time>
      </trkpt>
      <trkpt lat="40.435671" lon="-79.945155">
        <ele>285.9</ele>
        <time>2026-10-03T21:41:09.984Z</time>
      </trkpt>
      <trkpt lat="40.435656" lon="-79.94512">
        <ele>285.9</ele>
        <time>2026-10-03T21:41:10.984Z</time>
      </trkpt>
      <trkpt lat="40.43564" lon="-79.945095">
        <ele>285.9</ele>
        <time>2026-10-03T21:41:11.984Z</time>
      </trkpt>
      <trkpt lat="40.435626" lon="-79.945052">
        <ele>285.9</ele>
        <time>2026-10-03T21:41:12.984Z</time>
      </trkpt>
      <trkpt lat="40.435605" lon="-79.945014">
        <ele>285.9</ele>
        <time>2026-10-03T21:41:13.984Z</time>
      </trkpt>
      <trkpt lat="40.43559" lon="-79.94499">
        <ele>285.9</ele>
        <time>2026-10-03T21:41:14.984Z</time>
      </trkpt>
      <trkpt lat="40.435573" lon="-79.944968">
        <ele>285.8</ele>
        <time>2026-10-03T21:41:15.984Z</time>
      </trkpt>
      <trkpt lat="40.435559" lon="-79.944937">
        <ele>285.8</ele>
        <time>2026-10-03T21:41:16.984Z</time>
      </trkpt>
      <trkpt lat="40.43554" lon="-79.944901">
        <ele>285.8</ele>
        <time>2026-10-03T21:41:17.984Z</time>
      </trkpt>
      <trkpt lat="40.435527" lon="-79.944874">
        <ele>285.8</ele>
        <time>2026-10-03T21:41:18.984Z</time>
      </trkpt>
      <trkpt lat="40.435517" lon="-79.944837">
        <ele>285.7</ele>
        <time>2026-10-03T21:41:19.984Z</time>
      </trkpt>
      <trkpt lat="40.435503" lon="-79.944807">
        <ele>285.7</ele>
        <time>2026-10-03T21:41:20.984Z</time>
      </trkpt>
      <trkpt lat="40.435488" lon="-79.944791">
        <ele>285.7</ele>
        <time>2026-10-03T21:41:21.984Z</time>
      </trkpt>
      <trkpt lat="40.435469" lon="-79.94476">
        <ele>285.7</ele>
        <time>2026-10-03T21:41:22.984Z</time>
      </trkpt>
      <trkpt lat="40.435453" lon="-79.944724">
        <ele>285.6</ele>
        <time>2026-10-03T21:41:23.984Z</time>
      </trkpt>
      <trkpt lat="40.435438" lon="-79.944701">
        <ele>285.6</ele>
        <time>2026-10-03T21:41:24.984Z</time>
      </trkpt>
      <trkpt lat="40.435422" lon="-79.944677">
        <ele>285.6</ele>
        <time>2026-10-03T21:41:25.984Z</time>
      </trkpt>
      <trkpt lat="40.43541" lon="-79.944651">
        <ele>285.5</ele>
        <time>2026-10-03T21:41:26.984Z</time>
      </trkpt>
      <trkpt lat="40.435388" lon="-79.944625">
        <ele>285.5</ele>
        <time>2026-10-03T21:41:27.984Z</time>
      </trkpt>
      <trkpt lat="40.435377" lon="-79.944595">
        <ele>285.5</ele>
        <time>2026-10-03T21:41:28.984Z</time>
      </trkpt>
      <trkpt lat="40.435364" lon="-79.944559">
        <ele>285.5</ele>
        <time>2026-10-03T21:41:29.984Z</time>
      </trkpt>
      <trkpt lat="40.435349" lon="-79.944525">
        <ele>285.5</ele>
        <time>2026-10-03T21:41:30.984Z</time>
      </trkpt>
      <trkpt lat="40.435337" lon="-79.944499">
        <ele>285.5</ele>
        <time>2026-10-03T21:41:31.984Z</time>
      </trkpt>
      <trkpt lat="40.435328" lon="-79.944464">
        <ele>285.5</ele>
        <time>2026-10-03T21:41:32.984Z</time>
      </trkpt>
      <trkpt lat="40.435313" lon="-79.944434">
        <ele>285.5</ele>
        <time>2026-10-03T21:41:33.984Z</time>
      </trkpt>
      <trkpt lat="40.435301" lon="-79.944398">
        <ele>285.5</ele>
        <time>2026-10-03T21:41:34.984Z</time>
      </trkpt>
      <trkpt lat="40.435292" lon="-79.944379">
        <ele>285.5</ele>
        <time>2026-10-03T21:41:35.984Z</time>
      </trkpt>
      <trkpt lat="40.435275" lon="-79.944349">
        <ele>285.5</ele>
        <time>2026-10-03T21:41:36.984Z</time>
      </trkpt>
      <trkpt lat="40.435249" lon="-79.944326">
        <ele>285.5</ele>
        <time>2026-10-03T21:41:37.984Z</time>
      </trkpt>
      <trkpt lat="40.435227" lon="-79.944294">
        <ele>285.6</ele>
        <time>2026-10-03T21:41:38.984Z</time>
      </trkpt>
      <trkpt lat="40.435212" lon="-79.944251">
        <ele>285.6</ele>
        <time>2026-10-03T21:41:39.984Z</time>
      </trkpt>
      <trkpt lat="40.435202" lon="-79.944222">
        <ele>285.6</ele>
        <time>2026-10-03T21:41:40.984Z</time>
      </trkpt>
      <trkpt lat="40.435185" lon="-79.94421">
        <ele>285.7</ele>
        <time>2026-10-03T21:41:41.984Z</time>
      </trkpt>
      <trkpt lat="40.435168" lon="-79.944186">
        <ele>285.7</ele>
        <time>2026-10-03T21:41:42.984Z</time>
      </trkpt>
      <trkpt lat="40.43515" lon="-79.944159">
        <ele>285.8</ele>
        <time>2026-10-03T21:41:43.984Z</time>
      </trkpt>
      <trkpt lat="40.435129" lon="-79.944131">
        <ele>285.9</ele>
        <time>2026-10-03T21:41:44.984Z</time>
      </trkpt>
      <trkpt lat="40.435118" lon="-79.944104">
        <ele>286</ele>
        <time>2026-10-03T21:41:45.984Z</time>
      </trkpt>
      <trkpt lat="40.435103" lon="-79.944085">
        <ele>286.1</ele>
        <time>2026-10-03T21:41:46.984Z</time>
      </trkpt>
      <trkpt lat="40.435087" lon="-79.944053">
        <ele>286.2</ele>
        <time>2026-10-03T21:41:47.984Z</time>
      </trkpt>
      <trkpt lat="40.435073" lon="-79.944024">
        <ele>286.3</ele>
        <time>2026-10-03T21:41:48.984Z</time>
      </trkpt>
      <trkpt lat="40.435055" lon="-79.943998">
        <ele>286.4</ele>
        <time>2026-10-03T21:41:49.984Z</time>
      </trkpt>
      <trkpt lat="40.435042" lon="-79.94396">
        <ele>286.6</ele>
        <time>2026-10-03T21:41:50.984Z</time>
      </trkpt>
      <trkpt lat="40.435033" lon="-79.943939">
        <ele>286.7</ele>
        <time>2026-10-03T21:41:51.984Z</time>
      </trkpt>
      <trkpt lat="40.435024" lon="-79.943914">
        <ele>286.8</ele>
        <time>2026-10-03T21:41:52.984Z</time>
      </trkpt>
      <trkpt lat="40.435016" lon="-79.943883">
        <ele>286.9</ele>
        <time>2026-10-03T21:41:53.984Z</time>
      </trkpt>
      <trkpt lat="40.435012" lon="-79.943869">
        <ele>287</ele>
        <time>2026-10-03T21:41:54.984Z</time>
      </trkpt>
      <trkpt lat="40.435006" lon="-79.943833">
        <ele>287.1</ele>
        <time>2026-10-03T21:41:55.984Z</time>
      </trkpt>
      <trkpt lat="40.434995" lon="-79.943806">
        <ele>287.3</ele>
        <time>2026-10-03T21:41:56.984Z</time>
      </trkpt>
      <trkpt lat="40.434986" lon="-79.943784">
        <ele>287.4</ele>
        <time>2026-10-03T21:41:57.984Z</time>
      </trkpt>
      <trkpt lat="40.434978" lon="-79.943764">
        <ele>287.5</ele>
        <time>2026-10-03T21:41:58.984Z</time>
      </trkpt>
      <trkpt lat="40.43498" lon="-79.943741">
        <ele>287.5</ele>
        <time>2026-10-03T21:41:59.984Z</time>
      </trkpt>
      <trkpt lat="40.434978" lon="-79.943724">
        <ele>287.6</ele>
        <time>2026-10-03T21:42:00.984Z</time>
      </trkpt>
      <trkpt lat="40.434983" lon="-79.943704">
        <ele>287.7</ele>
        <time>2026-10-03T21:42:01.984Z</time>
      </trkpt>
      <trkpt lat="40.434981" lon="-79.943674">
        <ele>287.8</ele>
        <time>2026-10-03T21:42:02.984Z</time>
      </trkpt>
      <trkpt lat="40.434984" lon="-79.943645">
        <ele>287.9</ele>
        <time>2026-10-03T21:42:03.984Z</time>
      </trkpt>
      <trkpt lat="40.434977" lon="-79.943624">
        <ele>288</ele>
        <time>2026-10-03T21:42:04.984Z</time>
      </trkpt>
      <trkpt lat="40.434974" lon="-79.943602">
        <ele>288.1</ele>
        <time>2026-10-03T21:42:05.984Z</time>
      </trkpt>
      <trkpt lat="40.434971" lon="-79.943577">
        <ele>288.2</ele>
        <time>2026-10-03T21:42:06.984Z</time>
      </trkpt>
      <trkpt lat="40.434961" lon="-79.943547">
        <ele>288.3</ele>
        <time>2026-10-03T21:42:07.984Z</time>
      </trkpt>
      <trkpt lat="40.434956" lon="-79.943513">
        <ele>288.5</ele>
        <time>2026-10-03T21:42:08.984Z</time>
      </trkpt>
      <trkpt lat="40.434951" lon="-79.943481">
        <ele>288.6</ele>
        <time>2026-10-03T21:42:09.984Z</time>
      </trkpt>
      <trkpt lat="40.434943" lon="-79.943452">
        <ele>288.7</ele>
        <time>2026-10-03T21:42:10.984Z</time>
      </trkpt>
      <trkpt lat="40.434953" lon="-79.943426">
        <ele>288.8</ele>
        <time>2026-10-03T21:42:11.984Z</time>
      </trkpt>
      <trkpt lat="40.434954" lon="-79.943402">
        <ele>288.9</ele>
        <time>2026-10-03T21:42:12.984Z</time>
      </trkpt>
      <trkpt lat="40.434945" lon="-79.943374">
        <ele>289</ele>
        <time>2026-10-03T21:42:13.984Z</time>
      </trkpt>
      <trkpt lat="40.434954" lon="-79.943363">
        <ele>289.1</ele>
        <time>2026-10-03T21:42:14.984Z</time>
      </trkpt>
      <trkpt lat="40.434946" lon="-79.943344">
        <ele>289.2</ele>
        <time>2026-10-03T21:42:15.984Z</time>
      </trkpt>
      <trkpt lat="40.434951" lon="-79.943306">
        <ele>289.3</ele>
        <time>2026-10-03T21:42:16.984Z</time>
      </trkpt>
      <trkpt lat="40.434958" lon="-79.943265">
        <ele>289.5</ele>
        <time>2026-10-03T21:42:17.984Z</time>
      </trkpt>
      <trkpt lat="40.434959" lon="-79.943225">
        <ele>289.6</ele>
        <time>2026-10-03T21:42:18.984Z</time>
      </trkpt>
      <trkpt lat="40.434957" lon="-79.943201">
        <ele>289.7</ele>
        <time>2026-10-03T21:42:19.984Z</time>
      </trkpt>
      <trkpt lat="40.434956" lon="-79.943179">
        <ele>289.8</ele>
        <time>2026-10-03T21:42:20.984Z</time>
      </trkpt>
      <trkpt lat="40.434958" lon="-79.943144">
        <ele>290</ele>
        <time>2026-10-03T21:42:21.984Z</time>
      </trkpt>
      <trkpt lat="40.434955" lon="-79.943106">
        <ele>290.1</ele>
        <time>2026-10-03T21:42:22.984Z</time>
      </trkpt>
      <trkpt lat="40.43496" lon="-79.943072">
        <ele>290.2</ele>
        <time>2026-10-03T21:42:23.984Z</time>
      </trkpt>
      <trkpt lat="40.434967" lon="-79.943052">
        <ele>290.3</ele>
        <time>2026-10-03T21:42:24.984Z</time>
      </trkpt>
      <trkpt lat="40.434963" lon="-79.94301">
        <ele>290.5</ele>
        <time>2026-10-03T21:42:25.984Z</time>
      </trkpt>
      <trkpt lat="40.434964" lon="-79.942986">
        <ele>290.5</ele>
        <time>2026-10-03T21:42:26.984Z</time>
      </trkpt>
      <trkpt lat="40.434968" lon="-79.942955">
        <ele>290.6</ele>
        <time>2026-10-03T21:42:27.984Z</time>
      </trkpt>
      <trkpt lat="40.43497" lon="-79.942922">
        <ele>290.7</ele>
        <time>2026-10-03T21:42:28.984Z</time>
      </trkpt>
      <trkpt lat="40.434968" lon="-79.942892">
        <ele>290.8</ele>
        <time>2026-10-03T21:42:29.984Z</time>
      </trkpt>
      <trkpt lat="40.434968" lon="-79.942858">
        <ele>290.9</ele>
        <time>2026-10-03T21:42:30.984Z</time>
      </trkpt>
      <trkpt lat="40.434968" lon="-79.942827">
        <ele>291</ele>
        <time>2026-10-03T21:42:31.984Z</time>
      </trkpt>
      <trkpt lat="40.434972" lon="-79.942811">
        <ele>291.1</ele>
        <time>2026-10-03T21:42:32.984Z</time>
      </trkpt>
      <trkpt lat="40.434965" lon="-79.94277">
        <ele>291.2</ele>
        <time>2026-10-03T21:42:33.984Z</time>
      </trkpt>
      <trkpt lat="40.434968" lon="-79.942733">
        <ele>291.3</ele>
        <time>2026-10-03T21:42:34.984Z</time>
      </trkpt>
      <trkpt lat="40.434971" lon="-79.942698">
        <ele>291.4</ele>
        <time>2026-10-03T21:42:35.984Z</time>
      </trkpt>
      <trkpt lat="40.434969" lon="-79.942663">
        <ele>291.5</ele>
        <time>2026-10-03T21:42:36.984Z</time>
      </trkpt>
      <trkpt lat="40.434965" lon="-79.942627">
        <ele>291.6</ele>
        <time>2026-10-03T21:42:37.984Z</time>
      </trkpt>
      <trkpt lat="40.434977" lon="-79.942603">
        <ele>291.7</ele>
        <time>2026-10-03T21:42:39.984Z</time>
      </trkpt>
      <trkpt lat="40.434977" lon="-79.942582">
        <ele>291.7</ele>
        <time>2026-10-03T21:42:40.984Z</time>
      </trkpt>
      <trkpt lat="40.434982" lon="-79.942552">
        <ele>291.8</ele>
        <time>2026-10-03T21:42:41.984Z</time>
      </trkpt>
      <trkpt lat="40.434978" lon="-79.942516">
        <ele>291.9</ele>
        <time>2026-10-03T21:42:42.984Z</time>
      </trkpt>
      <trkpt lat="40.434985" lon="-79.942488">
        <ele>292</ele>
        <time>2026-10-03T21:42:43.984Z</time>
      </trkpt>
      <trkpt lat="40.434993" lon="-79.942456">
        <ele>292.1</ele>
        <time>2026-10-03T21:42:44.984Z</time>
      </trkpt>
      <trkpt lat="40.434993" lon="-79.942426">
        <ele>292.2</ele>
        <time>2026-10-03T21:42:45.984Z</time>
      </trkpt>
      <trkpt lat="40.434996" lon="-79.942398">
        <ele>292.3</ele>
        <time>2026-10-03T21:42:46.984Z</time>
      </trkpt>
      <trkpt lat="40.435005" lon="-79.942376">
        <ele>292.4</ele>
        <time>2026-10-03T21:42:47.984Z</time>
      </trkpt>
      <trkpt lat="40.435005" lon="-79.942348">
        <ele>292.5</ele>
        <time>2026-10-03T21:42:48.984Z</time>
      </trkpt>
      <trkpt lat="40.435006" lon="-79.942316">
        <ele>292.6</ele>
        <time>2026-10-03T21:42:49.984Z</time>
      </trkpt>
      <trkpt lat="40.434996" lon="-79.942278">
        <ele>292.7</ele>
        <time>2026-10-03T21:42:50.984Z</time>
      </trkpt>
      <trkpt lat="40.435003" lon="-79.942242">
        <ele>292.9</ele>
        <time>2026-10-03T21:42:51.984Z</time>
      </trkpt>
      <trkpt lat="40.434984" lon="-79.942216">
        <ele>293</ele>
        <time>2026-10-03T21:42:52.984Z</time>
      </trkpt>
      <trkpt lat="40.434991" lon="-79.942168">
        <ele>293.2</ele>
        <time>2026-10-03T21:42:53.984Z</time>
      </trkpt>
      <trkpt lat="40.434987" lon="-79.942127">
        <ele>293.4</ele>
        <time>2026-10-03T21:42:54.984Z</time>
      </trkpt>
      <trkpt lat="40.434978" lon="-79.942086">
        <ele>293.6</ele>
        <time>2026-10-03T21:42:55.984Z</time>
      </trkpt>
      <trkpt lat="40.434969" lon="-79.942062">
        <ele>293.7</ele>
        <time>2026-10-03T21:42:56.984Z</time>
      </trkpt>
      <trkpt lat="40.434962" lon="-79.942021">
        <ele>293.8</ele>
        <time>2026-10-03T21:42:57.984Z</time>
      </trkpt>
      <trkpt lat="40.43495" lon="-79.941961">
        <ele>294</ele>
        <time>2026-10-03T21:42:58.984Z</time>
      </trkpt>
      <trkpt lat="40.434944" lon="-79.941923">
        <ele>294.1</ele>
        <time>2026-10-03T21:42:59.984Z</time>
      </trkpt>
      <trkpt lat="40.434935" lon="-79.941891">
        <ele>294.2</ele>
        <time>2026-10-03T21:43:00.984Z</time>
      </trkpt>
      <trkpt lat="40.434931" lon="-79.941855">
        <ele>294.3</ele>
        <time>2026-10-03T21:43:01.984Z</time>
      </trkpt>
      <trkpt lat="40.434927" lon="-79.94182">
        <ele>294.3</ele>
        <time>2026-10-03T21:43:02.984Z</time>
      </trkpt>
      <trkpt lat="40.434916" lon="-79.941799">
        <ele>294.3</ele>
        <time>2026-10-03T21:43:03.984Z</time>
      </trkpt>
      <trkpt lat="40.434906" lon="-79.941764">
        <ele>294.3</ele>
        <time>2026-10-03T21:43:04.984Z</time>
      </trkpt>
      <trkpt lat="40.434895" lon="-79.941725">
        <ele>294.3</ele>
        <time>2026-10-03T21:43:05.984Z</time>
      </trkpt>
      <trkpt lat="40.434877" lon="-79.941689">
        <ele>294.3</ele>
        <time>2026-10-03T21:43:06.984Z</time>
      </trkpt>
      <trkpt lat="40.434871" lon="-79.941654">
        <ele>294.2</ele>
        <time>2026-10-03T21:43:07.984Z</time>
      </trkpt>
      <trkpt lat="40.434862" lon="-79.94161">
        <ele>294.2</ele>
        <time>2026-10-03T21:43:08.984Z</time>
      </trkpt>
      <trkpt lat="40.434859" lon="-79.941581">
        <ele>294.2</ele>
        <time>2026-10-03T21:43:09.984Z</time>
      </trkpt>
      <trkpt lat="40.434849" lon="-79.941543">
        <ele>294.1</ele>
        <time>2026-10-03T21:43:10.984Z</time>
      </trkpt>
      <trkpt lat="40.434846" lon="-79.941509">
        <ele>294.1</ele>
        <time>2026-10-03T21:43:11.984Z</time>
      </trkpt>
      <trkpt lat="40.434834" lon="-79.941467">
        <ele>294</ele>
        <time>2026-10-03T21:43:12.984Z</time>
      </trkpt>
      <trkpt lat="40.434829" lon="-79.94144">
        <ele>294</ele>
        <time>2026-10-03T21:43:13.984Z</time>
      </trkpt>
      <trkpt lat="40.434822" lon="-79.941412">
        <ele>293.9</ele>
        <time>2026-10-03T21:43:14.984Z</time>
      </trkpt>
      <trkpt lat="40.434814" lon="-79.941384">
        <ele>293.9</ele>
        <time>2026-10-03T21:43:15.984Z</time>
      </trkpt>
      <trkpt lat="40.434807" lon="-79.941344">
        <ele>293.8</ele>
        <time>2026-10-03T21:43:16.984Z</time>
      </trkpt>
      <trkpt lat="40.434804" lon="-79.941315">
        <ele>293.8</ele>
        <time>2026-10-03T21:43:17.984Z</time>
      </trkpt>
      <trkpt lat="40.434798" lon="-79.941289">
        <ele>293.8</ele>
        <time>2026-10-03T21:43:18.984Z</time>
      </trkpt>
      <trkpt lat="40.434788" lon="-79.941251">
        <ele>293.7</ele>
        <time>2026-10-03T21:43:19.984Z</time>
      </trkpt>
      <trkpt lat="40.434777" lon="-79.941217">
        <ele>293.7</ele>
        <time>2026-10-03T21:43:20.984Z</time>
      </trkpt>
      <trkpt lat="40.434768" lon="-79.941186">
        <ele>293.7</ele>
        <time>2026-10-03T21:43:21.984Z</time>
      </trkpt>
      <trkpt lat="40.434751" lon="-79.941166">
        <ele>293.7</ele>
        <time>2026-10-03T21:43:22.984Z</time>
      </trkpt>
      <trkpt lat="40.434742" lon="-79.941123">
        <ele>293.6</ele>
        <time>2026-10-03T21:43:23.984Z</time>
      </trkpt>
      <trkpt lat="40.434738" lon="-79.941098">
        <ele>293.6</ele>
        <time>2026-10-03T21:43:24.984Z</time>
      </trkpt>
      <trkpt lat="40.43473" lon="-79.941051">
        <ele>293.6</ele>
        <time>2026-10-03T21:43:25.984Z</time>
      </trkpt>
      <trkpt lat="40.434719" lon="-79.941009">
        <ele>293.6</ele>
        <time>2026-10-03T21:43:26.984Z</time>
      </trkpt>
      <trkpt lat="40.434708" lon="-79.940981">
        <ele>293.6</ele>
        <time>2026-10-03T21:43:27.984Z</time>
      </trkpt>
      <trkpt lat="40.4347" lon="-79.940958">
        <ele>293.7</ele>
        <time>2026-10-03T21:43:28.984Z</time>
      </trkpt>
      <trkpt lat="40.434694" lon="-79.940927">
        <ele>293.7</ele>
        <time>2026-10-03T21:43:29.984Z</time>
      </trkpt>
      <trkpt lat="40.434692" lon="-79.940891">
        <ele>293.7</ele>
        <time>2026-10-03T21:43:30.984Z</time>
      </trkpt>
      <trkpt lat="40.434684" lon="-79.940862">
        <ele>293.7</ele>
        <time>2026-10-03T21:43:31.984Z</time>
      </trkpt>
      <trkpt lat="40.434675" lon="-79.940826">
        <ele>293.8</ele>
        <time>2026-10-03T21:43:32.984Z</time>
      </trkpt>
      <trkpt lat="40.434675" lon="-79.940794">
        <ele>293.8</ele>
        <time>2026-10-03T21:43:33.984Z</time>
      </trkpt>
      <trkpt lat="40.434668" lon="-79.940766">
        <ele>293.8</ele>
        <time>2026-10-03T21:43:34.984Z</time>
      </trkpt>
      <trkpt lat="40.434665" lon="-79.940741">
        <ele>293.9</ele>
        <time>2026-10-03T21:43:35.984Z</time>
      </trkpt>
      <trkpt lat="40.434656" lon="-79.940711">
        <ele>293.9</ele>
        <time>2026-10-03T21:43:36.984Z</time>
      </trkpt>
      <trkpt lat="40.434648" lon="-79.940678">
        <ele>294</ele>
        <time>2026-10-03T21:43:37.984Z</time>
      </trkpt>
      <trkpt lat="40.434639" lon="-79.940642">
        <ele>294</ele>
        <time>2026-10-03T21:43:38.984Z</time>
      </trkpt>
      <trkpt lat="40.434635" lon="-79.940621">
        <ele>294.1</ele>
        <time>2026-10-03T21:43:39.984Z</time>
      </trkpt>
      <trkpt lat="40.434634" lon="-79.940586">
        <ele>294.1</ele>
        <time>2026-10-03T21:43:40.984Z</time>
      </trkpt>
      <trkpt lat="40.43463" lon="-79.940558">
        <ele>294.2</ele>
        <time>2026-10-03T21:43:41.984Z</time>
      </trkpt>
      <trkpt lat="40.434623" lon="-79.940536">
        <ele>294.2</ele>
        <time>2026-10-03T21:43:42.984Z</time>
      </trkpt>
      <trkpt lat="40.434616" lon="-79.94051">
        <ele>294.3</ele>
        <time>2026-10-03T21:43:43.984Z</time>
      </trkpt>
      <trkpt lat="40.43461" lon="-79.940471">
        <ele>294.3</ele>
        <time>2026-10-03T21:43:44.984Z</time>
      </trkpt>
      <trkpt lat="40.434608" lon="-79.940442">
        <ele>294.4</ele>
        <time>2026-10-03T21:43:45.984Z</time>
      </trkpt>
      <trkpt lat="40.43461" lon="-79.940418">
        <ele>294.4</ele>
        <time>2026-10-03T21:43:46.984Z</time>
      </trkpt>
      <trkpt lat="40.434604" lon="-79.940386">
        <ele>294.5</ele>
        <time>2026-10-03T21:43:47.984Z</time>
      </trkpt>
      <trkpt lat="40.434598" lon="-79.94036">
        <ele>294.5</ele>
        <time>2026-10-03T21:43:48.984Z</time>
      </trkpt>
      <trkpt lat="40.434589" lon="-79.940323">
        <ele>294.6</ele>
        <time>2026-10-03T21:43:49.984Z</time>
      </trkpt>
      <trkpt lat="40.434587" lon="-79.940288">
        <ele>294.7</ele>
        <time>2026-10-03T21:43:50.984Z</time>
      </trkpt>
      <trkpt lat="40.43458" lon="-79.94026">
        <ele>294.7</ele>
        <time>2026-10-03T21:43:51.984Z</time>
      </trkpt>
      <trkpt lat="40.43457" lon="-79.940232">
        <ele>294.8</ele>
        <time>2026-10-03T21:43:52.984Z</time>
      </trkpt>
      <trkpt lat="40.434567" lon="-79.940187">
        <ele>294.9</ele>
        <time>2026-10-03T21:43:53.984Z</time>
      </trkpt>
      <trkpt lat="40.434561" lon="-79.94015">
        <ele>295</ele>
        <time>2026-10-03T21:43:54.984Z</time>
      </trkpt>
      <trkpt lat="40.434553" lon="-79.940111">
        <ele>295</ele>
        <time>2026-10-03T21:43:55.984Z</time>
      </trkpt>
      <trkpt lat="40.434546" lon="-79.940076">
        <ele>295.1</ele>
        <time>2026-10-03T21:43:56.984Z</time>
      </trkpt>
      <trkpt lat="40.434538" lon="-79.94004">
        <ele>295.2</ele>
        <time>2026-10-03T21:43:57.984Z</time>
      </trkpt>
      <trkpt lat="40.434541" lon="-79.940003">
        <ele>295.2</ele>
        <time>2026-10-03T21:43:58.984Z</time>
      </trkpt>
      <trkpt lat="40.434546" lon="-79.939971">
        <ele>295.3</ele>
        <time>2026-10-03T21:43:59.984Z</time>
      </trkpt>
      <trkpt lat="40.434539" lon="-79.939944">
        <ele>295.3</ele>
        <time>2026-10-03T21:44:00.984Z</time>
      </trkpt>
      <trkpt lat="40.434536" lon="-79.939911">
        <ele>295.4</ele>
        <time>2026-10-03T21:44:01.984Z</time>
      </trkpt>
      <trkpt lat="40.434525" lon="-79.939888">
        <ele>295.4</ele>
        <time>2026-10-03T21:44:02.984Z</time>
      </trkpt>
      <trkpt lat="40.434524" lon="-79.939851">
        <ele>295.4</ele>
        <time>2026-10-03T21:44:03.984Z</time>
      </trkpt>
      <trkpt lat="40.434513" lon="-79.939801">
        <ele>295.5</ele>
        <time>2026-10-03T21:44:04.984Z</time>
      </trkpt>
      <trkpt lat="40.43451" lon="-79.939768">
        <ele>295.6</ele>
        <time>2026-10-03T21:44:05.984Z</time>
      </trkpt>
      <trkpt lat="40.434503" lon="-79.939737">
        <ele>295.6</ele>
        <time>2026-10-03T21:44:06.984Z</time>
      </trkpt>
      <trkpt lat="40.434497" lon="-79.939694">
        <ele>295.6</ele>
        <time>2026-10-03T21:44:07.984Z</time>
      </trkpt>
      <trkpt lat="40.434494" lon="-79.939642">
        <ele>295.7</ele>
        <time>2026-10-03T21:44:08.984Z</time>
      </trkpt>
      <trkpt lat="40.434486" lon="-79.939609">
        <ele>295.7</ele>
        <time>2026-10-03T21:44:09.984Z</time>
      </trkpt>
      <trkpt lat="40.434485" lon="-79.939574">
        <ele>295.7</ele>
        <time>2026-10-03T21:44:10.984Z</time>
      </trkpt>
      <trkpt lat="40.434471" lon="-79.939539">
        <ele>295.7</ele>
        <time>2026-10-03T21:44:11.984Z</time>
      </trkpt>
      <trkpt lat="40.434474" lon="-79.93951">
        <ele>295.7</ele>
        <time>2026-10-03T21:44:12.984Z</time>
      </trkpt>
      <trkpt lat="40.434476" lon="-79.939482">
        <ele>295.7</ele>
        <time>2026-10-03T21:44:13.984Z</time>
      </trkpt>
      <trkpt lat="40.434468" lon="-79.939441">
        <ele>295.7</ele>
        <time>2026-10-03T21:44:14.984Z</time>
      </trkpt>
      <trkpt lat="40.434475" lon="-79.939404">
        <ele>295.7</ele>
        <time>2026-10-03T21:44:15.984Z</time>
      </trkpt>
      <trkpt lat="40.434475" lon="-79.939379">
        <ele>295.7</ele>
        <time>2026-10-03T21:44:16.984Z</time>
      </trkpt>
      <trkpt lat="40.434463" lon="-79.939359">
        <ele>295.7</ele>
        <time>2026-10-03T21:44:17.984Z</time>
      </trkpt>
      <trkpt lat="40.434468" lon="-79.939316">
        <ele>295.6</ele>
        <time>2026-10-03T21:44:18.984Z</time>
      </trkpt>
      <trkpt lat="40.434462" lon="-79.939281">
        <ele>295.6</ele>
        <time>2026-10-03T21:44:19.984Z</time>
      </trkpt>
      <trkpt lat="40.434465" lon="-79.93924">
        <ele>295.6</ele>
        <time>2026-10-03T21:44:20.984Z</time>
      </trkpt>
      <trkpt lat="40.43446" lon="-79.939198">
        <ele>295.5</ele>
        <time>2026-10-03T21:44:21.984Z</time>
      </trkpt>
      <trkpt lat="40.434458" lon="-79.939173">
        <ele>295.5</ele>
        <time>2026-10-03T21:44:22.984Z</time>
      </trkpt>
      <trkpt lat="40.434457" lon="-79.939143">
        <ele>295.5</ele>
        <time>2026-10-03T21:44:23.984Z</time>
      </trkpt>
      <trkpt lat="40.434447" lon="-79.939109">
        <ele>295.4</ele>
        <time>2026-10-03T21:44:24.984Z</time>
      </trkpt>
      <trkpt lat="40.434442" lon="-79.939078">
        <ele>295.4</ele>
        <time>2026-10-03T21:44:25.984Z</time>
      </trkpt>
      <trkpt lat="40.434443" lon="-79.939039">
        <ele>295.4</ele>
        <time>2026-10-03T21:44:26.984Z</time>
      </trkpt>
      <trkpt lat="40.434435" lon="-79.939003">
        <ele>295.4</ele>
        <time>2026-10-03T21:44:27.984Z</time>
      </trkpt>
      <trkpt lat="40.434428" lon="-79.938967">
        <ele>295.4</ele>
        <time>2026-10-03T21:44:28.984Z</time>
      </trkpt>
      <trkpt lat="40.434418" lon="-79.93894">
        <ele>295.4</ele>
        <time>2026-10-03T21:44:29.984Z</time>
      </trkpt>
      <trkpt lat="40.434402" lon="-79.938906">
        <ele>295.4</ele>
        <time>2026-10-03T21:44:30.984Z</time>
      </trkpt>
      <trkpt lat="40.434385" lon="-79.938879">
        <ele>295.5</ele>
        <time>2026-10-03T21:44:31.984Z</time>
      </trkpt>
      <trkpt lat="40.434378" lon="-79.938841">
        <ele>295.5</ele>
        <time>2026-10-03T21:44:32.984Z</time>
      </trkpt>
      <trkpt lat="40.434369" lon="-79.938814">
        <ele>295.6</ele>
        <time>2026-10-03T21:44:33.984Z</time>
      </trkpt>
      <trkpt lat="40.434358" lon="-79.938786">
        <ele>295.6</ele>
        <time>2026-10-03T21:44:34.984Z</time>
      </trkpt>
      <trkpt lat="40.434343" lon="-79.938768">
        <ele>295.7</ele>
        <time>2026-10-03T21:44:35.984Z</time>
      </trkpt>
      <trkpt lat="40.43433" lon="-79.938735">
        <ele>295.8</ele>
        <time>2026-10-03T21:44:36.984Z</time>
      </trkpt>
      <trkpt lat="40.434316" lon="-79.93871">
        <ele>295.8</ele>
        <time>2026-10-03T21:44:37.984Z</time>
      </trkpt>
      <trkpt lat="40.434299" lon="-79.938681">
        <ele>295.9</ele>
        <time>2026-10-03T21:44:38.984Z</time>
      </trkpt>
      <trkpt lat="40.434286" lon="-79.938647">
        <ele>296</ele>
        <time>2026-10-03T21:44:39.984Z</time>
      </trkpt>
      <trkpt lat="40.434274" lon="-79.938616">
        <ele>296.1</ele>
        <time>2026-10-03T21:44:40.984Z</time>
      </trkpt>
      <trkpt lat="40.43426" lon="-79.938598">
        <ele>296.1</ele>
        <time>2026-10-03T21:44:41.984Z</time>
      </trkpt>
      <trkpt lat="40.434249" lon="-79.938572">
        <ele>296.2</ele>
        <time>2026-10-03T21:44:42.984Z</time>
      </trkpt>
      <trkpt lat="40.43424" lon="-79.938536">
        <ele>296.3</ele>
        <time>2026-10-03T21:44:43.984Z</time>
      </trkpt>
      <trkpt lat="40.434233" lon="-79.938501">
        <ele>296.3</ele>
        <time>2026-10-03T21:44:44.984Z</time>
      </trkpt>
      <trkpt lat="40.43422" lon="-79.938475">
        <ele>296.4</ele>
        <time>2026-10-03T21:44:45.984Z</time>
      </trkpt>
      <trkpt lat="40.434209" lon="-79.938447">
        <ele>296.4</ele>
        <time>2026-10-03T21:44:46.984Z</time>
      </trkpt>
      <trkpt lat="40.434194" lon="-79.938423">
        <ele>296.5</ele>
        <time>2026-10-03T21:44:47.984Z</time>
      </trkpt>
      <trkpt lat="40.43419" lon="-79.938392">
        <ele>296.5</ele>
        <time>2026-10-03T21:44:48.984Z</time>
      </trkpt>
      <trkpt lat="40.434181" lon="-79.938369">
        <ele>296.6</ele>
        <time>2026-10-03T21:44:49.984Z</time>
      </trkpt>
      <trkpt lat="40.434163" lon="-79.938337">
        <ele>296.6</ele>
        <time>2026-10-03T21:44:50.984Z</time>
      </trkpt>
      <trkpt lat="40.43416" lon="-79.938306">
        <ele>296.7</ele>
        <time>2026-10-03T21:44:51.984Z</time>
      </trkpt>
      <trkpt lat="40.434154" lon="-79.938269">
        <ele>296.7</ele>
        <time>2026-10-03T21:44:52.984Z</time>
      </trkpt>
      <trkpt lat="40.43414" lon="-79.938252">
        <ele>296.8</ele>
        <time>2026-10-03T21:44:53.984Z</time>
      </trkpt>
      <trkpt lat="40.434132" lon="-79.938227">
        <ele>296.8</ele>
        <time>2026-10-03T21:44:54.984Z</time>
      </trkpt>
      <trkpt lat="40.434125" lon="-79.9382">
        <ele>296.8</ele>
        <time>2026-10-03T21:44:55.984Z</time>
      </trkpt>
      <trkpt lat="40.434124" lon="-79.938161">
        <ele>296.9</ele>
        <time>2026-10-03T21:44:56.984Z</time>
      </trkpt>
      <trkpt lat="40.434109" lon="-79.938131">
        <ele>296.9</ele>
        <time>2026-10-03T21:44:57.984Z</time>
      </trkpt>
      <trkpt lat="40.434105" lon="-79.938114">
        <ele>296.9</ele>
        <time>2026-10-03T21:44:58.984Z</time>
      </trkpt>
      <trkpt lat="40.434098" lon="-79.938086">
        <ele>297</ele>
        <time>2026-10-03T21:44:59.984Z</time>
      </trkpt>
      <trkpt lat="40.434099" lon="-79.938056">
        <ele>297</ele>
        <time>2026-10-03T21:45:00.984Z</time>
      </trkpt>
      <trkpt lat="40.434092" lon="-79.938033">
        <ele>297</ele>
        <time>2026-10-03T21:45:01.984Z</time>
      </trkpt>
      <trkpt lat="40.434087" lon="-79.937994">
        <ele>297.1</ele>
        <time>2026-10-03T21:45:02.984Z</time>
      </trkpt>
      <trkpt lat="40.434081" lon="-79.937958">
        <ele>297.1</ele>
        <time>2026-10-03T21:45:03.984Z</time>
      </trkpt>
      <trkpt lat="40.434083" lon="-79.937934">
        <ele>297.1</ele>
        <time>2026-10-03T21:45:04.984Z</time>
      </trkpt>
      <trkpt lat="40.434074" lon="-79.937906">
        <ele>297.1</ele>
        <time>2026-10-03T21:45:05.984Z</time>
      </trkpt>
      <trkpt lat="40.434067" lon="-79.937888">
        <ele>297.2</ele>
        <time>2026-10-03T21:45:06.984Z</time>
      </trkpt>
      <trkpt lat="40.434059" lon="-79.937857">
        <ele>297.2</ele>
        <time>2026-10-03T21:45:07.984Z</time>
      </trkpt>
      <trkpt lat="40.434056" lon="-79.937823">
        <ele>297.2</ele>
        <time>2026-10-03T21:45:08.984Z</time>
      </trkpt>
      <trkpt lat="40.434049" lon="-79.93779">
        <ele>297.2</ele>
        <time>2026-10-03T21:45:09.984Z</time>
      </trkpt>
      <trkpt lat="40.43404" lon="-79.93776">
        <ele>297.3</ele>
        <time>2026-10-03T21:45:10.984Z</time>
      </trkpt>
      <trkpt lat="40.434035" lon="-79.937731">
        <ele>297.3</ele>
        <time>2026-10-03T21:45:11.984Z</time>
      </trkpt>
      <trkpt lat="40.434029" lon="-79.937694">
        <ele>297.3</ele>
        <time>2026-10-03T21:45:12.984Z</time>
      </trkpt>
      <trkpt lat="40.434024" lon="-79.937662">
        <ele>297.3</ele>
        <time>2026-10-03T21:45:13.984Z</time>
      </trkpt>
      <trkpt lat="40.434019" lon="-79.937639">
        <ele>297.3</ele>
        <time>2026-10-03T21:45:14.984Z</time>
      </trkpt>
      <trkpt lat="40.434013" lon="-79.9376">
        <ele>297.4</ele>
        <time>2026-10-03T21:45:15.984Z</time>
      </trkpt>
      <trkpt lat="40.434003" lon="-79.937568">
        <ele>297.4</ele>
        <time>2026-10-03T21:45:16.984Z</time>
      </trkpt>
      <trkpt lat="40.433997" lon="-79.937537">
        <ele>297.4</ele>
        <time>2026-10-03T21:45:17.984Z</time>
      </trkpt>
      <trkpt lat="40.433989" lon="-79.937507">
        <ele>297.5</ele>
        <time>2026-10-03T21:45:18.984Z</time>
      </trkpt>
      <trkpt lat="40.433985" lon="-79.937469">
        <ele>297.5</ele>
        <time>2026-10-03T21:45:19.984Z</time>
      </trkpt>
      <trkpt lat="40.433976" lon="-79.937433">
        <ele>297.6</ele>
        <time>2026-10-03T21:45:20.984Z</time>
      </trkpt>
      <trkpt lat="40.433962" lon="-79.937408">
        <ele>297.6</ele>
        <time>2026-10-03T21:45:21.984Z</time>
      </trkpt>
      <trkpt lat="40.433955" lon="-79.937378">
        <ele>297.7</ele>
        <time>2026-10-03T21:45:22.984Z</time>
      </trkpt>
      <trkpt lat="40.433948" lon="-79.937351">
        <ele>297.7</ele>
        <time>2026-10-03T21:45:23.984Z</time>
      </trkpt>
      <trkpt lat="40.433935" lon="-79.937315">
        <ele>297.8</ele>
        <time>2026-10-03T21:45:24.984Z</time>
      </trkpt>
      <trkpt lat="40.433916" lon="-79.937281">
        <ele>297.9</ele>
        <time>2026-10-03T21:45:25.984Z</time>
      </trkpt>
      <trkpt lat="40.433908" lon="-79.937259">
        <ele>297.9</ele>
        <time>2026-10-03T21:45:26.984Z</time>
      </trkpt>
      <trkpt lat="40.433909" lon="-79.937238">
        <ele>297.6</ele>
        <time>2026-10-03T21:45:27.984Z</time>
      </trkpt>
      <trkpt lat="40.433923" lon="-79.937211">
        <ele>297.2</ele>
        <time>2026-10-03T21:45:28.984Z</time>
      </trkpt>
      <trkpt lat="40.433947" lon="-79.937185">
        <ele>296.7</ele>
        <time>2026-10-03T21:45:29.984Z</time>
      </trkpt>
      <trkpt lat="40.433964" lon="-79.93714">
        <ele>296</ele>
        <time>2026-10-03T21:45:30.984Z</time>
      </trkpt>
      <trkpt lat="40.433962" lon="-79.937103">
        <ele>295.5</ele>
        <time>2026-10-03T21:45:31.984Z</time>
      </trkpt>
      <trkpt lat="40.433962" lon="-79.937056">
        <ele>294.9</ele>
        <time>2026-10-03T21:45:32.984Z</time>
      </trkpt>
      <trkpt lat="40.433968" lon="-79.937017">
        <ele>294.3</ele>
        <time>2026-10-03T21:45:33.984Z</time>
      </trkpt>
      <trkpt lat="40.433984" lon="-79.936973">
        <ele>293.7</ele>
        <time>2026-10-03T21:45:34.984Z</time>
      </trkpt>
      <trkpt lat="40.433991" lon="-79.936937">
        <ele>293.3</ele>
        <time>2026-10-03T21:45:35.984Z</time>
      </trkpt>
      <trkpt lat="40.434006" lon="-79.936898">
        <ele>292.8</ele>
        <time>2026-10-03T21:45:36.984Z</time>
      </trkpt>
      <trkpt lat="40.434027" lon="-79.936858">
        <ele>292.4</ele>
        <time>2026-10-03T21:45:37.984Z</time>
      </trkpt>
      <trkpt lat="40.434047" lon="-79.936825">
        <ele>292.1</ele>
        <time>2026-10-03T21:45:38.984Z</time>
      </trkpt>
      <trkpt lat="40.434068" lon="-79.936798">
        <ele>291.9</ele>
        <time>2026-10-03T21:45:39.984Z</time>
      </trkpt>
      <trkpt lat="40.43407" lon="-79.936767">
        <ele>291.7</ele>
        <time>2026-10-03T21:45:40.984Z</time>
      </trkpt>
      <trkpt lat="40.43407" lon="-79.936731">
        <ele>291.6</ele>
        <time>2026-10-03T21:45:41.984Z</time>
      </trkpt>
      <trkpt lat="40.434068" lon="-79.936686">
        <ele>291.4</ele>
        <time>2026-10-03T21:45:42.984Z</time>
      </trkpt>
      <trkpt lat="40.434077" lon="-79.936656">
        <ele>291.3</ele>
        <time>2026-10-03T21:45:43.984Z</time>
      </trkpt>
      <trkpt lat="40.434084" lon="-79.936626">
        <ele>291.3</ele>
        <time>2026-10-03T21:45:44.984Z</time>
      </trkpt>
      <trkpt lat="40.434082" lon="-79.936586">
        <ele>291.2</ele>
        <time>2026-10-03T21:45:45.984Z</time>
      </trkpt>
      <trkpt lat="40.434091" lon="-79.93656">
        <ele>291.2</ele>
        <time>2026-10-03T21:45:46.984Z</time>
      </trkpt>
      <trkpt lat="40.43411" lon="-79.936525">
        <ele>291.2</ele>
        <time>2026-10-03T21:45:47.984Z</time>
      </trkpt>
      <trkpt lat="40.434136" lon="-79.936508">
        <ele>291.3</ele>
        <time>2026-10-03T21:45:48.984Z</time>
      </trkpt>
      <trkpt lat="40.434164" lon="-79.936501">
        <ele>291.5</ele>
        <time>2026-10-03T21:45:49.984Z</time>
      </trkpt>
      <trkpt lat="40.434184" lon="-79.936481">
        <ele>291.8</ele>
        <time>2026-10-03T21:45:50.984Z</time>
      </trkpt>
      <trkpt lat="40.434208" lon="-79.936463">
        <ele>292</ele>
        <time>2026-10-03T21:45:51.984Z</time>
      </trkpt>
      <trkpt lat="40.434227" lon="-79.936441">
        <ele>292.4</ele>
        <time>2026-10-03T21:45:52.984Z</time>
      </trkpt>
      <trkpt lat="40.434245" lon="-79.936417">
        <ele>292.7</ele>
        <time>2026-10-03T21:45:53.984Z</time>
      </trkpt>
      <trkpt lat="40.434259" lon="-79.936395">
        <ele>293</ele>
        <time>2026-10-03T21:45:54.984Z</time>
      </trkpt>
      <trkpt lat="40.434281" lon="-79.936377">
        <ele>293.4</ele>
        <time>2026-10-03T21:45:55.984Z</time>
      </trkpt>
      <trkpt lat="40.434297" lon="-79.936374">
        <ele>293.6</ele>
        <time>2026-10-03T21:45:56.984Z</time>
      </trkpt>
      <trkpt lat="40.434316" lon="-79.936364">
        <ele>294</ele>
        <time>2026-10-03T21:45:57.984Z</time>
      </trkpt>
      <trkpt lat="40.434339" lon="-79.93636">
        <ele>294.3</ele>
        <time>2026-10-03T21:45:58.984Z</time>
      </trkpt>
      <trkpt lat="40.434348" lon="-79.936354">
        <ele>294.5</ele>
        <time>2026-10-03T21:45:59.984Z</time>
      </trkpt>
      <trkpt lat="40.434363" lon="-79.936355">
        <ele>294.7</ele>
        <time>2026-10-03T21:46:00.984Z</time>
      </trkpt>
      <trkpt lat="40.434379" lon="-79.936349">
        <ele>295</ele>
        <time>2026-10-03T21:46:01.984Z</time>
      </trkpt>
      <trkpt lat="40.434393" lon="-79.936338">
        <ele>295.3</ele>
        <time>2026-10-03T21:46:02.984Z</time>
      </trkpt>
      <trkpt lat="40.434409" lon="-79.936344">
        <ele>295.5</ele>
        <time>2026-10-03T21:46:03.984Z</time>
      </trkpt>
      <trkpt lat="40.434418" lon="-79.936347">
        <ele>295.7</ele>
        <time>2026-10-03T21:46:04.984Z</time>
      </trkpt>
      <trkpt lat="40.434432" lon="-79.936368">
        <ele>296</ele>
        <time>2026-10-03T21:46:05.984Z</time>
      </trkpt>
      <trkpt lat="40.434436" lon="-79.936412">
        <ele>295.7</ele>
        <time>2026-10-03T21:46:06.984Z</time>
      </trkpt>
      <trkpt lat="40.434435" lon="-79.936452">
        <ele>295.5</ele>
        <time>2026-10-03T21:46:07.984Z</time>
      </trkpt>
      <trkpt lat="40.434424" lon="-79.936488">
        <ele>295.3</ele>
        <time>2026-10-03T21:46:08.984Z</time>
      </trkpt>
      <trkpt lat="40.434412" lon="-79.936527">
        <ele>295.1</ele>
        <time>2026-10-03T21:46:09.984Z</time>
      </trkpt>
      <trkpt lat="40.434406" lon="-79.936561">
        <ele>294.9</ele>
        <time>2026-10-03T21:46:10.984Z</time>
      </trkpt>
      <trkpt lat="40.434385" lon="-79.936593">
        <ele>294.7</ele>
        <time>2026-10-03T21:46:11.984Z</time>
      </trkpt>
      <trkpt lat="40.434365" lon="-79.936627">
        <ele>294.5</ele>
        <time>2026-10-03T21:46:12.984Z</time>
      </trkpt>
      <trkpt lat="40.434352" lon="-79.936651">
        <ele>294.4</ele>
        <time>2026-10-03T21:46:13.984Z</time>
      </trkpt>
      <trkpt lat="40.434341" lon="-79.936669">
        <ele>294.3</ele>
        <time>2026-10-03T21:46:14.984Z</time>
      </trkpt>
      <trkpt lat="40.434324" lon="-79.936706">
        <ele>294.1</ele>
        <time>2026-10-03T21:46:15.984Z</time>
      </trkpt>
      <trkpt lat="40.434306" lon="-79.936728">
        <ele>294</ele>
        <time>2026-10-03T21:46:16.984Z</time>
      </trkpt>
      <trkpt lat="40.434297" lon="-79.936757">
        <ele>293.9</ele>
        <time>2026-10-03T21:46:17.984Z</time>
      </trkpt>
      <trkpt lat="40.434288" lon="-79.936793">
        <ele>293.7</ele>
        <time>2026-10-03T21:46:18.984Z</time>
      </trkpt>
      <trkpt lat="40.434281" lon="-79.936833">
        <ele>293.6</ele>
        <time>2026-10-03T21:46:19.984Z</time>
      </trkpt>
      <trkpt lat="40.43428" lon="-79.936869">
        <ele>293.5</ele>
        <time>2026-10-03T21:46:20.984Z</time>
      </trkpt>
      <trkpt lat="40.434272" lon="-79.936896">
        <ele>293.4</ele>
        <time>2026-10-03T21:46:21.984Z</time>
      </trkpt>
      <trkpt lat="40.434258" lon="-79.936937">
        <ele>293.2</ele>
        <time>2026-10-03T21:46:22.984Z</time>
      </trkpt>
      <trkpt lat="40.434251" lon="-79.936968">
        <ele>293.1</ele>
        <time>2026-10-03T21:46:23.984Z</time>
      </trkpt>
      <trkpt lat="40.434247" lon="-79.937005">
        <ele>293</ele>
        <time>2026-10-03T21:46:24.984Z</time>
      </trkpt>
      <trkpt lat="40.43425" lon="-79.93704">
        <ele>292.8</ele>
        <time>2026-10-03T21:46:25.984Z</time>
      </trkpt>
      <trkpt lat="40.434252" lon="-79.937075">
        <ele>292.7</ele>
        <time>2026-10-03T21:46:26.984Z</time>
      </trkpt>
      <trkpt lat="40.434254" lon="-79.937114">
        <ele>292.6</ele>
        <time>2026-10-03T21:46:27.984Z</time>
      </trkpt>
      <trkpt lat="40.434258" lon="-79.937143">
        <ele>292.5</ele>
        <time>2026-10-03T21:46:28.984Z</time>
      </trkpt>
      <trkpt lat="40.434261" lon="-79.937175">
        <ele>292.4</ele>
        <time>2026-10-03T21:46:29.984Z</time>
      </trkpt>
      <trkpt lat="40.434273" lon="-79.93721">
        <ele>292.2</ele>
        <time>2026-10-03T21:46:30.984Z</time>
      </trkpt>
      <trkpt lat="40.434278" lon="-79.937244">
        <ele>292.1</ele>
        <time>2026-10-03T21:46:31.984Z</time>
      </trkpt>
      <trkpt lat="40.434275" lon="-79.937271">
        <ele>292</ele>
        <time>2026-10-03T21:46:32.984Z</time>
      </trkpt>
      <trkpt lat="40.434287" lon="-79.937301">
        <ele>291.9</ele>
        <time>2026-10-03T21:46:33.984Z</time>
      </trkpt>
      <trkpt lat="40.434292" lon="-79.937342">
        <ele>291.8</ele>
        <time>2026-10-03T21:46:34.984Z</time>
      </trkpt>
      <trkpt lat="40.434305" lon="-79.937372">
        <ele>291.7</ele>
        <time>2026-10-03T21:46:35.984Z</time>
      </trkpt>
      <trkpt lat="40.43431" lon="-79.937415">
        <ele>291.5</ele>
        <time>2026-10-03T21:46:36.984Z</time>
      </trkpt>
      <trkpt lat="40.434316" lon="-79.937443">
        <ele>291.4</ele>
        <time>2026-10-03T21:46:37.984Z</time>
      </trkpt>
      <trkpt lat="40.434324" lon="-79.937474">
        <ele>291.3</ele>
        <time>2026-10-03T21:46:38.984Z</time>
      </trkpt>
      <trkpt lat="40.434326" lon="-79.937485">
        <ele>291.3</ele>
        <time>2026-10-03T21:46:39.984Z</time>
      </trkpt>
      <trkpt lat="40.434338" lon="-79.937504">
        <ele>291.2</ele>
        <time>2026-10-03T21:46:40.984Z</time>
      </trkpt>
      <trkpt lat="40.434343" lon="-79.937553">
        <ele>291.1</ele>
        <time>2026-10-03T21:46:41.984Z</time>
      </trkpt>
      <trkpt lat="40.434341" lon="-79.93759">
        <ele>291</ele>
        <time>2026-10-03T21:46:42.984Z</time>
      </trkpt>
      <trkpt lat="40.434351" lon="-79.937614">
        <ele>290.9</ele>
        <time>2026-10-03T21:46:43.984Z</time>
      </trkpt>
      <trkpt lat="40.434361" lon="-79.937643">
        <ele>290.8</ele>
        <time>2026-10-03T21:46:44.984Z</time>
      </trkpt>
      <trkpt lat="40.434366" lon="-79.937675">
        <ele>290.7</ele>
        <time>2026-10-03T21:46:45.984Z</time>
      </trkpt>
      <trkpt lat="40.434382" lon="-79.937697">
        <ele>290.6</ele>
        <time>2026-10-03T21:46:46.984Z</time>
      </trkpt>
      <trkpt lat="40.434393" lon="-79.937727">
        <ele>290.5</ele>
        <time>2026-10-03T21:46:47.984Z</time>
      </trkpt>
      <trkpt lat="40.434399" lon="-79.937766">
        <ele>290.3</ele>
        <time>2026-10-03T21:46:48.984Z</time>
      </trkpt>
      <trkpt lat="40.434411" lon="-79.9378">
        <ele>290.2</ele>
        <time>2026-10-03T21:46:49.984Z</time>
      </trkpt>
      <trkpt lat="40.434418" lon="-79.937837">
        <ele>290.1</ele>
        <time>2026-10-03T21:46:50.984Z</time>
      </trkpt>
      <trkpt lat="40.434437" lon="-79.937862">
        <ele>290</ele>
        <time>2026-10-03T21:46:51.984Z</time>
      </trkpt>
      <trkpt lat="40.434446" lon="-79.937895">
        <ele>289.9</ele>
        <time>2026-10-03T21:46:52.984Z</time>
      </trkpt>
      <trkpt lat="40.434458" lon="-79.937924">
        <ele>289.8</ele>
        <time>2026-10-03T21:46:53.984Z</time>
      </trkpt>
      <trkpt lat="40.434468" lon="-79.937965">
        <ele>289.6</ele>
        <time>2026-10-03T21:46:54.984Z</time>
      </trkpt>
      <trkpt lat="40.434479" lon="-79.937993">
        <ele>289.5</ele>
        <time>2026-10-03T21:46:55.984Z</time>
      </trkpt>
      <trkpt lat="40.434489" lon="-79.938026">
        <ele>289.4</ele>
        <time>2026-10-03T21:46:56.984Z</time>
      </trkpt>
      <trkpt lat="40.434496" lon="-79.938053">
        <ele>289.4</ele>
        <time>2026-10-03T21:46:57.984Z</time>
      </trkpt>
      <trkpt lat="40.434509" lon="-79.938084">
        <ele>289.3</ele>
        <time>2026-10-03T21:46:58.984Z</time>
      </trkpt>
      <trkpt lat="40.434523" lon="-79.938102">
        <ele>289.2</ele>
        <time>2026-10-03T21:46:59.984Z</time>
      </trkpt>
      <trkpt lat="40.434535" lon="-79.938131">
        <ele>289.1</ele>
        <time>2026-10-03T21:47:00.984Z</time>
      </trkpt>
      <trkpt lat="40.434544" lon="-79.938167">
        <ele>289</ele>
        <time>2026-10-03T21:47:01.984Z</time>
      </trkpt>
      <trkpt lat="40.434556" lon="-79.938194">
        <ele>288.9</ele>
        <time>2026-10-03T21:47:02.984Z</time>
      </trkpt>
      <trkpt lat="40.434568" lon="-79.938227">
        <ele>288.8</ele>
        <time>2026-10-03T21:47:03.984Z</time>
      </trkpt>
      <trkpt lat="40.43458" lon="-79.938251">
        <ele>288.8</ele>
        <time>2026-10-03T21:47:04.984Z</time>
      </trkpt>
      <trkpt lat="40.434593" lon="-79.938282">
        <ele>288.7</ele>
        <time>2026-10-03T21:47:05.984Z</time>
      </trkpt>
      <trkpt lat="40.434601" lon="-79.938311">
        <ele>288.6</ele>
        <time>2026-10-03T21:47:06.984Z</time>
      </trkpt>
      <trkpt lat="40.434618" lon="-79.938336">
        <ele>288.5</ele>
        <time>2026-10-03T21:47:07.984Z</time>
      </trkpt>
      <trkpt lat="40.43463" lon="-79.938357">
        <ele>288.5</ele>
        <time>2026-10-03T21:47:08.984Z</time>
      </trkpt>
      <trkpt lat="40.434638" lon="-79.938387">
        <ele>288.4</ele>
        <time>2026-10-03T21:47:09.984Z</time>
      </trkpt>
      <trkpt lat="40.434648" lon="-79.938414">
        <ele>288.3</ele>
        <time>2026-10-03T21:47:10.984Z</time>
      </trkpt>
      <trkpt lat="40.434664" lon="-79.938439">
        <ele>288.2</ele>
        <time>2026-10-03T21:47:11.984Z</time>
      </trkpt>
      <trkpt lat="40.43468" lon="-79.938456">
        <ele>288.2</ele>
        <time>2026-10-03T21:47:12.984Z</time>
      </trkpt>
      <trkpt lat="40.434688" lon="-79.938483">
        <ele>288.1</ele>
        <time>2026-10-03T21:47:13.984Z</time>
      </trkpt>
      <trkpt lat="40.434701" lon="-79.938511">
        <ele>288</ele>
        <time>2026-10-03T21:47:14.984Z</time>
      </trkpt>
      <trkpt lat="40.434718" lon="-79.938544">
        <ele>287.8</ele>
        <time>2026-10-03T21:47:15.984Z</time>
      </trkpt>
      <trkpt lat="40.434731" lon="-79.938576">
        <ele>287.7</ele>
        <time>2026-10-03T21:47:16.984Z</time>
      </trkpt>
      <trkpt lat="40.434742" lon="-79.938604">
        <ele>287.6</ele>
        <time>2026-10-03T21:47:17.984Z</time>
      </trkpt>
      <trkpt lat="40.434753" lon="-79.938616">
        <ele>287.5</ele>
        <time>2026-10-03T21:47:18.984Z</time>
      </trkpt>
      <trkpt lat="40.434761" lon="-79.938642">
        <ele>287.4</ele>
        <time>2026-10-03T21:47:19.984Z</time>
      </trkpt>
      <trkpt lat="40.434767" lon="-79.938664">
        <ele>287.3</ele>
        <time>2026-10-03T21:47:20.984Z</time>
      </trkpt>
      <trkpt lat="40.434783" lon="-79.938703">
        <ele>287.1</ele>
        <time>2026-10-03T21:47:21.984Z</time>
      </trkpt>
      <trkpt lat="40.434788" lon="-79.93872">
        <ele>287</ele>
        <time>2026-10-03T21:47:22.984Z</time>
      </trkpt>
      <trkpt lat="40.434798" lon="-79.938774">
        <ele>286.7</ele>
        <time>2026-10-03T21:47:23.984Z</time>
      </trkpt>
      <trkpt lat="40.434799" lon="-79.938791">
        <ele>286.7</ele>
        <time>2026-10-03T21:47:24.984Z</time>
      </trkpt>
      <trkpt lat="40.434811" lon="-79.93884">
        <ele>286.4</ele>
        <time>2026-10-03T21:47:25.984Z</time>
      </trkpt>
      <trkpt lat="40.434818" lon="-79.938879">
        <ele>286.2</ele>
        <time>2026-10-03T21:47:26.984Z</time>
      </trkpt>
      <trkpt lat="40.434825" lon="-79.938918">
        <ele>286</ele>
        <time>2026-10-03T21:47:27.984Z</time>
      </trkpt>
      <trkpt lat="40.43481" lon="-79.938928">
        <ele>285.9</ele>
        <time>2026-10-03T21:47:28.984Z</time>
      </trkpt>
      <trkpt lat="40.434813" lon="-79.938967">
        <ele>285.7</ele>
        <time>2026-10-03T21:47:29.984Z</time>
      </trkpt>
      <trkpt lat="40.434808" lon="-79.939004">
        <ele>285.6</ele>
        <time>2026-10-03T21:47:30.984Z</time>
      </trkpt>
      <trkpt lat="40.434818" lon="-79.939029">
        <ele>285.4</ele>
        <time>2026-10-03T21:47:31.984Z</time>
      </trkpt>
      <trkpt lat="40.434834" lon="-79.939055">
        <ele>285.3</ele>
        <time>2026-10-03T21:47:32.984Z</time>
      </trkpt>
      <trkpt lat="40.43483" lon="-79.939088">
        <ele>285.1</ele>
        <time>2026-10-03T21:47:33.984Z</time>
      </trkpt>
      <trkpt lat="40.434834" lon="-79.939127">
        <ele>284.9</ele>
        <time>2026-10-03T21:47:34.984Z</time>
      </trkpt>
      <trkpt lat="40.434835" lon="-79.939153">
        <ele>284.8</ele>
        <time>2026-10-03T21:47:35.984Z</time>
      </trkpt>
      <trkpt lat="40.434833" lon="-79.939191">
        <ele>284.6</ele>
        <time>2026-10-03T21:47:36.984Z</time>
      </trkpt>
      <trkpt lat="40.434827" lon="-79.93923">
        <ele>284.4</ele>
        <time>2026-10-03T21:47:37.984Z</time>
      </trkpt>
      <trkpt lat="40.434834" lon="-79.939264">
        <ele>284.2</ele>
        <time>2026-10-03T21:47:38.984Z</time>
      </trkpt>
      <trkpt lat="40.434842" lon="-79.939305">
        <ele>284</ele>
        <time>2026-10-03T21:47:39.984Z</time>
      </trkpt>
      <trkpt lat="40.434847" lon="-79.939377">
        <ele>283.6</ele>
        <time>2026-10-03T21:47:40.984Z</time>
      </trkpt>
      <trkpt lat="40.434851" lon="-79.939428">
        <ele>283.4</ele>
        <time>2026-10-03T21:47:41.984Z</time>
      </trkpt>
      <trkpt lat="40.434853" lon="-79.939475">
        <ele>283.1</ele>
        <time>2026-10-03T21:47:42.984Z</time>
      </trkpt>
      <trkpt lat="40.434876" lon="-79.939511">
        <ele>282.9</ele>
        <time>2026-10-03T21:47:43.984Z</time>
      </trkpt>
      <trkpt lat="40.434884" lon="-79.939572">
        <ele>282.6</ele>
        <time>2026-10-03T21:47:44.984Z</time>
      </trkpt>
      <trkpt lat="40.434903" lon="-79.939632">
        <ele>282.2</ele>
        <time>2026-10-03T21:47:45.984Z</time>
      </trkpt>
      <trkpt lat="40.434921" lon="-79.939667">
        <ele>281.9</ele>
        <time>2026-10-03T21:47:46.984Z</time>
      </trkpt>
      <trkpt lat="40.434924" lon="-79.9397">
        <ele>281.7</ele>
        <time>2026-10-03T21:47:47.984Z</time>
      </trkpt>
      <trkpt lat="40.43494" lon="-79.939736">
        <ele>281.5</ele>
        <time>2026-10-03T21:47:48.984Z</time>
      </trkpt>
      <trkpt lat="40.434945" lon="-79.939781">
        <ele>281.2</ele>
        <time>2026-10-03T21:47:49.984Z</time>
      </trkpt>
      <trkpt lat="40.434973" lon="-79.939814">
        <ele>281</ele>
        <time>2026-10-03T21:47:50.984Z</time>
      </trkpt>
      <trkpt lat="40.43499" lon="-79.939849">
        <ele>280.7</ele>
        <time>2026-10-03T21:47:51.984Z</time>
      </trkpt>
      <trkpt lat="40.434999" lon="-79.93988">
        <ele>280.5</ele>
        <time>2026-10-03T21:47:52.984Z</time>
      </trkpt>
      <trkpt lat="40.435012" lon="-79.939927">
        <ele>280.3</ele>
        <time>2026-10-03T21:47:53.984Z</time>
      </trkpt>
      <trkpt lat="40.435019" lon="-79.93997">
        <ele>280</ele>
        <time>2026-10-03T21:47:54.984Z</time>
      </trkpt>
      <trkpt lat="40.435009" lon="-79.940006">
        <ele>279.8</ele>
        <time>2026-10-03T21:47:55.984Z</time>
      </trkpt>
      <trkpt lat="40.435013" lon="-79.940041">
        <ele>279.7</ele>
        <time>2026-10-03T21:47:56.984Z</time>
      </trkpt>
      <trkpt lat="40.435012" lon="-79.940078">
        <ele>279.5</ele>
        <time>2026-10-03T21:47:57.984Z</time>
      </trkpt>
      <trkpt lat="40.435026" lon="-79.940127">
        <ele>279.2</ele>
        <time>2026-10-03T21:47:58.984Z</time>
      </trkpt>
      <trkpt lat="40.435044" lon="-79.940166">
        <ele>279</ele>
        <time>2026-10-03T21:47:59.984Z</time>
      </trkpt>
      <trkpt lat="40.43505" lon="-79.940198">
        <ele>278.9</ele>
        <time>2026-10-03T21:48:00.984Z</time>
      </trkpt>
      <trkpt lat="40.435048" lon="-79.94024">
        <ele>278.7</ele>
        <time>2026-10-03T21:48:01.984Z</time>
      </trkpt>
      <trkpt lat="40.435058" lon="-79.940279">
        <ele>278.5</ele>
        <time>2026-10-03T21:48:02.984Z</time>
      </trkpt>
      <trkpt lat="40.435068" lon="-79.940315">
        <ele>278.3</ele>
        <time>2026-10-03T21:48:03.984Z</time>
      </trkpt>
      <trkpt lat="40.435077" lon="-79.940352">
        <ele>278.1</ele>
        <time>2026-10-03T21:48:04.984Z</time>
      </trkpt>
      <trkpt lat="40.435095" lon="-79.940381">
        <ele>277.9</ele>
        <time>2026-10-03T21:48:05.984Z</time>
      </trkpt>
      <trkpt lat="40.435105" lon="-79.940403">
        <ele>277.8</ele>
        <time>2026-10-03T21:48:06.984Z</time>
      </trkpt>
      <trkpt lat="40.435108" lon="-79.940436">
        <ele>277.6</ele>
        <time>2026-10-03T21:48:07.984Z</time>
      </trkpt>
      <trkpt lat="40.435114" lon="-79.940476">
        <ele>277.4</ele>
        <time>2026-10-03T21:48:08.984Z</time>
      </trkpt>
      <trkpt lat="40.435126" lon="-79.940504">
        <ele>277.2</ele>
        <time>2026-10-03T21:48:09.984Z</time>
      </trkpt>
      <trkpt lat="40.435137" lon="-79.940547">
        <ele>277</ele>
        <time>2026-10-03T21:48:10.984Z</time>
      </trkpt>
      <trkpt lat="40.435142" lon="-79.940579">
        <ele>276.8</ele>
        <time>2026-10-03T21:48:11.984Z</time>
      </trkpt>
      <trkpt lat="40.435157" lon="-79.940615">
        <ele>276.6</ele>
        <time>2026-10-03T21:48:12.984Z</time>
      </trkpt>
      <trkpt lat="40.43518" lon="-79.94065">
        <ele>276.3</ele>
        <time>2026-10-03T21:48:13.984Z</time>
      </trkpt>
      <trkpt lat="40.435192" lon="-79.940679">
        <ele>276.2</ele>
        <time>2026-10-03T21:48:14.984Z</time>
      </trkpt>
      <trkpt lat="40.435202" lon="-79.940713">
        <ele>276</ele>
        <time>2026-10-03T21:48:15.984Z</time>
      </trkpt>
      <trkpt lat="40.435209" lon="-79.94075">
        <ele>275.8</ele>
        <time>2026-10-03T21:48:16.984Z</time>
      </trkpt>
      <trkpt lat="40.435227" lon="-79.940786">
        <ele>275.6</ele>
        <time>2026-10-03T21:48:17.984Z</time>
      </trkpt>
      <trkpt lat="40.435239" lon="-79.940822">
        <ele>275.5</ele>
        <time>2026-10-03T21:48:18.984Z</time>
      </trkpt>
      <trkpt lat="40.435244" lon="-79.940849">
        <ele>275.3</ele>
        <time>2026-10-03T21:48:19.984Z</time>
      </trkpt>
      <trkpt lat="40.435261" lon="-79.940867">
        <ele>275.2</ele>
        <time>2026-10-03T21:48:20.984Z</time>
      </trkpt>
      <trkpt lat="40.435277" lon="-79.940895">
        <ele>275.1</ele>
        <time>2026-10-03T21:48:21.984Z</time>
      </trkpt>
      <trkpt lat="40.435277" lon="-79.940932">
        <ele>274.9</ele>
        <time>2026-10-03T21:48:22.984Z</time>
      </trkpt>
      <trkpt lat="40.43529" lon="-79.940962">
        <ele>274.8</ele>
        <time>2026-10-03T21:48:23.984Z</time>
      </trkpt>
      <trkpt lat="40.435309" lon="-79.940993">
        <ele>274.7</ele>
        <time>2026-10-03T21:48:24.984Z</time>
      </trkpt>
      <trkpt lat="40.435325" lon="-79.941023">
        <ele>274.6</ele>
        <time>2026-10-03T21:48:25.984Z</time>
      </trkpt>
      <trkpt lat="40.435337" lon="-79.941047">
        <ele>274.5</ele>
        <time>2026-10-03T21:48:26.984Z</time>
      </trkpt>
      <trkpt lat="40.435359" lon="-79.941075">
        <ele>274.5</ele>
        <time>2026-10-03T21:48:27.984Z</time>
      </trkpt>
      <trkpt lat="40.435369" lon="-79.941109">
        <ele>274.4</ele>
        <time>2026-10-03T21:48:28.984Z</time>
      </trkpt>
      <trkpt lat="40.435387" lon="-79.941124">
        <ele>274.3</ele>
        <time>2026-10-03T21:48:29.984Z</time>
      </trkpt>
      <trkpt lat="40.435407" lon="-79.941157">
        <ele>274.2</ele>
        <time>2026-10-03T21:48:30.984Z</time>
      </trkpt>
      <trkpt lat="40.435432" lon="-79.941189">
        <ele>274.2</ele>
        <time>2026-10-03T21:48:31.984Z</time>
      </trkpt>
      <trkpt lat="40.435446" lon="-79.941226">
        <ele>274.1</ele>
        <time>2026-10-03T21:48:32.984Z</time>
      </trkpt>
      <trkpt lat="40.435447" lon="-79.941263">
        <ele>274</ele>
        <time>2026-10-03T21:48:33.984Z</time>
      </trkpt>
      <trkpt lat="40.435456" lon="-79.941292">
        <ele>274</ele>
        <time>2026-10-03T21:48:34.984Z</time>
      </trkpt>
      <trkpt lat="40.435463" lon="-79.941324">
        <ele>273.8</ele>
        <time>2026-10-03T21:48:35.984Z</time>
      </trkpt>
      <trkpt lat="40.43547" lon="-79.941352">
        <ele>273.7</ele>
        <time>2026-10-03T21:48:36.984Z</time>
      </trkpt>
      <trkpt lat="40.435481" lon="-79.941377">
        <ele>273.6</ele>
        <time>2026-10-03T21:48:37.984Z</time>
      </trkpt>
      <trkpt lat="40.435492" lon="-79.941409">
        <ele>273.5</ele>
        <time>2026-10-03T21:48:38.984Z</time>
      </trkpt>
      <trkpt lat="40.435513" lon="-79.941441">
        <ele>273.3</ele>
        <time>2026-10-03T21:48:39.984Z</time>
      </trkpt>
      <trkpt lat="40.435516" lon="-79.941473">
        <ele>273.2</ele>
        <time>2026-10-03T21:48:40.984Z</time>
      </trkpt>
      <trkpt lat="40.43552" lon="-79.941497">
        <ele>273.1</ele>
        <time>2026-10-03T21:48:41.984Z</time>
      </trkpt>
      <trkpt lat="40.435533" lon="-79.941537">
        <ele>272.9</ele>
        <time>2026-10-03T21:48:42.984Z</time>
      </trkpt>
      <trkpt lat="40.435538" lon="-79.941566">
        <ele>272.8</ele>
        <time>2026-10-03T21:48:43.984Z</time>
      </trkpt>
      <trkpt lat="40.435554" lon="-79.941592">
        <ele>272.7</ele>
        <time>2026-10-03T21:48:44.984Z</time>
      </trkpt>
      <trkpt lat="40.435566" lon="-79.941628">
        <ele>272.5</ele>
        <time>2026-10-03T21:48:45.984Z</time>
      </trkpt>
      <trkpt lat="40.435573" lon="-79.941651">
        <ele>272.4</ele>
        <time>2026-10-03T21:48:46.984Z</time>
      </trkpt>
      <trkpt lat="40.435573" lon="-79.941684">
        <ele>272.3</ele>
        <time>2026-10-03T21:48:47.984Z</time>
      </trkpt>
      <trkpt lat="40.435586" lon="-79.941705">
        <ele>272.2</ele>
        <time>2026-10-03T21:48:48.984Z</time>
      </trkpt>
      <trkpt lat="40.435597" lon="-79.941743">
        <ele>272</ele>
        <time>2026-10-03T21:48:49.984Z</time>
      </trkpt>
      <trkpt lat="40.435598" lon="-79.941777">
        <ele>271.9</ele>
        <time>2026-10-03T21:48:50.984Z</time>
      </trkpt>
      <trkpt lat="40.435607" lon="-79.941806">
        <ele>271.7</ele>
        <time>2026-10-03T21:48:51.984Z</time>
      </trkpt>
      <trkpt lat="40.435629" lon="-79.941827">
        <ele>271.6</ele>
        <time>2026-10-03T21:48:52.984Z</time>
      </trkpt>
      <trkpt lat="40.435643" lon="-79.941867">
        <ele>271.4</ele>
        <time>2026-10-03T21:48:53.984Z</time>
      </trkpt>
      <trkpt lat="40.43564" lon="-79.941908">
        <ele>271.2</ele>
        <time>2026-10-03T21:48:54.984Z</time>
      </trkpt>
      <trkpt lat="40.435652" lon="-79.941945">
        <ele>271.1</ele>
        <time>2026-10-03T21:48:55.984Z</time>
      </trkpt>
      <trkpt lat="40.435669" lon="-79.941969">
        <ele>271</ele>
        <time>2026-10-03T21:48:56.984Z</time>
      </trkpt>
      <trkpt lat="40.435674" lon="-79.942011">
        <ele>270.8</ele>
        <time>2026-10-03T21:48:57.984Z</time>
      </trkpt>
      <trkpt lat="40.435683" lon="-79.942041">
        <ele>270.7</ele>
        <time>2026-10-03T21:48:58.984Z</time>
      </trkpt>
      <trkpt lat="40.435689" lon="-79.942068">
        <ele>270.6</ele>
        <time>2026-10-03T21:48:59.984Z</time>
      </trkpt>
      <trkpt lat="40.435693" lon="-79.942109">
        <ele>270.4</ele>
        <time>2026-10-03T21:49:00.984Z</time>
      </trkpt>
      <trkpt lat="40.435698" lon="-79.942142">
        <ele>270.3</ele>
        <time>2026-10-03T21:49:01.984Z</time>
      </trkpt>
      <trkpt lat="40.435704" lon="-79.942174">
        <ele>270.1</ele>
        <time>2026-10-03T21:49:02.984Z</time>
      </trkpt>
      <trkpt lat="40.435713" lon="-79.942208">
        <ele>270</ele>
        <time>2026-10-03T21:49:03.984Z</time>
      </trkpt>
      <trkpt lat="40.435714" lon="-79.942242">
        <ele>269.8</ele>
        <time>2026-10-03T21:49:04.984Z</time>
      </trkpt>
      <trkpt lat="40.435715" lon="-79.942257">
        <ele>269.8</ele>
        <time>2026-10-03T21:49:05.984Z</time>
      </trkpt>
      <trkpt lat="40.435729" lon="-79.942294">
        <ele>269.6</ele>
        <time>2026-10-03T21:49:06.984Z</time>
      </trkpt>
      <trkpt lat="40.435738" lon="-79.942328">
        <ele>269.4</ele>
        <time>2026-10-03T21:49:07.984Z</time>
      </trkpt>
      <trkpt lat="40.435734" lon="-79.942357">
        <ele>269.3</ele>
        <time>2026-10-03T21:49:08.984Z</time>
      </trkpt>
      <trkpt lat="40.43575" lon="-79.942387">
        <ele>269.1</ele>
        <time>2026-10-03T21:49:09.984Z</time>
      </trkpt>
      <trkpt lat="40.435766" lon="-79.942418">
        <ele>269</ele>
        <time>2026-10-03T21:49:10.984Z</time>
      </trkpt>
      <trkpt lat="40.435765" lon="-79.942447">
        <ele>268.8</ele>
        <time>2026-10-03T21:49:11.984Z</time>
      </trkpt>
      <trkpt lat="40.435766" lon="-79.942472">
        <ele>268.7</ele>
        <time>2026-10-03T21:49:12.984Z</time>
      </trkpt>
      <trkpt lat="40.435785" lon="-79.942509">
        <ele>268.5</ele>
        <time>2026-10-03T21:49:13.984Z</time>
      </trkpt>
      <trkpt lat="40.435792" lon="-79.942529">
        <ele>268.5</ele>
        <time>2026-10-03T21:49:14.984Z</time>
      </trkpt>
      <trkpt lat="40.4358" lon="-79.942561">
        <ele>268.3</ele>
        <time>2026-10-03T21:49:15.984Z</time>
      </trkpt>
      <trkpt lat="40.435806" lon="-79.942594">
        <ele>268.2</ele>
        <time>2026-10-03T21:49:16.984Z</time>
      </trkpt>
      <trkpt lat="40.435817" lon="-79.942625">
        <ele>268</ele>
        <time>2026-10-03T21:49:17.984Z</time>
      </trkpt>
      <trkpt lat="40.435834" lon="-79.942672">
        <ele>267.9</ele>
        <time>2026-10-03T21:49:18.984Z</time>
      </trkpt>
      <trkpt lat="40.435833" lon="-79.942712">
        <ele>267.8</ele>
        <time>2026-10-03T21:49:19.984Z</time>
      </trkpt>
      <trkpt lat="40.435829" lon="-79.942747">
        <ele>267.8</ele>
        <time>2026-10-03T21:49:20.984Z</time>
      </trkpt>
      <trkpt lat="40.435829" lon="-79.942786">
        <ele>267.7</ele>
        <time>2026-10-03T21:49:21.984Z</time>
      </trkpt>
      <trkpt lat="40.435838" lon="-79.942824">
        <ele>267.6</ele>
        <time>2026-10-03T21:49:22.984Z</time>
      </trkpt>
      <trkpt lat="40.435838" lon="-79.942862">
        <ele>267.5</ele>
        <time>2026-10-03T21:49:23.984Z</time>
      </trkpt>
      <trkpt lat="40.435835" lon="-79.942907">
        <ele>267.3</ele>
        <time>2026-10-03T21:49:24.984Z</time>
      </trkpt>
      <trkpt lat="40.435848" lon="-79.942939">
        <ele>267.1</ele>
        <time>2026-10-03T21:49:25.984Z</time>
      </trkpt>
      <trkpt lat="40.435841" lon="-79.942977">
        <ele>267</ele>
        <time>2026-10-03T21:49:26.984Z</time>
      </trkpt>
      <trkpt lat="40.43584" lon="-79.94301">
        <ele>266.8</ele>
        <time>2026-10-03T21:49:27.984Z</time>
      </trkpt>
      <trkpt lat="40.435837" lon="-79.943037">
        <ele>266.8</ele>
        <time>2026-10-03T21:49:28.984Z</time>
      </trkpt>
      <trkpt lat="40.435838" lon="-79.943073">
        <ele>266.7</ele>
        <time>2026-10-03T21:49:29.984Z</time>
      </trkpt>
      <trkpt lat="40.435836" lon="-79.94311">
        <ele>266.5</ele>
        <time>2026-10-03T21:49:30.984Z</time>
      </trkpt>
      <trkpt lat="40.435835" lon="-79.943137">
        <ele>266.5</ele>
        <time>2026-10-03T21:49:31.984Z</time>
      </trkpt>
      <trkpt lat="40.435845" lon="-79.943168">
        <ele>266.4</ele>
        <time>2026-10-03T21:49:32.984Z</time>
      </trkpt>
      <trkpt lat="40.43585" lon="-79.943219">
        <ele>266.2</ele>
        <time>2026-10-03T21:49:33.984Z</time>
      </trkpt>
      <trkpt lat="40.435848" lon="-79.943261">
        <ele>266.1</ele>
        <time>2026-10-03T21:49:34.984Z</time>
      </trkpt>
      <trkpt lat="40.435841" lon="-79.943297">
        <ele>266</ele>
        <time>2026-10-03T21:49:35.984Z</time>
      </trkpt>
      <trkpt lat="40.435844" lon="-79.943298">
        <ele>266</ele>
        <time>2026-10-03T21:49:36.984Z</time>
      </trkpt>
      <trkpt lat="40.43585" lon="-79.943319">
        <ele>265.9</ele>
        <time>2026-10-03T21:49:37.984Z</time>
      </trkpt>
      <trkpt lat="40.435853" lon="-79.943342">
        <ele>265.8</ele>
        <time>2026-10-03T21:49:38.984Z</time>
      </trkpt>
      <trkpt lat="40.435849" lon="-79.943381">
        <ele>265.7</ele>
        <time>2026-10-03T21:49:39.984Z</time>
      </trkpt>
      <trkpt lat="40.435852" lon="-79.943417">
        <ele>265.6</ele>
        <time>2026-10-03T21:49:40.984Z</time>
      </trkpt>
      <trkpt lat="40.435857" lon="-79.943438">
        <ele>265.5</ele>
        <time>2026-10-03T21:49:41.984Z</time>
      </trkpt>
      <trkpt lat="40.435863" lon="-79.943492">
        <ele>265.3</ele>
        <time>2026-10-03T21:49:42.984Z</time>
      </trkpt>
      <trkpt lat="40.435865" lon="-79.943501">
        <ele>265.2</ele>
        <time>2026-10-03T21:49:43.984Z</time>
      </trkpt>
      <trkpt lat="40.435865" lon="-79.94354">
        <ele>265.1</ele>
        <time>2026-10-03T21:49:44.984Z</time>
      </trkpt>
      <trkpt lat="40.435867" lon="-79.94357">
        <ele>265</ele>
        <time>2026-10-03T21:49:45.984Z</time>
      </trkpt>
      <trkpt lat="40.435879" lon="-79.94361">
        <ele>264.8</ele>
        <time>2026-10-03T21:49:46.984Z</time>
      </trkpt>
      <trkpt lat="40.435883" lon="-79.943646">
        <ele>264.7</ele>
        <time>2026-10-03T21:49:47.984Z</time>
      </trkpt>
      <trkpt lat="40.435896" lon="-79.943671">
        <ele>264.5</ele>
        <time>2026-10-03T21:49:48.984Z</time>
      </trkpt>
      <trkpt lat="40.4359" lon="-79.94371">
        <ele>264.4</ele>
        <time>2026-10-03T21:49:49.984Z</time>
      </trkpt>
      <trkpt lat="40.435913" lon="-79.943742">
        <ele>264.2</ele>
        <time>2026-10-03T21:49:50.984Z</time>
      </trkpt>
      <trkpt lat="40.43593" lon="-79.943785">
        <ele>264</ele>
        <time>2026-10-03T21:49:51.984Z</time>
      </trkpt>
      <trkpt lat="40.435947" lon="-79.943823">
        <ele>263.8</ele>
        <time>2026-10-03T21:49:52.984Z</time>
      </trkpt>
      <trkpt lat="40.435964" lon="-79.94386">
        <ele>263.6</ele>
        <time>2026-10-03T21:49:53.984Z</time>
      </trkpt>
      <trkpt lat="40.435978" lon="-79.943902">
        <ele>263.5</ele>
        <time>2026-10-03T21:49:54.984Z</time>
      </trkpt>
      <trkpt lat="40.43599" lon="-79.94394">
        <ele>263.3</ele>
        <time>2026-10-03T21:49:55.984Z</time>
      </trkpt>
      <trkpt lat="40.436001" lon="-79.943982">
        <ele>263.1</ele>
        <time>2026-10-03T21:49:56.984Z</time>
      </trkpt>
      <trkpt lat="40.436018" lon="-79.944012">
        <ele>263</ele>
        <time>2026-10-03T21:49:57.984Z</time>
      </trkpt>
      <trkpt lat="40.436025" lon="-79.944043">
        <ele>262.9</ele>
        <time>2026-10-03T21:49:58.984Z</time>
      </trkpt>
      <trkpt lat="40.436039" lon="-79.944077">
        <ele>262.7</ele>
        <time>2026-10-03T21:49:59.984Z</time>
      </trkpt>
      <trkpt lat="40.436058" lon="-79.944103">
        <ele>262.6</ele>
        <time>2026-10-03T21:50:00.984Z</time>
      </trkpt>
      <trkpt lat="40.436069" lon="-79.944144">
        <ele>262.4</ele>
        <time>2026-10-03T21:50:01.984Z</time>
      </trkpt>
      <trkpt lat="40.436085" lon="-79.944179">
        <ele>262.3</ele>
        <time>2026-10-03T21:50:02.984Z</time>
      </trkpt>
      <trkpt lat="40.436098" lon="-79.944205">
        <ele>262.2</ele>
        <time>2026-10-03T21:50:03.984Z</time>
      </trkpt>
      <trkpt lat="40.436124" lon="-79.944241">
        <ele>262.1</ele>
        <time>2026-10-03T21:50:04.984Z</time>
      </trkpt>
      <trkpt lat="40.436144" lon="-79.944276">
        <ele>261.9</ele>
        <time>2026-10-03T21:50:05.984Z</time>
      </trkpt>
      <trkpt lat="40.43616" lon="-79.9443">
        <ele>261.8</ele>
        <time>2026-10-03T21:50:06.984Z</time>
      </trkpt>
      <trkpt lat="40.436178" lon="-79.944326">
        <ele>261.7</ele>
        <time>2026-10-03T21:50:07.984Z</time>
      </trkpt>
      <trkpt lat="40.436199" lon="-79.944332">
        <ele>261.6</ele>
        <time>2026-10-03T21:50:08.984Z</time>
      </trkpt>
      <trkpt lat="40.436214" lon="-79.944367">
        <ele>261.5</ele>
        <time>2026-10-03T21:50:09.984Z</time>
      </trkpt>
      <trkpt lat="40.436233" lon="-79.9444">
        <ele>261.4</ele>
        <time>2026-10-03T21:50:10.984Z</time>
      </trkpt>
      <trkpt lat="40.43625" lon="-79.944426">
        <ele>261.3</ele>
        <time>2026-10-03T21:50:11.984Z</time>
      </trkpt>
      <trkpt lat="40.436267" lon="-79.94446">
        <ele>261.2</ele>
        <time>2026-10-03T21:50:12.984Z</time>
      </trkpt>
      <trkpt lat="40.436285" lon="-79.94449">
        <ele>261.1</ele>
        <time>2026-10-03T21:50:13.984Z</time>
      </trkpt>
      <trkpt lat="40.436306" lon="-79.944528">
        <ele>261</ele>
        <time>2026-10-03T21:50:14.984Z</time>
      </trkpt>
      <trkpt lat="40.436325" lon="-79.94455">
        <ele>260.9</ele>
        <time>2026-10-03T21:50:15.984Z</time>
      </trkpt>
      <trkpt lat="40.436346" lon="-79.94457">
        <ele>260.9</ele>
        <time>2026-10-03T21:50:16.984Z</time>
      </trkpt>
      <trkpt lat="40.436359" lon="-79.944615">
        <ele>260.8</ele>
        <time>2026-10-03T21:50:17.984Z</time>
      </trkpt>
      <trkpt lat="40.436377" lon="-79.944638">
        <ele>260.7</ele>
        <time>2026-10-03T21:50:18.984Z</time>
      </trkpt>
      <trkpt lat="40.436399" lon="-79.944671">
        <ele>260.6</ele>
        <time>2026-10-03T21:50:19.984Z</time>
      </trkpt>
      <trkpt lat="40.436411" lon="-79.944697">
        <ele>260.6</ele>
        <time>2026-10-03T21:50:20.984Z</time>
      </trkpt>
      <trkpt lat="40.436429" lon="-79.944725">
        <ele>260.5</ele>
        <time>2026-10-03T21:50:21.984Z</time>
      </trkpt>
      <trkpt lat="40.436446" lon="-79.94475">
        <ele>260.5</ele>
        <time>2026-10-03T21:50:22.984Z</time>
      </trkpt>
      <trkpt lat="40.436464" lon="-79.944778">
        <ele>260.4</ele>
        <time>2026-10-03T21:50:23.984Z</time>
      </trkpt>
      <trkpt lat="40.436482" lon="-79.944805">
        <ele>260.4</ele>
        <time>2026-10-03T21:50:24.984Z</time>
      </trkpt>
      <trkpt lat="40.436501" lon="-79.944824">
        <ele>260.4</ele>
        <time>2026-10-03T21:50:25.984Z</time>
      </trkpt>
      <trkpt lat="40.436527" lon="-79.944853">
        <ele>260.3</ele>
        <time>2026-10-03T21:50:26.984Z</time>
      </trkpt>
      <trkpt lat="40.436539" lon="-79.944878">
        <ele>260.3</ele>
        <time>2026-10-03T21:50:27.984Z</time>
      </trkpt>
      <trkpt lat="40.436556" lon="-79.944897">
        <ele>260.3</ele>
        <time>2026-10-03T21:50:28.984Z</time>
      </trkpt>
      <trkpt lat="40.436574" lon="-79.944916">
        <ele>260.3</ele>
        <time>2026-10-03T21:50:29.984Z</time>
      </trkpt>
      <trkpt lat="40.436592" lon="-79.944948">
        <ele>260.2</ele>
        <time>2026-10-03T21:50:30.984Z</time>
      </trkpt>
      <trkpt lat="40.436609" lon="-79.94497">
        <ele>260.2</ele>
        <time>2026-10-03T21:50:31.984Z</time>
      </trkpt>
      <trkpt lat="40.436629" lon="-79.944983">
        <ele>260.2</ele>
        <time>2026-10-03T21:50:32.984Z</time>
      </trkpt>
      <trkpt lat="40.436646" lon="-79.94503">
        <ele>260.2</ele>
        <time>2026-10-03T21:50:33.984Z</time>
      </trkpt>
      <trkpt lat="40.436661" lon="-79.945056">
        <ele>260.1</ele>
        <time>2026-10-03T21:50:34.984Z</time>
      </trkpt>
      <trkpt lat="40.436689" lon="-79.945082">
        <ele>260.1</ele>
        <time>2026-10-03T21:50:35.984Z</time>
      </trkpt>
      <trkpt lat="40.436714" lon="-79.945089">
        <ele>260.1</ele>
        <time>2026-10-03T21:50:36.984Z</time>
      </trkpt>
      <trkpt lat="40.436731" lon="-79.945099">
        <ele>260.1</ele>
        <time>2026-10-03T21:50:37.984Z</time>
      </trkpt>
      <trkpt lat="40.436752" lon="-79.945128">
        <ele>260.2</ele>
        <time>2026-10-03T21:50:38.984Z</time>
      </trkpt>
      <trkpt lat="40.436773" lon="-79.945159">
        <ele>260.2</ele>
        <time>2026-10-03T21:50:39.984Z</time>
      </trkpt>
      <trkpt lat="40.43679" lon="-79.945195">
        <ele>260.2</ele>
        <time>2026-10-03T21:50:40.984Z</time>
      </trkpt>
      <trkpt lat="40.436815" lon="-79.945215">
        <ele>260.2</ele>
        <time>2026-10-03T21:50:41.984Z</time>
      </trkpt>
      <trkpt lat="40.436832" lon="-79.945244">
        <ele>260.2</ele>
        <time>2026-10-03T21:50:42.984Z</time>
      </trkpt>
      <trkpt lat="40.436856" lon="-79.945264">
        <ele>260.3</ele>
        <time>2026-10-03T21:50:43.984Z</time>
      </trkpt>
      <trkpt lat="40.43688" lon="-79.945289">
        <ele>260.3</ele>
        <time>2026-10-03T21:50:44.984Z</time>
      </trkpt>
      <trkpt lat="40.436896" lon="-79.9453">
        <ele>260.3</ele>
        <time>2026-10-03T21:50:45.984Z</time>
      </trkpt>
      <trkpt lat="40.43692" lon="-79.945316">
        <ele>260.3</ele>
        <time>2026-10-03T21:50:46.984Z</time>
      </trkpt>
      <trkpt lat="40.436944" lon="-79.945349">
        <ele>260.3</ele>
        <time>2026-10-03T21:50:47.984Z</time>
      </trkpt>
      <trkpt lat="40.43696" lon="-79.945386">
        <ele>260.4</ele>
        <time>2026-10-03T21:50:48.984Z</time>
      </trkpt>
      <trkpt lat="40.43698" lon="-79.9454">
        <ele>260.4</ele>
        <time>2026-10-03T21:50:49.984Z</time>
      </trkpt>
      <trkpt lat="40.437003" lon="-79.945428">
        <ele>260.4</ele>
        <time>2026-10-03T21:50:50.984Z</time>
      </trkpt>
      <trkpt lat="40.437027" lon="-79.945455">
        <ele>260.4</ele>
        <time>2026-10-03T21:50:51.984Z</time>
      </trkpt>
      <trkpt lat="40.437038" lon="-79.945472">
        <ele>260.4</ele>
        <time>2026-10-03T21:50:52.984Z</time>
      </trkpt>
      <trkpt lat="40.437062" lon="-79.945497">
        <ele>260.5</ele>
        <time>2026-10-03T21:50:53.984Z</time>
      </trkpt>
      <trkpt lat="40.437083" lon="-79.945517">
        <ele>260.5</ele>
        <time>2026-10-03T21:50:54.984Z</time>
      </trkpt>
      <trkpt lat="40.437106" lon="-79.945544">
        <ele>260.6</ele>
        <time>2026-10-03T21:50:55.984Z</time>
      </trkpt>
      <trkpt lat="40.437125" lon="-79.945566">
        <ele>260.6</ele>
        <time>2026-10-03T21:50:56.984Z</time>
      </trkpt>
      <trkpt lat="40.437145" lon="-79.945584">
        <ele>260.7</ele>
        <time>2026-10-03T21:50:57.984Z</time>
      </trkpt>
      <trkpt lat="40.437165" lon="-79.945607">
        <ele>260.7</ele>
        <time>2026-10-03T21:50:58.984Z</time>
      </trkpt>
      <trkpt lat="40.437181" lon="-79.94563">
        <ele>260.8</ele>
        <time>2026-10-03T21:50:59.984Z</time>
      </trkpt>
      <trkpt lat="40.437204" lon="-79.945656">
        <ele>260.8</ele>
        <time>2026-10-03T21:51:00.984Z</time>
      </trkpt>
      <trkpt lat="40.437226" lon="-79.945673">
        <ele>260.9</ele>
        <time>2026-10-03T21:51:01.984Z</time>
      </trkpt>
      <trkpt lat="40.437242" lon="-79.945699">
        <ele>260.9</ele>
        <time>2026-10-03T21:51:02.984Z</time>
      </trkpt>
      <trkpt lat="40.437265" lon="-79.945716">
        <ele>261</ele>
        <time>2026-10-03T21:51:03.984Z</time>
      </trkpt>
      <trkpt lat="40.437292" lon="-79.945726">
        <ele>261.1</ele>
        <time>2026-10-03T21:51:04.984Z</time>
      </trkpt>
      <trkpt lat="40.43732" lon="-79.945741">
        <ele>261.2</ele>
        <time>2026-10-03T21:51:05.984Z</time>
      </trkpt>
      <trkpt lat="40.437336" lon="-79.945768">
        <ele>261.3</ele>
        <time>2026-10-03T21:51:06.984Z</time>
      </trkpt>
      <trkpt lat="40.437351" lon="-79.945788">
        <ele>261.3</ele>
        <time>2026-10-03T21:51:07.984Z</time>
      </trkpt>
      <trkpt lat="40.437373" lon="-79.945813">
        <ele>261.4</ele>
        <time>2026-10-03T21:51:08.984Z</time>
      </trkpt>
      <trkpt lat="40.437403" lon="-79.945816">
        <ele>261.5</ele>
        <time>2026-10-03T21:51:09.984Z</time>
      </trkpt>
      <trkpt lat="40.437427" lon="-79.945832">
        <ele>261.6</ele>
        <time>2026-10-03T21:51:10.984Z</time>
      </trkpt>
      <trkpt lat="40.437447" lon="-79.945852">
        <ele>261.7</ele>
        <time>2026-10-03T21:51:11.984Z</time>
      </trkpt>
      <trkpt lat="40.437459" lon="-79.945858">
        <ele>261.8</ele>
        <time>2026-10-03T21:51:12.984Z</time>
      </trkpt>
      <trkpt lat="40.437483" lon="-79.94587">
        <ele>261.9</ele>
        <time>2026-10-03T21:51:13.984Z</time>
      </trkpt>
      <trkpt lat="40.437508" lon="-79.945876">
        <ele>262</ele>
        <time>2026-10-03T21:51:14.984Z</time>
      </trkpt>
      <trkpt lat="40.437529" lon="-79.945873">
        <ele>262.1</ele>
        <time>2026-10-03T21:51:15.984Z</time>
      </trkpt>
      <trkpt lat="40.437557" lon="-79.945872">
        <ele>262.2</ele>
        <time>2026-10-03T21:51:16.984Z</time>
      </trkpt>
      <trkpt lat="40.437578" lon="-79.945861">
        <ele>262.3</ele>
        <time>2026-10-03T21:51:17.984Z</time>
      </trkpt>
      <trkpt lat="40.437598" lon="-79.945858">
        <ele>262.4</ele>
        <time>2026-10-03T21:51:18.984Z</time>
      </trkpt>
      <trkpt lat="40.437626" lon="-79.945848">
        <ele>262.5</ele>
        <time>2026-10-03T21:51:19.984Z</time>
      </trkpt>
      <trkpt lat="40.437652" lon="-79.945834">
        <ele>262.7</ele>
        <time>2026-10-03T21:51:20.984Z</time>
      </trkpt>
      <trkpt lat="40.437671" lon="-79.945833">
        <ele>262.8</ele>
        <time>2026-10-03T21:51:21.984Z</time>
      </trkpt>
      <trkpt lat="40.437698" lon="-79.945807">
        <ele>262.9</ele>
        <time>2026-10-03T21:51:22.984Z</time>
      </trkpt>
      <trkpt lat="40.437719" lon="-79.945787">
        <ele>263</ele>
        <time>2026-10-03T21:51:23.984Z</time>
      </trkpt>
      <trkpt lat="40.437744" lon="-79.945762">
        <ele>263.2</ele>
        <time>2026-10-03T21:51:24.984Z</time>
      </trkpt>
      <trkpt lat="40.437764" lon="-79.945742">
        <ele>263.3</ele>
        <time>2026-10-03T21:51:25.984Z</time>
      </trkpt>
      <trkpt lat="40.437793" lon="-79.945725">
        <ele>263.5</ele>
        <time>2026-10-03T21:51:26.984Z</time>
      </trkpt>
      <trkpt lat="40.437803" lon="-79.945693">
        <ele>263.6</ele>
        <time>2026-10-03T21:51:27.984Z</time>
      </trkpt>
      <trkpt lat="40.437824" lon="-79.945685">
        <ele>263.7</ele>
        <time>2026-10-03T21:51:28.984Z</time>
      </trkpt>
      <trkpt lat="40.437841" lon="-79.94566">
        <ele>263.8</ele>
        <time>2026-10-03T21:51:29.984Z</time>
      </trkpt>
      <trkpt lat="40.437866" lon="-79.945634">
        <ele>264</ele>
        <time>2026-10-03T21:51:30.984Z</time>
      </trkpt>
      <trkpt lat="40.437889" lon="-79.945616">
        <ele>264.1</ele>
        <time>2026-10-03T21:51:31.984Z</time>
      </trkpt>
      <trkpt lat="40.43791" lon="-79.945602">
        <ele>264.2</ele>
        <time>2026-10-03T21:51:32.984Z</time>
      </trkpt>
      <trkpt lat="40.437937" lon="-79.945588">
        <ele>264.4</ele>
        <time>2026-10-03T21:51:33.984Z</time>
      </trkpt>
      <trkpt lat="40.437956" lon="-79.945577">
        <ele>264.5</ele>
        <time>2026-10-03T21:51:34.984Z</time>
      </trkpt>
      <trkpt lat="40.437988" lon="-79.945594">
        <ele>264.6</ele>
        <time>2026-10-03T21:51:35.984Z</time>
      </trkpt>
      <trkpt lat="40.43801" lon="-79.94562">
        <ele>264.7</ele>
        <time>2026-10-03T21:51:36.984Z</time>
      </trkpt>
      <trkpt lat="40.438029" lon="-79.945619">
        <ele>264.8</ele>
        <time>2026-10-03T21:51:37.984Z</time>
      </trkpt>
      <trkpt lat="40.438054" lon="-79.945638">
        <ele>264.9</ele>
        <time>2026-10-03T21:51:38.984Z</time>
      </trkpt>
      <trkpt lat="40.438065" lon="-79.945666">
        <ele>264.9</ele>
        <time>2026-10-03T21:51:39.984Z</time>
      </trkpt>
      <trkpt lat="40.438091" lon="-79.945681">
        <ele>265</ele>
        <time>2026-10-03T21:51:40.984Z</time>
      </trkpt>
      <trkpt lat="40.438114" lon="-79.945709">
        <ele>265.2</ele>
        <time>2026-10-03T21:51:41.984Z</time>
      </trkpt>
      <trkpt lat="40.438123" lon="-79.945735">
        <ele>265.3</ele>
        <time>2026-10-03T21:51:42.984Z</time>
      </trkpt>
      <trkpt lat="40.438116" lon="-79.945766">
        <ele>265.4</ele>
        <time>2026-10-03T21:51:43.984Z</time>
      </trkpt>
      <trkpt lat="40.438111" lon="-79.9458">
        <ele>265.6</ele>
        <time>2026-10-03T21:51:44.984Z</time>
      </trkpt>
      <trkpt lat="40.438103" lon="-79.945836">
        <ele>265.7</ele>
        <time>2026-10-03T21:51:45.984Z</time>
      </trkpt>
      <trkpt lat="40.438098" lon="-79.945873">
        <ele>265.9</ele>
        <time>2026-10-03T21:51:46.984Z</time>
      </trkpt>
      <trkpt lat="40.438094" lon="-79.945899">
        <ele>266.1</ele>
        <time>2026-10-03T21:51:47.984Z</time>
      </trkpt>
      <trkpt lat="40.438084" lon="-79.945925">
        <ele>266.2</ele>
        <time>2026-10-03T21:51:48.984Z</time>
      </trkpt>
      <trkpt lat="40.438078" lon="-79.945954">
        <ele>266.4</ele>
        <time>2026-10-03T21:51:49.984Z</time>
      </trkpt>
      <trkpt lat="40.438064" lon="-79.945988">
        <ele>266.6</ele>
        <time>2026-10-03T21:51:50.984Z</time>
      </trkpt>
      <trkpt lat="40.438053" lon="-79.946017">
        <ele>266.8</ele>
        <time>2026-10-03T21:51:51.984Z</time>
      </trkpt>
      <trkpt lat="40.438047" lon="-79.946037">
        <ele>266.9</ele>
        <time>2026-10-03T21:51:52.984Z</time>
      </trkpt>
      <trkpt lat="40.438041" lon="-79.946063">
        <ele>267.1</ele>
        <time>2026-10-03T21:51:53.984Z</time>
      </trkpt>
      <trkpt lat="40.438025" lon="-79.946085">
        <ele>267.3</ele>
        <time>2026-10-03T21:51:54.984Z</time>
      </trkpt>
      <trkpt lat="40.438006" lon="-79.946074">
        <ele>266.5</ele>
        <time>2026-10-03T21:51:55.984Z</time>
      </trkpt>
      <trkpt lat="40.437997" lon="-79.946052">
        <ele>266</ele>
        <time>2026-10-03T21:51:56.984Z</time>
      </trkpt>
      <trkpt lat="40.438009" lon="-79.946026">
        <ele>265.5</ele>
        <time>2026-10-03T21:51:57.984Z</time>
      </trkpt>
      <trkpt lat="40.438015" lon="-79.946012">
        <ele>265.1</ele>
        <time>2026-10-03T21:51:58.984Z</time>
      </trkpt>
      <trkpt lat="40.438015" lon="-79.946">
        <ele>264.9</ele>
        <time>2026-10-03T21:51:59.984Z</time>
      </trkpt>
      <trkpt lat="40.438019" lon="-79.945987">
        <ele>264.6</ele>
        <time>2026-10-03T21:52:00.984Z</time>
      </trkpt>
      <trkpt lat="40.438022" lon="-79.94597">
        <ele>264.3</ele>
        <time>2026-10-03T21:52:01.984Z</time>
      </trkpt>
      <trkpt lat="40.438017" lon="-79.945935">
        <ele>263.6</ele>
        <time>2026-10-03T21:52:02.984Z</time>
      </trkpt>
      <trkpt lat="40.438018" lon="-79.945907">
        <ele>263.1</ele>
        <time>2026-10-03T21:52:03.984Z</time>
      </trkpt>
      <trkpt lat="40.43802" lon="-79.945879">
        <ele>262.6</ele>
        <time>2026-10-03T21:52:04.984Z</time>
      </trkpt>
      <trkpt lat="40.438023" lon="-79.945855">
        <ele>262.1</ele>
        <time>2026-10-03T21:52:05.984Z</time>
      </trkpt>
      <trkpt lat="40.438025" lon="-79.945836">
        <ele>261.8</ele>
        <time>2026-10-03T21:52:06.984Z</time>
      </trkpt>
      <trkpt lat="40.438036" lon="-79.945809">
        <ele>261.3</ele>
        <time>2026-10-03T21:52:07.984Z</time>
      </trkpt>
      <trkpt lat="40.43804" lon="-79.94579">
        <ele>260.9</ele>
        <time>2026-10-03T21:52:08.984Z</time>
      </trkpt>
      <trkpt lat="40.438037" lon="-79.945763">
        <ele>260.5</ele>
        <time>2026-10-03T21:52:09.984Z</time>
      </trkpt>
      <trkpt lat="40.438044" lon="-79.945738">
        <ele>260</ele>
        <time>2026-10-03T21:52:10.984Z</time>
      </trkpt>
      <trkpt lat="40.438046" lon="-79.945732">
        <ele>259.9</ele>
        <time>2026-10-03T21:52:11.984Z</time>
      </trkpt>
      <trkpt lat="40.438066" lon="-79.94571">
        <ele>259.3</ele>
        <time>2026-10-03T21:52:12.984Z</time>
      </trkpt>
      <trkpt lat="40.438053" lon="-79.945677">
        <ele>259.1</ele>
        <time>2026-10-03T21:52:13.984Z</time>
      </trkpt>
      <trkpt lat="40.438026" lon="-79.94565">
        <ele>259</ele>
        <time>2026-10-03T21:52:14.984Z</time>
      </trkpt>
      <trkpt lat="40.437999" lon="-79.945632">
        <ele>258.9</ele>
        <time>2026-10-03T21:52:15.984Z</time>
      </trkpt>
      <trkpt lat="40.437944" lon="-79.945657">
        <ele>258.5</ele>
        <time>2026-10-03T21:52:16.984Z</time>
      </trkpt>
      <trkpt lat="40.437905" lon="-79.945687">
        <ele>258.2</ele>
        <time>2026-10-03T21:52:17.984Z</time>
      </trkpt>
      <trkpt lat="40.437881" lon="-79.945733">
        <ele>257.8</ele>
        <time>2026-10-03T21:52:18.984Z</time>
      </trkpt>
      <trkpt lat="40.437869" lon="-79.945765">
        <ele>257.6</ele>
        <time>2026-10-03T21:52:19.984Z</time>
      </trkpt>
      <trkpt lat="40.437859" lon="-79.945802">
        <ele>257.4</ele>
        <time>2026-10-03T21:52:20.984Z</time>
      </trkpt>
      <trkpt lat="40.437831" lon="-79.945834">
        <ele>257.2</ele>
        <time>2026-10-03T21:52:21.984Z</time>
      </trkpt>
      <trkpt lat="40.43781" lon="-79.945861">
        <ele>257</ele>
        <time>2026-10-03T21:52:22.984Z</time>
      </trkpt>
      <trkpt lat="40.437792" lon="-79.94588">
        <ele>256.8</ele>
        <time>2026-10-03T21:52:23.984Z</time>
      </trkpt>
      <trkpt lat="40.437784" lon="-79.945919">
        <ele>256.6</ele>
        <time>2026-10-03T21:52:24.984Z</time>
      </trkpt>
      <trkpt lat="40.437772" lon="-79.945941">
        <ele>256.5</ele>
        <time>2026-10-03T21:52:25.984Z</time>
      </trkpt>
      <trkpt lat="40.437757" lon="-79.945969">
        <ele>256.3</ele>
        <time>2026-10-03T21:52:26.984Z</time>
      </trkpt>
      <trkpt lat="40.437753" lon="-79.946005">
        <ele>256.1</ele>
        <time>2026-10-03T21:52:27.984Z</time>
      </trkpt>
      <trkpt lat="40.43774" lon="-79.94605">
        <ele>255.9</ele>
        <time>2026-10-03T21:52:28.984Z</time>
      </trkpt>
      <trkpt lat="40.43773" lon="-79.946086">
        <ele>255.7</ele>
        <time>2026-10-03T21:52:29.984Z</time>
      </trkpt>
      <trkpt lat="40.437722" lon="-79.946117">
        <ele>255.6</ele>
        <time>2026-10-03T21:52:30.984Z</time>
      </trkpt>
      <trkpt lat="40.4377" lon="-79.946123">
        <ele>255.5</ele>
        <time>2026-10-03T21:52:31.984Z</time>
      </trkpt>
      <trkpt lat="40.437682" lon="-79.946138">
        <ele>255.4</ele>
        <time>2026-10-03T21:52:32.984Z</time>
      </trkpt>
      <trkpt lat="40.437677" lon="-79.946134">
        <ele>255.4</ele>
        <time>2026-10-03T21:52:33.984Z</time>
      </trkpt>
      <trkpt lat="40.437661" lon="-79.946148">
        <ele>255.3</ele>
        <time>2026-10-03T21:52:34.984Z</time>
      </trkpt>
      <trkpt lat="40.437627" lon="-79.946163">
        <ele>255.1</ele>
        <time>2026-10-03T21:52:35.984Z</time>
      </trkpt>
      <trkpt lat="40.437586" lon="-79.946181">
        <ele>254.9</ele>
        <time>2026-10-03T21:52:36.984Z</time>
      </trkpt>
      <trkpt lat="40.43756" lon="-79.946164">
        <ele>254.7</ele>
        <time>2026-10-03T21:52:37.984Z</time>
      </trkpt>
      <trkpt lat="40.437536" lon="-79.946178">
        <ele>254.6</ele>
        <time>2026-10-03T21:52:38.984Z</time>
      </trkpt>
      <trkpt lat="40.437511" lon="-79.946201">
        <ele>254.5</ele>
        <time>2026-10-03T21:52:39.984Z</time>
      </trkpt>
      <trkpt lat="40.437482" lon="-79.946221">
        <ele>254.4</ele>
        <time>2026-10-03T21:52:40.984Z</time>
      </trkpt>
      <trkpt lat="40.437458" lon="-79.946214">
        <ele>254.3</ele>
        <time>2026-10-03T21:52:41.984Z</time>
      </trkpt>
      <trkpt lat="40.43741" lon="-79.946234">
        <ele>254</ele>
        <time>2026-10-03T21:52:42.984Z</time>
      </trkpt>
      <trkpt lat="40.437388" lon="-79.946228">
        <ele>253.9</ele>
        <time>2026-10-03T21:52:43.984Z</time>
      </trkpt>
      <trkpt lat="40.437367" lon="-79.946212">
        <ele>253.8</ele>
        <time>2026-10-03T21:52:44.984Z</time>
      </trkpt>
      <trkpt lat="40.437344" lon="-79.946232">
        <ele>253.7</ele>
        <time>2026-10-03T21:52:45.984Z</time>
      </trkpt>
      <trkpt lat="40.437326" lon="-79.946235">
        <ele>253.7</ele>
        <time>2026-10-03T21:52:46.984Z</time>
      </trkpt>
      <trkpt lat="40.437297" lon="-79.946237">
        <ele>253.5</ele>
        <time>2026-10-03T21:52:47.984Z</time>
      </trkpt>
      <trkpt lat="40.437255" lon="-79.946269">
        <ele>253.4</ele>
        <time>2026-10-03T21:52:48.984Z</time>
      </trkpt>
      <trkpt lat="40.437224" lon="-79.946251">
        <ele>253.2</ele>
        <time>2026-10-03T21:52:49.984Z</time>
      </trkpt>
      <trkpt lat="40.437221" lon="-79.946289">
        <ele>253.1</ele>
        <time>2026-10-03T21:52:50.984Z</time>
      </trkpt>
      <trkpt lat="40.43721" lon="-79.946326">
        <ele>253</ele>
        <time>2026-10-03T21:52:51.984Z</time>
      </trkpt>
      <trkpt lat="40.437198" lon="-79.946366">
        <ele>253</ele>
        <time>2026-10-03T21:52:52.984Z</time>
      </trkpt>
      <trkpt lat="40.4372" lon="-79.946411">
        <ele>252.9</ele>
        <time>2026-10-03T21:52:53.984Z</time>
      </trkpt>
      <trkpt lat="40.437198" lon="-79.946436">
        <ele>252.9</ele>
        <time>2026-10-03T21:52:54.984Z</time>
      </trkpt>
      <trkpt lat="40.437164" lon="-79.946468">
        <ele>252.7</ele>
        <time>2026-10-03T21:52:55.984Z</time>
      </trkpt>
      <trkpt lat="40.437168" lon="-79.946496">
        <ele>252.7</ele>
        <time>2026-10-03T21:52:56.984Z</time>
      </trkpt>
      <trkpt lat="40.43715" lon="-79.946507">
        <ele>252.6</ele>
        <time>2026-10-03T21:52:57.984Z</time>
      </trkpt>
      <trkpt lat="40.437121" lon="-79.946493">
        <ele>252.5</ele>
        <time>2026-10-03T21:52:58.984Z</time>
      </trkpt>
      <trkpt lat="40.437104" lon="-79.946525">
        <ele>252.4</ele>
        <time>2026-10-03T21:52:59.984Z</time>
      </trkpt>
      <trkpt lat="40.4371" lon="-79.946586">
        <ele>252.2</ele>
        <time>2026-10-03T21:53:00.984Z</time>
      </trkpt>
      <trkpt lat="40.437081" lon="-79.946612">
        <ele>252.1</ele>
        <time>2026-10-03T21:53:01.984Z</time>
      </trkpt>
      <trkpt lat="40.437072" lon="-79.946652">
        <ele>252</ele>
        <time>2026-10-03T21:53:02.984Z</time>
      </trkpt>
      <trkpt lat="40.437084" lon="-79.946697">
        <ele>251.9</ele>
        <time>2026-10-03T21:53:03.984Z</time>
      </trkpt>
      <trkpt lat="40.437081" lon="-79.946734">
        <ele>251.8</ele>
        <time>2026-10-03T21:53:04.984Z</time>
      </trkpt>
      <trkpt lat="40.437071" lon="-79.946766">
        <ele>251.7</ele>
        <time>2026-10-03T21:53:05.984Z</time>
      </trkpt>
      <trkpt lat="40.437061" lon="-79.94679">
        <ele>251.7</ele>
        <time>2026-10-03T21:53:06.984Z</time>
      </trkpt>
      <trkpt lat="40.437054" lon="-79.946834">
        <ele>251.5</ele>
        <time>2026-10-03T21:53:07.984Z</time>
      </trkpt>
      <trkpt lat="40.437075" lon="-79.946877">
        <ele>251.2</ele>
        <time>2026-10-03T21:53:08.984Z</time>
      </trkpt>
      <trkpt lat="40.437089" lon="-79.946903">
        <ele>251</ele>
        <time>2026-10-03T21:53:09.984Z</time>
      </trkpt>
      <trkpt lat="40.437106" lon="-79.946932">
        <ele>250.8</ele>
        <time>2026-10-03T21:53:10.984Z</time>
      </trkpt>
      <trkpt lat="40.437126" lon="-79.946967">
        <ele>250.5</ele>
        <time>2026-10-03T21:53:11.984Z</time>
      </trkpt>
      <trkpt lat="40.437138" lon="-79.94699">
        <ele>250.4</ele>
        <time>2026-10-03T21:53:12.984Z</time>
      </trkpt>
      <trkpt lat="40.437151" lon="-79.947014">
        <ele>250.2</ele>
        <time>2026-10-03T21:53:13.984Z</time>
      </trkpt>
      <trkpt lat="40.437154" lon="-79.947039">
        <ele>250.1</ele>
        <time>2026-10-03T21:53:14.984Z</time>
      </trkpt>
      <trkpt lat="40.437157" lon="-79.947071">
        <ele>249.9</ele>
        <time>2026-10-03T21:53:15.984Z</time>
      </trkpt>
      <trkpt lat="40.437158" lon="-79.947104">
        <ele>249.7</ele>
        <time>2026-10-03T21:53:16.984Z</time>
      </trkpt>
      <trkpt lat="40.437161" lon="-79.947141">
        <ele>249.5</ele>
        <time>2026-10-03T21:53:17.984Z</time>
      </trkpt>
      <trkpt lat="40.437167" lon="-79.947181">
        <ele>249.3</ele>
        <time>2026-10-03T21:53:18.984Z</time>
      </trkpt>
      <trkpt lat="40.437171" lon="-79.947211">
        <ele>249.2</ele>
        <time>2026-10-03T21:53:19.984Z</time>
      </trkpt>
      <trkpt lat="40.437169" lon="-79.947238">
        <ele>249.1</ele>
        <time>2026-10-03T21:53:20.984Z</time>
      </trkpt>
      <trkpt lat="40.437173" lon="-79.947277">
        <ele>249</ele>
        <time>2026-10-03T21:53:21.984Z</time>
      </trkpt>
      <trkpt lat="40.437188" lon="-79.947311">
        <ele>248.9</ele>
        <time>2026-10-03T21:53:22.984Z</time>
      </trkpt>
      <trkpt lat="40.437185" lon="-79.947341">
        <ele>248.8</ele>
        <time>2026-10-03T21:53:23.984Z</time>
      </trkpt>
      <trkpt lat="40.437181" lon="-79.947369">
        <ele>248.7</ele>
        <time>2026-10-03T21:53:24.984Z</time>
      </trkpt>
      <trkpt lat="40.437188" lon="-79.947407">
        <ele>248.6</ele>
        <time>2026-10-03T21:53:25.984Z</time>
      </trkpt>
      <trkpt lat="40.437175" lon="-79.947443">
        <ele>248.5</ele>
        <time>2026-10-03T21:53:26.984Z</time>
      </trkpt>
      <trkpt lat="40.437175" lon="-79.947472">
        <ele>248.4</ele>
        <time>2026-10-03T21:53:27.984Z</time>
      </trkpt>
      <trkpt lat="40.437172" lon="-79.947497">
        <ele>248.3</ele>
        <time>2026-10-03T21:53:28.984Z</time>
      </trkpt>
      <trkpt lat="40.437175" lon="-79.947538">
        <ele>248.2</ele>
        <time>2026-10-03T21:53:29.984Z</time>
      </trkpt>
      <trkpt lat="40.437164" lon="-79.947575">
        <ele>248.2</ele>
        <time>2026-10-03T21:53:30.984Z</time>
      </trkpt>
      <trkpt lat="40.437154" lon="-79.947615">
        <ele>248.1</ele>
        <time>2026-10-03T21:53:31.984Z</time>
      </trkpt>
      <trkpt lat="40.437152" lon="-79.947644">
        <ele>248</ele>
        <time>2026-10-03T21:53:32.984Z</time>
      </trkpt>
      <trkpt lat="40.437155" lon="-79.947666">
        <ele>247.9</ele>
        <time>2026-10-03T21:53:33.984Z</time>
      </trkpt>
      <trkpt lat="40.437153" lon="-79.947692">
        <ele>247.9</ele>
        <time>2026-10-03T21:53:34.984Z</time>
      </trkpt>
      <trkpt lat="40.437149" lon="-79.947721">
        <ele>247.8</ele>
        <time>2026-10-03T21:53:35.984Z</time>
      </trkpt>
      <trkpt lat="40.437143" lon="-79.94775">
        <ele>247.8</ele>
        <time>2026-10-03T21:53:36.984Z</time>
      </trkpt>
      <trkpt lat="40.437151" lon="-79.947783">
        <ele>247.7</ele>
        <time>2026-10-03T21:53:37.984Z</time>
      </trkpt>
      <trkpt lat="40.437145" lon="-79.947804">
        <ele>247.7</ele>
        <time>2026-10-03T21:53:38.984Z</time>
      </trkpt>
      <trkpt lat="40.437136" lon="-79.947825">
        <ele>247.6</ele>
        <time>2026-10-03T21:53:39.984Z</time>
      </trkpt>
      <trkpt lat="40.437132" lon="-79.947866">
        <ele>247.5</ele>
        <time>2026-10-03T21:53:40.984Z</time>
      </trkpt>
      <trkpt lat="40.437127" lon="-79.9479">
        <ele>247.5</ele>
        <time>2026-10-03T21:53:41.984Z</time>
      </trkpt>
      <trkpt lat="40.437127" lon="-79.947921">
        <ele>247.4</ele>
        <time>2026-10-03T21:53:42.984Z</time>
      </trkpt>
      <trkpt lat="40.437116" lon="-79.947953">
        <ele>247.4</ele>
        <time>2026-10-03T21:53:43.984Z</time>
      </trkpt>
      <trkpt lat="40.437102" lon="-79.94801">
        <ele>247.3</ele>
        <time>2026-10-03T21:53:44.984Z</time>
      </trkpt>
      <trkpt lat="40.43711" lon="-79.948037">
        <ele>247.2</ele>
        <time>2026-10-03T21:53:45.984Z</time>
      </trkpt>
      <trkpt lat="40.437128" lon="-79.948067">
        <ele>247.2</ele>
        <time>2026-10-03T21:53:46.984Z</time>
      </trkpt>
      <trkpt lat="40.43713" lon="-79.948091">
        <ele>247.2</ele>
        <time>2026-10-03T21:53:47.984Z</time>
      </trkpt>
      <trkpt lat="40.437128" lon="-79.948124">
        <ele>247.2</ele>
        <time>2026-10-03T21:53:48.984Z</time>
      </trkpt>
      <trkpt lat="40.437126" lon="-79.948152">
        <ele>247.2</ele>
        <time>2026-10-03T21:53:49.984Z</time>
      </trkpt>
      <trkpt lat="40.437131" lon="-79.948192">
        <ele>247.2</ele>
        <time>2026-10-03T21:53:50.984Z</time>
      </trkpt>
      <trkpt lat="40.437126" lon="-79.948227">
        <ele>247.2</ele>
        <time>2026-10-03T21:53:51.984Z</time>
      </trkpt>
      <trkpt lat="40.437118" lon="-79.948257">
        <ele>247.2</ele>
        <time>2026-10-03T21:53:52.984Z</time>
      </trkpt>
      <trkpt lat="40.437118" lon="-79.948284">
        <ele>247.2</ele>
        <time>2026-10-03T21:53:53.984Z</time>
      </trkpt>
      <trkpt lat="40.437125" lon="-79.948323">
        <ele>247.2</ele>
        <time>2026-10-03T21:53:54.984Z</time>
      </trkpt>
      <trkpt lat="40.437126" lon="-79.948358">
        <ele>247.2</ele>
        <time>2026-10-03T21:53:55.984Z</time>
      </trkpt>
      <trkpt lat="40.437127" lon="-79.948385">
        <ele>247.2</ele>
        <time>2026-10-03T21:53:56.984Z</time>
      </trkpt>
      <trkpt lat="40.437141" lon="-79.948402">
        <ele>247.2</ele>
        <time>2026-10-03T21:53:57.984Z</time>
      </trkpt>
      <trkpt lat="40.437144" lon="-79.94843">
        <ele>247.2</ele>
        <time>2026-10-03T21:53:58.984Z</time>
      </trkpt>
      <trkpt lat="40.437142" lon="-79.948459">
        <ele>247.2</ele>
        <time>2026-10-03T21:53:59.984Z</time>
      </trkpt>
      <trkpt lat="40.437149" lon="-79.948487">
        <ele>247.2</ele>
        <time>2026-10-03T21:54:00.984Z</time>
      </trkpt>
      <trkpt lat="40.437159" lon="-79.948497">
        <ele>247.2</ele>
        <time>2026-10-03T21:54:01.984Z</time>
      </trkpt>
      <trkpt lat="40.437165" lon="-79.948516">
        <ele>247.2</ele>
        <time>2026-10-03T21:54:02.984Z</time>
      </trkpt>
      <trkpt lat="40.437173" lon="-79.948537">
        <ele>247.2</ele>
        <time>2026-10-03T21:54:03.984Z</time>
      </trkpt>
      <trkpt lat="40.437181" lon="-79.948553">
        <ele>247.2</ele>
        <time>2026-10-03T21:54:04.984Z</time>
      </trkpt>
      <trkpt lat="40.437185" lon="-79.948571">
        <ele>247.2</ele>
        <time>2026-10-03T21:54:05.984Z</time>
      </trkpt>
      <trkpt lat="40.437187" lon="-79.948595">
        <ele>247.2</ele>
        <time>2026-10-03T21:54:06.984Z</time>
      </trkpt>
      <trkpt lat="40.437193" lon="-79.948611">
        <ele>247.2</ele>
        <time>2026-10-03T21:54:07.984Z</time>
      </trkpt>
      <trkpt lat="40.437199" lon="-79.948625">
        <ele>247.2</ele>
        <time>2026-10-03T21:54:08.984Z</time>
      </trkpt>
      <trkpt lat="40.437206" lon="-79.948644">
        <ele>247.2</ele>
        <time>2026-10-03T21:54:09.984Z</time>
      </trkpt>
      <trkpt lat="40.437206" lon="-79.948658">
        <ele>247.2</ele>
        <time>2026-10-03T21:54:10.984Z</time>
      </trkpt>
      <trkpt lat="40.437208" lon="-79.948671">
        <ele>247.2</ele>
        <time>2026-10-03T21:54:11.984Z</time>
      </trkpt>
      <trkpt lat="40.437214" lon="-79.94869">
        <ele>247.2</ele>
        <time>2026-10-03T21:54:12.984Z</time>
      </trkpt>
      <trkpt lat="40.437219" lon="-79.9487">
        <ele>247.2</ele>
        <time>2026-10-03T21:54:13.984Z</time>
      </trkpt>
      <trkpt lat="40.437229" lon="-79.948715">
        <ele>247.2</ele>
        <time>2026-10-03T21:54:14.984Z</time>
      </trkpt>
      <trkpt lat="40.437234" lon="-79.948732">
        <ele>247.2</ele>
        <time>2026-10-03T21:54:15.984Z</time>
      </trkpt>
      <trkpt lat="40.437238" lon="-79.948743">
        <ele>247.2</ele>
        <time>2026-10-03T21:54:16.984Z</time>
      </trkpt>
      <trkpt lat="40.43725" lon="-79.948763">
        <ele>247.2</ele>
        <time>2026-10-03T21:54:17.984Z</time>
      </trkpt>
      <trkpt lat="40.437251" lon="-79.948775">
        <ele>247.2</ele>
        <time>2026-10-03T21:54:18.984Z</time>
      </trkpt>
      <trkpt lat="40.437264" lon="-79.948793">
        <ele>247.2</ele>
        <time>2026-10-03T21:54:19.984Z</time>
      </trkpt>
      <trkpt lat="40.437269" lon="-79.9488">
        <ele>247.2</ele>
        <time>2026-10-03T21:54:20.984Z</time>
      </trkpt>
      <trkpt lat="40.437279" lon="-79.948826">
        <ele>247.2</ele>
        <time>2026-10-03T21:54:21.984Z</time>
      </trkpt>
      <trkpt lat="40.437283" lon="-79.948839">
        <ele>247.2</ele>
        <time>2026-10-03T21:54:22.984Z</time>
      </trkpt>
      <trkpt lat="40.437286" lon="-79.948862">
        <ele>247.2</ele>
        <time>2026-10-03T21:54:23.984Z</time>
      </trkpt>
      <trkpt lat="40.437288" lon="-79.948879">
        <ele>247.2</ele>
        <time>2026-10-03T21:54:24.984Z</time>
      </trkpt>
      <trkpt lat="40.437288" lon="-79.948902">
        <ele>247.2</ele>
        <time>2026-10-03T21:54:25.984Z</time>
      </trkpt>
      <trkpt lat="40.437285" lon="-79.948921">
        <ele>247.2</ele>
        <time>2026-10-03T21:54:26.984Z</time>
      </trkpt>
      <trkpt lat="40.43729" lon="-79.948941">
        <ele>247.2</ele>
        <time>2026-10-03T21:54:27.984Z</time>
      </trkpt>
      <trkpt lat="40.437287" lon="-79.948964">
        <ele>247.2</ele>
        <time>2026-10-03T21:54:28.984Z</time>
      </trkpt>
      <trkpt lat="40.437279" lon="-79.948984">
        <ele>247.2</ele>
        <time>2026-10-03T21:54:29.984Z</time>
      </trkpt>
      <trkpt lat="40.43727" lon="-79.949002">
        <ele>247.2</ele>
        <time>2026-10-03T21:54:30.984Z</time>
      </trkpt>
      <trkpt lat="40.437262" lon="-79.949015">
        <ele>247.2</ele>
        <time>2026-10-03T21:54:31.984Z</time>
      </trkpt>
      <trkpt lat="40.437253" lon="-79.94903">
        <ele>247.2</ele>
        <time>2026-10-03T21:54:32.984Z</time>
      </trkpt>
      <trkpt lat="40.437243" lon="-79.949044">
        <ele>247.2</ele>
        <time>2026-10-03T21:54:33.984Z</time>
      </trkpt>
      <trkpt lat="40.437233" lon="-79.949062">
        <ele>247.2</ele>
        <time>2026-10-03T21:54:34.984Z</time>
      </trkpt>
      <trkpt lat="40.437227" lon="-79.949077">
        <ele>247.2</ele>
        <time>2026-10-03T21:54:35.984Z</time>
      </trkpt>
      <trkpt lat="40.437215" lon="-79.949092">
        <ele>247.2</ele>
        <time>2026-10-03T21:54:36.984Z</time>
      </trkpt>
      <trkpt lat="40.437203" lon="-79.949104">
        <ele>247.2</ele>
        <time>2026-10-03T21:54:37.984Z</time>
      </trkpt>
      <trkpt lat="40.437193" lon="-79.949113">
        <ele>247.2</ele>
        <time>2026-10-03T21:54:38.984Z</time>
      </trkpt>
      <trkpt lat="40.43718" lon="-79.949126">
        <ele>247.2</ele>
        <time>2026-10-03T21:54:39.984Z</time>
      </trkpt>
      <trkpt lat="40.437169" lon="-79.949134">
        <ele>247.2</ele>
        <time>2026-10-03T21:54:40.984Z</time>
      </trkpt>
      <trkpt lat="40.437153" lon="-79.94914">
        <ele>247.2</ele>
        <time>2026-10-03T21:54:41.984Z</time>
      </trkpt>
      <trkpt lat="40.437138" lon="-79.949144">
        <ele>247.2</ele>
        <time>2026-10-03T21:54:42.984Z</time>
      </trkpt>
      <trkpt lat="40.437123" lon="-79.949149">
        <ele>247.2</ele>
        <time>2026-10-03T21:54:43.984Z</time>
      </trkpt>
      <trkpt lat="40.437107" lon="-79.949154">
        <ele>247.2</ele>
        <time>2026-10-03T21:54:44.984Z</time>
      </trkpt>
      <trkpt lat="40.437092" lon="-79.949153">
        <ele>247.2</ele>
        <time>2026-10-03T21:54:45.984Z</time>
      </trkpt>
      <trkpt lat="40.437074" lon="-79.949145">
        <ele>247.2</ele>
        <time>2026-10-03T21:54:46.984Z</time>
      </trkpt>
      <trkpt lat="40.437055" lon="-79.949142">
        <ele>247.2</ele>
        <time>2026-10-03T21:54:47.984Z</time>
      </trkpt>
      <trkpt lat="40.437031" lon="-79.949142">
        <ele>247.2</ele>
        <time>2026-10-03T21:54:48.984Z</time>
      </trkpt>
      <trkpt lat="40.437009" lon="-79.949129">
        <ele>247.2</ele>
        <time>2026-10-03T21:54:49.984Z</time>
      </trkpt>
      <trkpt lat="40.43699" lon="-79.949117">
        <ele>247.2</ele>
        <time>2026-10-03T21:54:50.984Z</time>
      </trkpt>
      <trkpt lat="40.436953" lon="-79.949131">
        <ele>247.2</ele>
        <time>2026-10-03T21:54:51.984Z</time>
      </trkpt>
      <trkpt lat="40.436935" lon="-79.949129">
        <ele>247.2</ele>
        <time>2026-10-03T21:54:52.984Z</time>
      </trkpt>
      <trkpt lat="40.436911" lon="-79.949126">
        <ele>247.2</ele>
        <time>2026-10-03T21:54:53.984Z</time>
      </trkpt>
      <trkpt lat="40.436887" lon="-79.949128">
        <ele>247.2</ele>
        <time>2026-10-03T21:54:54.984Z</time>
      </trkpt>
      <trkpt lat="40.436862" lon="-79.949131">
        <ele>247.2</ele>
        <time>2026-10-03T21:54:55.984Z</time>
      </trkpt>
      <trkpt lat="40.436839" lon="-79.949132">
        <ele>247.2</ele>
        <time>2026-10-03T21:54:56.984Z</time>
      </trkpt>
      <trkpt lat="40.436796" lon="-79.949136">
        <ele>247.3</ele>
        <time>2026-10-03T21:54:57.984Z</time>
      </trkpt>
      <trkpt lat="40.436757" lon="-79.949145">
        <ele>247.3</ele>
        <time>2026-10-03T21:54:58.984Z</time>
      </trkpt>
      <trkpt lat="40.43673" lon="-79.949159">
        <ele>247.3</ele>
        <time>2026-10-03T21:54:59.984Z</time>
      </trkpt>
      <trkpt lat="40.436707" lon="-79.949164">
        <ele>247.3</ele>
        <time>2026-10-03T21:55:00.984Z</time>
      </trkpt>
      <trkpt lat="40.436676" lon="-79.949165">
        <ele>247.4</ele>
        <time>2026-10-03T21:55:01.984Z</time>
      </trkpt>
      <trkpt lat="40.436648" lon="-79.949168">
        <ele>247.4</ele>
        <time>2026-10-03T21:55:02.984Z</time>
      </trkpt>
      <trkpt lat="40.43662" lon="-79.949172">
        <ele>247.4</ele>
        <time>2026-10-03T21:55:03.984Z</time>
      </trkpt>
      <trkpt lat="40.436592" lon="-79.949174">
        <ele>247.4</ele>
        <time>2026-10-03T21:55:04.984Z</time>
      </trkpt>
      <trkpt lat="40.436564" lon="-79.949174">
        <ele>247.4</ele>
        <time>2026-10-03T21:55:05.984Z</time>
      </trkpt>
      <trkpt lat="40.436538" lon="-79.949181">
        <ele>247.4</ele>
        <time>2026-10-03T21:55:06.984Z</time>
      </trkpt>
      <trkpt lat="40.436514" lon="-79.949194">
        <ele>247.9</ele>
        <time>2026-10-03T21:55:07.984Z</time>
      </trkpt>
      <trkpt lat="40.436495" lon="-79.949216">
        <ele>247.9</ele>
        <time>2026-10-03T21:55:08.984Z</time>
      </trkpt>
      <trkpt lat="40.43648" lon="-79.949237">
        <ele>248</ele>
        <time>2026-10-03T21:55:09.984Z</time>
      </trkpt>
      <trkpt lat="40.436463" lon="-79.949262">
        <ele>247.9</ele>
        <time>2026-10-03T21:55:10.984Z</time>
      </trkpt>
      <trkpt lat="40.436446" lon="-79.949278">
        <ele>247.9</ele>
        <time>2026-10-03T21:55:11.984Z</time>
      </trkpt>
      <trkpt lat="40.436423" lon="-79.949289">
        <ele>247.7</ele>
        <time>2026-10-03T21:55:12.984Z</time>
      </trkpt>
      <trkpt lat="40.436402" lon="-79.949305">
        <ele>247.6</ele>
        <time>2026-10-03T21:55:13.984Z</time>
      </trkpt>
      <trkpt lat="40.43638" lon="-79.94932">
        <ele>247.5</ele>
        <time>2026-10-03T21:55:14.984Z</time>
      </trkpt>
      <trkpt lat="40.436364" lon="-79.949342">
        <ele>247.5</ele>
        <time>2026-10-03T21:55:15.984Z</time>
      </trkpt>
      <trkpt lat="40.436354" lon="-79.949368">
        <ele>247.7</ele>
        <time>2026-10-03T21:55:16.984Z</time>
      </trkpt>
      <trkpt lat="40.436351" lon="-79.949399">
        <ele>247.6</ele>
        <time>2026-10-03T21:55:17.984Z</time>
      </trkpt>
      <trkpt lat="40.436353" lon="-79.94944">
        <ele>247.6</ele>
        <time>2026-10-03T21:55:18.984Z</time>
      </trkpt>
      <trkpt lat="40.436344" lon="-79.949464">
        <ele>247</ele>
        <time>2026-10-03T21:55:19.984Z</time>
      </trkpt>
      <trkpt lat="40.436345" lon="-79.949498">
        <ele>246.9</ele>
        <time>2026-10-03T21:55:20.984Z</time>
      </trkpt>
      <trkpt lat="40.436335" lon="-79.949529">
        <ele>247</ele>
        <time>2026-10-03T21:55:21.984Z</time>
      </trkpt>
      <trkpt lat="40.436319" lon="-79.949556">
        <ele>246.9</ele>
        <time>2026-10-03T21:55:22.984Z</time>
      </trkpt>
      <trkpt lat="40.436308" lon="-79.949574">
        <ele>246.6</ele>
        <time>2026-10-03T21:55:23.984Z</time>
      </trkpt>
      <trkpt lat="40.436306" lon="-79.949595">
        <ele>246.5</ele>
        <time>2026-10-03T21:55:24.984Z</time>
      </trkpt>
      <trkpt lat="40.436296" lon="-79.949608">
        <ele>246.5</ele>
        <time>2026-10-03T21:55:25.984Z</time>
      </trkpt>
      <trkpt lat="40.436281" lon="-79.949625">
        <ele>246</ele>
        <time>2026-10-03T21:55:26.984Z</time>
      </trkpt>
      <trkpt lat="40.436262" lon="-79.949654">
        <ele>245.9</ele>
        <time>2026-10-03T21:55:27.984Z</time>
      </trkpt>
      <trkpt lat="40.436249" lon="-79.94968">
        <ele>245.5</ele>
        <time>2026-10-03T21:55:28.984Z</time>
      </trkpt>
      <trkpt lat="40.436238" lon="-79.949713">
        <ele>245.2</ele>
        <time>2026-10-03T21:55:29.984Z</time>
      </trkpt>
      <trkpt lat="40.436216" lon="-79.94973">
        <ele>245.1</ele>
        <time>2026-10-03T21:55:30.984Z</time>
      </trkpt>
      <trkpt lat="40.436204" lon="-79.949763">
        <ele>244.9</ele>
        <time>2026-10-03T21:55:31.984Z</time>
      </trkpt>
      <trkpt lat="40.436186" lon="-79.949769">
        <ele>244.8</ele>
        <time>2026-10-03T21:55:32.984Z</time>
      </trkpt>
      <trkpt lat="40.436191" lon="-79.949805">
        <ele>244.8</ele>
        <time>2026-10-03T21:55:33.984Z</time>
      </trkpt>
      <trkpt lat="40.436213" lon="-79.949819">
        <ele>244.8</ele>
        <time>2026-10-03T21:55:34.984Z</time>
      </trkpt>
      <trkpt lat="40.436231" lon="-79.949838">
        <ele>244.3</ele>
        <time>2026-10-03T21:55:35.984Z</time>
      </trkpt>
      <trkpt lat="40.436236" lon="-79.949855">
        <ele>244.3</ele>
        <time>2026-10-03T21:55:36.984Z</time>
      </trkpt>
      <trkpt lat="40.436238" lon="-79.949878">
        <ele>242.6</ele>
        <time>2026-10-03T21:55:37.984Z</time>
      </trkpt>
      <trkpt lat="40.436223" lon="-79.949906">
        <ele>242.5</ele>
        <time>2026-10-03T21:55:38.984Z</time>
      </trkpt>
      <trkpt lat="40.436213" lon="-79.949923">
        <ele>241</ele>
        <time>2026-10-03T21:55:39.984Z</time>
      </trkpt>
      <trkpt lat="40.436218" lon="-79.949963">
        <ele>240.5</ele>
        <time>2026-10-03T21:55:40.984Z</time>
      </trkpt>
      <trkpt lat="40.436236" lon="-79.950005">
        <ele>240</ele>
        <time>2026-10-03T21:55:41.984Z</time>
      </trkpt>
      <trkpt lat="40.436257" lon="-79.950029">
        <ele>239.9</ele>
        <time>2026-10-03T21:55:42.984Z</time>
      </trkpt>
      <trkpt lat="40.436284" lon="-79.950013">
        <ele>239.9</ele>
        <time>2026-10-03T21:55:43.984Z</time>
      </trkpt>
      <trkpt lat="40.436299" lon="-79.950007">
        <ele>239.9</ele>
        <time>2026-10-03T21:55:44.984Z</time>
      </trkpt>
      <trkpt lat="40.436315" lon="-79.950003">
        <ele>239.9</ele>
        <time>2026-10-03T21:55:45.984Z</time>
      </trkpt>
      <trkpt lat="40.436347" lon="-79.950003">
        <ele>239.9</ele>
        <time>2026-10-03T21:55:46.984Z</time>
      </trkpt>
      <trkpt lat="40.436363" lon="-79.95001">
        <ele>239.8</ele>
        <time>2026-10-03T21:55:47.984Z</time>
      </trkpt>
      <trkpt lat="40.43639" lon="-79.950022">
        <ele>239.8</ele>
        <time>2026-10-03T21:55:48.984Z</time>
      </trkpt>
      <trkpt lat="40.436418" lon="-79.950018">
        <ele>239.8</ele>
        <time>2026-10-03T21:55:49.984Z</time>
      </trkpt>
      <trkpt lat="40.436444" lon="-79.95001">
        <ele>239.8</ele>
        <time>2026-10-03T21:55:50.984Z</time>
      </trkpt>
      <trkpt lat="40.436469" lon="-79.950018">
        <ele>239.8</ele>
        <time>2026-10-03T21:55:51.984Z</time>
      </trkpt>
      <trkpt lat="40.436489" lon="-79.950033">
        <ele>239.8</ele>
        <time>2026-10-03T21:55:52.984Z</time>
      </trkpt>
      <trkpt lat="40.436492" lon="-79.950076">
        <ele>239.8</ele>
        <time>2026-10-03T21:55:53.984Z</time>
      </trkpt>
      <trkpt lat="40.436484" lon="-79.950103">
        <ele>239.8</ele>
        <time>2026-10-03T21:55:54.984Z</time>
      </trkpt>
      <trkpt lat="40.436449" lon="-79.950111">
        <ele>239.8</ele>
        <time>2026-10-03T21:55:55.984Z</time>
      </trkpt>
      <trkpt lat="40.436413" lon="-79.950127">
        <ele>239.8</ele>
        <time>2026-10-03T21:55:56.984Z</time>
      </trkpt>
      <trkpt lat="40.436383" lon="-79.950124">
        <ele>239.7</ele>
        <time>2026-10-03T21:55:57.984Z</time>
      </trkpt>
      <trkpt lat="40.436355" lon="-79.950129">
        <ele>239.7</ele>
        <time>2026-10-03T21:55:58.984Z</time>
      </trkpt>
      <trkpt lat="40.436325" lon="-79.950137">
        <ele>239.7</ele>
        <time>2026-10-03T21:55:59.984Z</time>
      </trkpt>
      <trkpt lat="40.436298" lon="-79.950142">
        <ele>239.7</ele>
        <time>2026-10-03T21:56:00.984Z</time>
      </trkpt>
      <trkpt lat="40.436275" lon="-79.950152">
        <ele>239.7</ele>
        <time>2026-10-03T21:56:01.984Z</time>
      </trkpt>
      <trkpt lat="40.436252" lon="-79.950169">
        <ele>239.7</ele>
        <time>2026-10-03T21:56:02.984Z</time>
      </trkpt>
      <trkpt lat="40.436229" lon="-79.950182">
        <ele>239.7</ele>
        <time>2026-10-03T21:56:03.984Z</time>
      </trkpt>
      <trkpt lat="40.436204" lon="-79.950193">
        <ele>239.7</ele>
        <time>2026-10-03T21:56:04.984Z</time>
      </trkpt>
      <trkpt lat="40.436191" lon="-79.950207">
        <ele>239.7</ele>
        <time>2026-10-03T21:56:05.984Z</time>
      </trkpt>
      <trkpt lat="40.436171" lon="-79.950234">
        <ele>239.7</ele>
        <time>2026-10-03T21:56:06.984Z</time>
      </trkpt>
      <trkpt lat="40.436151" lon="-79.95026">
        <ele>239.8</ele>
        <time>2026-10-03T21:56:07.984Z</time>
      </trkpt>
      <trkpt lat="40.436135" lon="-79.950276">
        <ele>239.8</ele>
        <time>2026-10-03T21:56:08.984Z</time>
      </trkpt>
      <trkpt lat="40.436129" lon="-79.950307">
        <ele>239.9</ele>
        <time>2026-10-03T21:56:09.984Z</time>
      </trkpt>
      <trkpt lat="40.436123" lon="-79.950336">
        <ele>240</ele>
        <time>2026-10-03T21:56:10.984Z</time>
      </trkpt>
      <trkpt lat="40.43611" lon="-79.95037">
        <ele>240.1</ele>
        <time>2026-10-03T21:56:11.984Z</time>
      </trkpt>
      <trkpt lat="40.436103" lon="-79.950393">
        <ele>240.2</ele>
        <time>2026-10-03T21:56:12.984Z</time>
      </trkpt>
      <trkpt lat="40.436086" lon="-79.950424">
        <ele>240.4</ele>
        <time>2026-10-03T21:56:13.984Z</time>
      </trkpt>
      <trkpt lat="40.436086" lon="-79.950451">
        <ele>240.5</ele>
        <time>2026-10-03T21:56:14.984Z</time>
      </trkpt>
      <trkpt lat="40.436082" lon="-79.950473">
        <ele>240.7</ele>
        <time>2026-10-03T21:56:15.984Z</time>
      </trkpt>
      <trkpt lat="40.436071" lon="-79.9505">
        <ele>240.9</ele>
        <time>2026-10-03T21:56:16.984Z</time>
      </trkpt>
      <trkpt lat="40.436074" lon="-79.950526">
        <ele>241.1</ele>
        <time>2026-10-03T21:56:17.984Z</time>
      </trkpt>
      <trkpt lat="40.43607" lon="-79.950556">
        <ele>241.3</ele>
        <time>2026-10-03T21:56:18.984Z</time>
      </trkpt>
      <trkpt lat="40.436052" lon="-79.950586">
        <ele>241.6</ele>
        <time>2026-10-03T21:56:19.984Z</time>
      </trkpt>
      <trkpt lat="40.436046" lon="-79.9506">
        <ele>241.8</ele>
        <time>2026-10-03T21:56:20.984Z</time>
      </trkpt>
      <trkpt lat="40.436037" lon="-79.950624">
        <ele>242</ele>
        <time>2026-10-03T21:56:21.984Z</time>
      </trkpt>
      <trkpt lat="40.436027" lon="-79.950644">
        <ele>242.3</ele>
        <time>2026-10-03T21:56:22.984Z</time>
      </trkpt>
      <trkpt lat="40.436019" lon="-79.95067">
        <ele>242.5</ele>
        <time>2026-10-03T21:56:23.984Z</time>
      </trkpt>
      <trkpt lat="40.436002" lon="-79.950697">
        <ele>242.9</ele>
        <time>2026-10-03T21:56:24.984Z</time>
      </trkpt>
      <trkpt lat="40.436" lon="-79.950712">
        <ele>243</ele>
        <time>2026-10-03T21:56:25.984Z</time>
      </trkpt>
      <trkpt lat="40.43599" lon="-79.950725">
        <ele>243.2</ele>
        <time>2026-10-03T21:56:26.984Z</time>
      </trkpt>
      <trkpt lat="40.435979" lon="-79.950738">
        <ele>243.4</ele>
        <time>2026-10-03T21:56:27.984Z</time>
      </trkpt>
      <trkpt lat="40.435968" lon="-79.950754">
        <ele>243.6</ele>
        <time>2026-10-03T21:56:28.984Z</time>
      </trkpt>
      <trkpt lat="40.435962" lon="-79.950772">
        <ele>243.8</ele>
        <time>2026-10-03T21:56:29.984Z</time>
      </trkpt>
      <trkpt lat="40.435952" lon="-79.950786">
        <ele>243.9</ele>
        <time>2026-10-03T21:56:30.984Z</time>
      </trkpt>
      <trkpt lat="40.435949" lon="-79.9508">
        <ele>244.1</ele>
        <time>2026-10-03T21:56:31.984Z</time>
      </trkpt>
      <trkpt lat="40.435949" lon="-79.950808">
        <ele>244.2</ele>
        <time>2026-10-03T21:56:32.984Z</time>
      </trkpt>
      <trkpt lat="40.435941" lon="-79.950812">
        <ele>244.3</ele>
        <time>2026-10-03T21:56:33.984Z</time>
      </trkpt>
      <trkpt lat="40.435923" lon="-79.950809">
        <ele>244.7</ele>
        <time>2026-10-03T21:56:34.984Z</time>
      </trkpt>
      <trkpt lat="40.435909" lon="-79.950816">
        <ele>244.9</ele>
        <time>2026-10-03T21:56:35.984Z</time>
      </trkpt>
      <trkpt lat="40.435902" lon="-79.950824">
        <ele>245.1</ele>
        <time>2026-10-03T21:56:36.984Z</time>
      </trkpt>
      <trkpt lat="40.435888" lon="-79.950827">
        <ele>245.4</ele>
        <time>2026-10-03T21:56:37.984Z</time>
      </trkpt>
      <trkpt lat="40.435877" lon="-79.950827">
        <ele>245.6</ele>
        <time>2026-10-03T21:56:38.984Z</time>
      </trkpt>
      <trkpt lat="40.435862" lon="-79.950824">
        <ele>245.9</ele>
        <time>2026-10-03T21:56:39.984Z</time>
      </trkpt>
      <trkpt lat="40.435849" lon="-79.950822">
        <ele>246.1</ele>
        <time>2026-10-03T21:56:40.984Z</time>
      </trkpt>
      <trkpt lat="40.435838" lon="-79.950826">
        <ele>246.3</ele>
        <time>2026-10-03T21:56:41.984Z</time>
      </trkpt>
      <trkpt lat="40.435827" lon="-79.950825">
        <ele>246.5</ele>
        <time>2026-10-03T21:56:42.984Z</time>
      </trkpt>
      <trkpt lat="40.435816" lon="-79.950827">
        <ele>246.8</ele>
        <time>2026-10-03T21:56:43.984Z</time>
      </trkpt>
      <trkpt lat="40.435803" lon="-79.95083">
        <ele>247</ele>
        <time>2026-10-03T21:56:44.984Z</time>
      </trkpt>
      <trkpt lat="40.435792" lon="-79.950831">
        <ele>247.2</ele>
        <time>2026-10-03T21:56:45.984Z</time>
      </trkpt>
      <trkpt lat="40.43578" lon="-79.950834">
        <ele>247.5</ele>
        <time>2026-10-03T21:56:46.984Z</time>
      </trkpt>
      <trkpt lat="40.435769" lon="-79.950838">
        <ele>247.7</ele>
        <time>2026-10-03T21:56:47.984Z</time>
      </trkpt>
      <trkpt lat="40.435756" lon="-79.950843">
        <ele>248</ele>
        <time>2026-10-03T21:56:48.984Z</time>
      </trkpt>
      <trkpt lat="40.435748" lon="-79.950845">
        <ele>248.1</ele>
        <time>2026-10-03T21:56:49.984Z</time>
      </trkpt>
      <trkpt lat="40.435747" lon="-79.950844">
        <ele>248.2</ele>
        <time>2026-10-03T21:56:50.984Z</time>
      </trkpt>
      <trkpt lat="40.435733" lon="-79.950847">
        <ele>248.4</ele>
        <time>2026-10-03T21:56:51.984Z</time>
      </trkpt>
      <trkpt lat="40.43572" lon="-79.950848">
        <ele>248.7</ele>
        <time>2026-10-03T21:56:52.984Z</time>
      </trkpt>
      <trkpt lat="40.435713" lon="-79.95085">
        <ele>248.9</ele>
        <time>2026-10-03T21:56:53.984Z</time>
      </trkpt>
      <trkpt lat="40.4357" lon="-79.950855">
        <ele>249.1</ele>
        <time>2026-10-03T21:56:54.984Z</time>
      </trkpt>
      <trkpt lat="40.435684" lon="-79.950856">
        <ele>249.5</ele>
        <time>2026-10-03T21:56:55.984Z</time>
      </trkpt>
      <trkpt lat="40.435673" lon="-79.95086">
        <ele>249.7</ele>
        <time>2026-10-03T21:56:56.984Z</time>
      </trkpt>
      <trkpt lat="40.435659" lon="-79.950859">
        <ele>250</ele>
        <time>2026-10-03T21:56:57.984Z</time>
      </trkpt>
      <trkpt lat="40.435642" lon="-79.95086">
        <ele>250.3</ele>
        <time>2026-10-03T21:56:58.984Z</time>
      </trkpt>
      <trkpt lat="40.435633" lon="-79.950855">
        <ele>250.5</ele>
        <time>2026-10-03T21:56:59.984Z</time>
      </trkpt>
      <trkpt lat="40.435619" lon="-79.950862">
        <ele>250.8</ele>
        <time>2026-10-03T21:57:00.984Z</time>
      </trkpt>
      <trkpt lat="40.435608" lon="-79.95086">
        <ele>251.1</ele>
        <time>2026-10-03T21:57:01.984Z</time>
      </trkpt>
      <trkpt lat="40.435597" lon="-79.950862">
        <ele>251.3</ele>
        <time>2026-10-03T21:57:02.984Z</time>
      </trkpt>
      <trkpt lat="40.435588" lon="-79.950863">
        <ele>251.5</ele>
        <time>2026-10-03T21:57:03.984Z</time>
      </trkpt>
      <trkpt lat="40.435567" lon="-79.950868">
        <ele>251.9</ele>
        <time>2026-10-03T21:57:04.984Z</time>
      </trkpt>
      <trkpt lat="40.435557" lon="-79.950865">
        <ele>252.1</ele>
        <time>2026-10-03T21:57:05.984Z</time>
      </trkpt>
      <trkpt lat="40.435548" lon="-79.950865">
        <ele>252.3</ele>
        <time>2026-10-03T21:57:06.984Z</time>
      </trkpt>
      <trkpt lat="40.435531" lon="-79.950866">
        <ele>252.6</ele>
        <time>2026-10-03T21:57:07.984Z</time>
      </trkpt>
      <trkpt lat="40.435527" lon="-79.950864">
        <ele>252.7</ele>
        <time>2026-10-03T21:57:08.984Z</time>
      </trkpt>
      <trkpt lat="40.435515" lon="-79.950865">
        <ele>253</ele>
        <time>2026-10-03T21:57:09.984Z</time>
      </trkpt>
      <trkpt lat="40.435498" lon="-79.950863">
        <ele>253.3</ele>
        <time>2026-10-03T21:57:10.984Z</time>
      </trkpt>
      <trkpt lat="40.435488" lon="-79.950862">
        <ele>253.5</ele>
        <time>2026-10-03T21:57:11.984Z</time>
      </trkpt>
      <trkpt lat="40.43549" lon="-79.950866">
        <ele>253.6</ele>
        <time>2026-10-03T21:57:12.984Z</time>
      </trkpt>
      <trkpt lat="40.435475" lon="-79.950861">
        <ele>253.9</ele>
        <time>2026-10-03T21:57:13.984Z</time>
      </trkpt>
      <trkpt lat="40.435458" lon="-79.950859">
        <ele>254.3</ele>
        <time>2026-10-03T21:57:14.984Z</time>
      </trkpt>
      <trkpt lat="40.435448" lon="-79.950868">
        <ele>254.5</ele>
        <time>2026-10-03T21:57:15.984Z</time>
      </trkpt>
      <trkpt lat="40.435431" lon="-79.950876">
        <ele>254.9</ele>
        <time>2026-10-03T21:57:16.984Z</time>
      </trkpt>
      <trkpt lat="40.435408" lon="-79.950874">
        <ele>255.3</ele>
        <time>2026-10-03T21:57:17.984Z</time>
      </trkpt>
      <trkpt lat="40.435393" lon="-79.950881">
        <ele>255.6</ele>
        <time>2026-10-03T21:57:18.984Z</time>
      </trkpt>
      <trkpt lat="40.435379" lon="-79.950878">
        <ele>255.9</ele>
        <time>2026-10-03T21:57:19.984Z</time>
      </trkpt>
      <trkpt lat="40.435362" lon="-79.950878">
        <ele>256.3</ele>
        <time>2026-10-03T21:57:20.984Z</time>
      </trkpt>
      <trkpt lat="40.435343" lon="-79.95088">
        <ele>256.6</ele>
        <time>2026-10-03T21:57:21.984Z</time>
      </trkpt>
      <trkpt lat="40.43533" lon="-79.950878">
        <ele>256.9</ele>
        <time>2026-10-03T21:57:22.984Z</time>
      </trkpt>
      <trkpt lat="40.435307" lon="-79.950877">
        <ele>257.3</ele>
        <time>2026-10-03T21:57:24.984Z</time>
      </trkpt>
      <trkpt lat="40.43529" lon="-79.950877">
        <ele>257.6</ele>
        <time>2026-10-03T21:57:25.984Z</time>
      </trkpt>
      <trkpt lat="40.43528" lon="-79.950879">
        <ele>257.8</ele>
        <time>2026-10-03T21:57:26.984Z</time>
      </trkpt>
      <trkpt lat="40.435266" lon="-79.950877">
        <ele>258.1</ele>
        <time>2026-10-03T21:57:28.984Z</time>
      </trkpt>
      <trkpt lat="40.435251" lon="-79.950875">
        <ele>258.4</ele>
        <time>2026-10-03T21:57:29.984Z</time>
      </trkpt>
      <trkpt lat="40.435238" lon="-79.950882">
        <ele>258.6</ele>
        <time>2026-10-03T21:57:30.984Z</time>
      </trkpt>
      <trkpt lat="40.435225" lon="-79.950885">
        <ele>258.9</ele>
        <time>2026-10-03T21:57:31.984Z</time>
      </trkpt>
      <trkpt lat="40.435213" lon="-79.950887">
        <ele>259.1</ele>
        <time>2026-10-03T21:57:32.984Z</time>
      </trkpt>
      <trkpt lat="40.435184" lon="-79.950886">
        <ele>259.7</ele>
        <time>2026-10-03T21:57:33.984Z</time>
      </trkpt>
      <trkpt lat="40.435173" lon="-79.95089">
        <ele>259.9</ele>
        <time>2026-10-03T21:57:34.984Z</time>
      </trkpt>
      <trkpt lat="40.43516" lon="-79.950891">
        <ele>260.1</ele>
        <time>2026-10-03T21:57:35.984Z</time>
      </trkpt>
    </trkseg>
  </trk>
</gpx>
